CustomerID,Age,Gender,Tenure_Months,Recency_Days,Frequency,Monetary_Value,Support_Calls,Churn
CUST_00001,56,Female,27,17,4,586.75,5,0
CUST_00002,69,Female,32,170,117,6183.46,4,0
CUST_00003,46,Female,61,175,66,8232.69,5,0
CUST_00004,32,Female,25,74,33,2768.47,5,0
CUST_00005,60,Female,64,240,73,3089.8,3,0
CUST_00006,25,Female,64,96,35,3936.15,6,0
CUST_00007,38,Female,28,2,38,3417.87,8,0
CUST_00008,56,Female,40,202,95,8261.15,6,0
CUST_00009,36,Female,14,37,78,1484.87,5,0
CUST_00010,40,Male,42,91,57,3423.94,2,0
CUST_00011,28,Female,39,233,95,10847.61,5,0
CUST_00012,28,Female,2,147,33,4041.57,7,0
CUST_00013,41,Female,1,297,44,5499.95,7,1
CUST_00014,53,Male,32,253,53,1062.55,3,0
CUST_00015,57,Female,64,212,80,2957.28,4,0
CUST_00016,41,Male,31,64,20,2961.06,3,0
CUST_00017,20,Female,58,5,63,2267.07,1,0
CUST_00018,39,Female,14,146,51,2231.61,4,0
CUST_00019,19,Male,69,72,114,14062.39,0,0
CUST_00020,41,Female,16,105,14,953.6,1,0
CUST_00021,61,Male,69,330,35,1074.59,6,0
CUST_00022,47,Male,54,36,110,3507.65,4,0
CUST_00023,55,Female,13,147,113,2973.02,9,0
CUST_00024,19,Male,31,256,45,1772.56,7,0
CUST_00025,38,Male,69,228,33,2709.06,5,0
CUST_00026,50,Male,21,349,61,1039.13,7,1
CUST_00027,29,Male,30,279,93,2865.58,1,0
CUST_00028,39,Female,23,113,72,9897.24,7,0
CUST_00029,61,Female,38,11,53,7066.94,8,0
CUST_00030,42,Female,29,194,98,12491.65,7,1
CUST_00031,66,Male,32,224,115,12690.02,6,0
CUST_00032,44,Male,62,250,111,11577.9,7,0
CUST_00033,59,Male,45,249,78,4071.18,1,0
CUST_00034,45,Female,49,351,78,4697.49,5,0
CUST_00035,33,Female,33,269,50,2341.66,6,1
CUST_00036,32,Female,4,342,15,2210.14,8,1
CUST_00037,64,Female,18,291,42,4226.51,2,0
CUST_00038,68,Female,70,83,114,16573.16,5,0
CUST_00039,61,Female,64,29,20,1033.82,7,0
CUST_00040,69,Female,28,339,92,9095.42,3,0
CUST_00041,20,Male,58,80,68,7987.17,4,0
CUST_00042,54,Male,56,95,7,194.53,1,0
CUST_00043,68,Female,20,259,66,6932.62,9,1
CUST_00044,24,Female,34,122,73,2761.21,6,0
CUST_00045,38,Female,10,124,23,1363.7,7,1
CUST_00046,26,Male,22,23,36,4020.5,5,0
CUST_00047,56,Male,5,216,12,892.9,8,0
CUST_00048,35,Female,44,289,23,3205.21,2,0
CUST_00049,21,Female,9,92,95,4518.42,8,0
CUST_00050,42,Male,43,24,106,3790.61,8,0
CUST_00051,31,Female,4,107,11,665.7,8,1
CUST_00052,67,Male,42,306,1,130.01,5,1
CUST_00053,26,Male,65,52,77,9963.98,8,0
CUST_00054,43,Female,41,199,39,2529.39,6,0
CUST_00055,19,Female,64,294,93,11562.57,7,0
CUST_00056,37,Male,55,300,70,1785.1,7,1
CUST_00057,45,Male,18,345,31,496.81,7,0
CUST_00058,64,Female,16,56,9,1185.74,2,0
CUST_00059,24,Male,46,194,56,7447.98,5,0
CUST_00060,61,Female,36,45,18,618.46,6,0
CUST_00061,25,Female,66,343,59,3256.29,3,0
CUST_00062,64,Male,44,239,67,8698.64,3,0
CUST_00063,52,Female,5,232,96,2525.62,6,1
CUST_00064,31,Female,29,320,109,14335.41,1,0
CUST_00065,34,Male,4,239,3,277.75,7,1
CUST_00066,53,Male,49,136,109,11306.83,5,0
CUST_00067,67,Male,8,285,30,2859.02,8,0
CUST_00068,57,Female,52,13,64,5993.08,4,0
CUST_00069,21,Female,69,29,70,2798.83,9,0
CUST_00070,19,Male,21,178,114,5342.93,9,0
CUST_00071,23,Male,27,293,91,8490.96,0,0
CUST_00072,59,Male,38,257,2,138.38,6,1
CUST_00073,21,Female,5,108,20,1761.48,3,0
CUST_00074,46,Male,61,69,81,3985.56,9,0
CUST_00075,35,Female,8,176,97,7528.76,3,0
CUST_00076,43,Male,18,183,81,2783.13,2,0
CUST_00077,61,Female,4,242,101,2038.52,4,0
CUST_00078,51,Female,4,194,29,4158.62,5,0
CUST_00079,27,Female,37,319,9,1013.51,2,0
CUST_00080,53,Male,15,22,4,328.95,7,0
CUST_00081,31,Female,38,350,110,9832.52,1,0
CUST_00082,48,Male,27,11,40,3360.34,6,0
CUST_00083,65,Male,48,285,55,7498.66,0,0
CUST_00084,32,Female,46,362,13,1552.74,8,1
CUST_00085,25,Female,46,259,6,353.37,8,1
CUST_00086,31,Male,48,173,110,4890.07,4,0
CUST_00087,40,Male,59,205,73,1750.65,1,0
CUST_00088,57,Female,4,248,26,908.74,5,0
CUST_00089,38,Female,19,259,113,9170.88,9,1
CUST_00090,33,Male,57,330,103,4361.74,4,0
CUST_00091,62,Female,19,270,41,2344.1,3,1
CUST_00092,35,Male,42,81,111,3662.94,1,0
CUST_00093,64,Female,5,321,42,5862.36,4,1
CUST_00094,41,Female,48,188,78,1525.12,7,0
CUST_00095,43,Male,25,338,112,6999.38,1,0
CUST_00096,42,Female,67,231,61,3040.9,6,0
CUST_00097,62,Female,26,28,62,999.49,2,0
CUST_00098,58,Female,62,350,98,13755.35,5,0
CUST_00099,46,Female,7,323,68,3898.92,3,1
CUST_00100,32,Female,44,3,21,1738.95,5,0
CUST_00101,62,Male,27,237,31,2903.21,1,0
CUST_00102,18,Male,42,181,111,10813.04,9,0
CUST_00103,42,Male,56,4,43,3316.81,4,0
CUST_00104,24,Female,3,348,21,1998.51,1,0
CUST_00105,26,Female,13,72,107,12464.19,7,0
CUST_00106,41,Female,70,182,29,4162.43,8,0
CUST_00107,18,Male,59,104,55,5703.5,7,0
CUST_00108,61,Female,38,272,58,4489.26,0,0
CUST_00109,25,Female,68,287,24,1800.52,4,0
CUST_00110,41,Female,69,87,45,4987.38,3,0
CUST_00111,28,Male,1,73,80,7971.98,3,0
CUST_00112,68,Male,50,91,9,645.77,6,0
CUST_00113,34,Female,9,173,85,5129.3,9,0
CUST_00114,25,Female,53,310,66,9838.95,9,1
CUST_00115,52,Male,10,187,2,237.04,3,0
CUST_00116,52,Female,29,236,37,1587.84,0,0
CUST_00117,50,Male,36,162,37,2014.4,2,0
CUST_00118,22,Female,27,73,69,9359.71,7,0
CUST_00119,59,Female,18,225,46,4793.75,9,1
CUST_00120,56,Male,18,230,6,341.71,6,0
CUST_00121,58,Female,9,254,48,3080.08,1,0
CUST_00122,45,Male,67,162,112,7409.08,6,0
CUST_00123,24,Male,7,355,8,321.2,1,0
CUST_00124,26,Female,58,250,32,2688.25,5,0
CUST_00125,25,Male,30,199,101,11953.56,7,1
CUST_00126,29,Male,61,240,77,7018.4,2,0
CUST_00127,51,Male,17,237,67,6937.99,2,0
CUST_00128,50,Male,53,76,73,6962.53,7,0
CUST_00129,65,Male,6,342,68,1560.66,7,0
CUST_00130,40,Male,39,295,28,1130.87,9,1
CUST_00131,41,Female,25,45,40,2491.88,5,0
CUST_00132,54,Male,42,343,16,2160.75,0,0
CUST_00133,52,Female,42,179,57,3538.19,2,0
CUST_00134,61,Male,59,222,75,4437.06,9,0
CUST_00135,57,Male,38,17,55,1423.36,6,0
CUST_00136,39,Male,31,219,83,12137.15,1,0
CUST_00137,44,Female,29,84,106,12731.05,8,0
CUST_00138,52,Female,9,191,86,10182.42,8,1
CUST_00139,18,Female,1,132,39,2605.21,1,0
CUST_00140,52,Male,47,287,76,1944.07,5,0
CUST_00141,54,Female,10,94,55,2781.64,1,0
CUST_00142,64,Male,16,95,30,3904.24,0,0
CUST_00143,31,Male,47,184,104,4091.38,9,0
CUST_00144,20,Female,43,132,42,5700.4,8,0
CUST_00145,18,Male,24,82,5,436.63,4,0
CUST_00146,22,Female,8,340,101,11257.71,0,0
CUST_00147,43,Male,26,296,45,3430.87,6,0
CUST_00148,31,Female,7,360,64,9015.15,2,1
CUST_00149,56,Female,15,112,32,1515.32,5,0
CUST_00150,44,Female,48,303,98,9043.29,3,0
CUST_00151,26,Male,3,306,12,291.97,2,1
CUST_00152,32,Male,16,51,107,8544.77,5,0
CUST_00153,32,Female,14,294,66,9656.88,7,0
CUST_00154,43,Male,3,189,111,2985.65,5,0
CUST_00155,59,Female,70,208,52,4337.2,5,0
CUST_00156,30,Female,31,149,71,6838.11,4,0
CUST_00157,68,Male,17,265,32,4505.14,4,1
CUST_00158,49,Female,49,281,104,5735.7,0,0
CUST_00159,56,Female,3,113,35,2901.39,3,0
CUST_00160,66,Male,55,36,113,16754.67,7,0
CUST_00161,69,Male,40,111,116,13782.84,5,0
CUST_00162,49,Male,66,171,6,746.44,6,0
CUST_00163,21,Male,40,78,22,2648.12,8,0
CUST_00164,47,Female,30,337,89,7525.44,7,1
CUST_00165,54,Male,25,28,47,3460.98,3,0
CUST_00166,40,Female,7,45,13,642.2,6,0
CUST_00167,56,Male,50,361,23,1791.83,2,0
CUST_00168,62,Female,1,304,109,1936.69,4,0
CUST_00169,32,Female,44,142,44,1236.84,2,0
CUST_00170,60,Male,49,15,110,5915.78,6,0
CUST_00171,46,Male,7,128,9,540.36,2,0
CUST_00172,53,Female,3,167,106,11714.57,7,1
CUST_00173,30,Female,1,153,59,2251.81,9,1
CUST_00174,49,Male,51,63,101,12365.36,7,0
CUST_00175,24,Male,38,59,117,14403.66,5,0
CUST_00176,68,Male,43,203,101,9519.26,8,0
CUST_00177,39,Male,55,157,117,9518.19,1,0
CUST_00178,45,Female,57,3,30,2342.97,5,0
CUST_00179,19,Female,53,39,84,6028.91,3,0
CUST_00180,59,Male,33,278,102,2749.68,6,1
CUST_00181,62,Female,62,101,44,4553.33,0,0
CUST_00182,23,Male,11,169,49,4553.82,3,0
CUST_00183,45,Female,52,20,16,274.06,9,0
CUST_00184,45,Male,1,141,114,4829.49,3,0
CUST_00185,61,Male,14,347,86,6355.73,5,1
CUST_00186,61,Male,21,275,102,13941.01,9,1
CUST_00187,37,Male,34,322,74,11002.88,5,1
CUST_00188,47,Female,14,193,84,9780.04,5,0
CUST_00189,28,Female,40,152,53,6156.54,3,0
CUST_00190,45,Male,35,236,105,7461.52,4,0
CUST_00191,42,Female,42,294,2,184.16,7,1
CUST_00192,56,Male,20,208,67,3110.83,2,0
CUST_00193,50,Female,60,37,42,4815.32,5,0
CUST_00194,18,Male,9,78,64,1476.54,0,0
CUST_00195,44,Male,33,172,8,570.63,9,1
CUST_00196,69,Male,49,45,73,9288.07,5,0
CUST_00197,30,Female,68,337,92,13549.86,8,1
CUST_00198,58,Female,4,84,21,2289.74,7,0
CUST_00199,20,Male,48,93,115,4787.55,4,0
CUST_00200,56,Male,16,154,97,8933.21,6,0
CUST_00201,23,Male,47,106,60,5440.15,4,0
CUST_00202,25,Female,26,358,34,4942.86,2,0
CUST_00203,44,Female,70,209,116,14897.32,8,0
CUST_00204,26,Male,37,204,4,86.47,6,0
CUST_00205,54,Male,22,248,112,5007.81,7,0
CUST_00206,50,Female,7,348,117,15053.19,6,0
CUST_00207,68,Male,42,352,89,13019.25,6,1
CUST_00208,59,Male,30,226,62,3396.41,7,1
CUST_00209,61,Male,6,336,96,10391.85,7,1
CUST_00210,41,Male,24,48,76,4298.05,5,0
CUST_00211,32,Female,66,246,2,41.1,3,0
CUST_00212,49,Female,40,31,111,14094.76,4,0
CUST_00213,49,Male,15,183,50,5737.23,5,0
CUST_00214,41,Female,53,257,112,2485.95,8,1
CUST_00215,58,Male,5,126,117,4052.57,4,0
CUST_00216,69,Female,36,219,76,11395.21,8,1
CUST_00217,66,Female,46,245,114,11725.22,8,0
CUST_00218,66,Female,23,139,110,13536.4,7,0
CUST_00219,69,Male,45,227,26,1754.07,9,1
CUST_00220,29,Male,10,302,85,7221.88,5,0
CUST_00221,56,Male,54,257,108,10657.87,0,0
CUST_00222,19,Female,70,255,37,4581.07,4,0
CUST_00223,20,Male,32,70,55,3341.38,2,0
CUST_00224,66,Female,43,66,100,10575.55,8,0
CUST_00225,54,Female,15,2,18,2154.85,3,0
CUST_00226,66,Female,66,325,24,2968.63,6,0
CUST_00227,34,Female,15,269,30,2471.93,5,0
CUST_00228,66,Male,20,339,17,1341.37,5,1
CUST_00229,19,Male,50,303,80,2328.95,4,0
CUST_00230,19,Male,6,129,42,3452.1,0,0
CUST_00231,45,Female,17,146,81,8890.64,2,0
CUST_00232,40,Male,26,113,108,15042.17,4,0
CUST_00233,54,Female,22,288,12,382.82,1,0
CUST_00234,49,Male,64,96,27,3936.59,1,0
CUST_00235,50,Male,58,267,55,2562.99,3,0
CUST_00236,18,Female,37,8,4,154.97,6,0
CUST_00237,36,Male,28,220,35,1066.1,0,0
CUST_00238,19,Male,49,213,65,9663.45,8,1
CUST_00239,61,Female,67,102,76,6896.05,0,0
CUST_00240,43,Male,67,166,29,1494.4,7,0
CUST_00241,49,Male,41,262,72,4166.43,5,0
CUST_00242,23,Male,46,2,72,10316.64,0,0
CUST_00243,49,Female,55,202,76,10373.68,6,0
CUST_00244,21,Female,11,329,36,2240.92,1,0
CUST_00245,28,Female,26,183,112,2641.41,0,0
CUST_00246,34,Male,13,259,34,4335.87,7,0
CUST_00247,55,Male,36,322,36,4984.09,1,0
CUST_00248,41,Male,64,228,55,7043.68,8,1
CUST_00249,22,Female,51,200,4,553.01,5,1
CUST_00250,69,Male,22,26,11,1020.21,0,0
CUST_00251,51,Male,60,350,59,7572.88,7,1
CUST_00252,23,Female,2,102,3,427.28,6,0
CUST_00253,39,Female,56,136,74,10000.13,0,0
CUST_00254,28,Male,40,331,12,1131.23,7,1
CUST_00255,65,Male,28,345,113,13083.33,1,0
CUST_00256,33,Male,3,197,73,8203.44,7,0
CUST_00257,50,Male,63,30,21,2591.4,8,0
CUST_00258,26,Female,23,299,98,4497.68,4,0
CUST_00259,23,Female,55,133,22,336.47,4,0
CUST_00260,33,Female,32,256,18,1509.06,6,1
CUST_00261,46,Male,28,20,108,12781.73,0,0
CUST_00262,20,Male,8,308,6,191.35,4,1
CUST_00263,37,Male,3,21,89,7736.44,0,0
CUST_00264,53,Male,53,41,114,6548.75,7,0
CUST_00265,36,Female,29,364,109,13969.71,7,0
CUST_00266,43,Male,59,152,79,2254.21,0,0
CUST_00267,20,Male,24,308,65,8415.27,1,0
CUST_00268,36,Male,38,2,55,5359.95,6,0
CUST_00269,37,Male,28,44,40,5565.0,6,0
CUST_00270,49,Male,62,41,82,11587.39,8,0
CUST_00271,24,Female,51,326,52,6458.32,2,0
CUST_00272,69,Male,7,263,44,3808.85,1,0
CUST_00273,58,Female,23,294,95,3253.32,9,1
CUST_00274,50,Male,46,173,62,2816.8,7,0
CUST_00275,57,Male,28,9,84,5997.31,6,0
CUST_00276,56,Female,24,53,108,12249.13,2,0
CUST_00277,35,Male,7,284,89,7881.42,2,0
CUST_00278,57,Female,49,128,97,7194.57,6,0
CUST_00279,18,Male,3,19,74,5880.57,4,0
CUST_00280,28,Female,2,132,29,3337.92,8,1
CUST_00281,45,Female,7,13,119,2336.94,9,0
CUST_00282,42,Female,21,220,19,1420.35,6,0
CUST_00283,67,Female,9,267,28,2584.82,0,0
CUST_00284,40,Female,12,245,91,8597.34,0,0
CUST_00285,48,Male,24,258,19,1871.93,5,0
CUST_00286,47,Female,33,140,107,2377.08,4,0
CUST_00287,59,Female,43,247,119,10748.43,4,0
CUST_00288,52,Male,5,232,31,2769.05,7,1
CUST_00289,24,Male,71,56,54,7041.88,7,0
CUST_00290,33,Female,14,88,99,11643.43,8,0
CUST_00291,43,Female,36,254,62,1191.37,3,0
CUST_00292,65,Male,35,52,14,1260.68,4,0
CUST_00293,69,Female,50,247,50,5413.87,6,0
CUST_00294,66,Male,11,252,59,5505.84,2,0
CUST_00295,19,Male,24,125,70,7441.69,5,0
CUST_00296,18,Female,44,201,58,1783.42,2,0
CUST_00297,65,Male,51,361,119,4503.87,3,0
CUST_00298,29,Female,17,132,9,843.03,9,0
CUST_00299,22,Male,70,177,57,7016.28,7,0
CUST_00300,54,Male,8,52,41,758.85,9,1
CUST_00301,49,Male,28,34,27,1995.1,3,0
CUST_00302,26,Female,12,22,58,8637.78,3,0
CUST_00303,58,Male,43,141,81,9588.43,6,0
CUST_00304,52,Male,37,319,100,7577.52,2,0
CUST_00305,36,Male,63,271,68,1920.01,2,0
CUST_00306,65,Male,63,168,58,3682.4,0,0
CUST_00307,33,Male,10,38,24,860.35,6,0
CUST_00308,20,Male,37,361,115,16020.09,3,0
CUST_00309,37,Female,11,246,80,8604.96,6,1
CUST_00310,41,Male,19,235,62,8092.19,1,0
CUST_00311,50,Female,52,55,81,11028.77,4,0
CUST_00312,41,Female,18,120,67,6494.32,6,1
CUST_00313,69,Male,32,66,118,1875.11,8,0
CUST_00314,28,Male,23,322,103,9277.18,9,1
CUST_00315,66,Female,12,328,101,12457.02,3,0
CUST_00316,25,Female,58,166,117,6722.37,5,0
CUST_00317,53,Male,21,210,3,420.74,2,0
CUST_00318,55,Female,21,75,108,16153.62,1,0
CUST_00319,57,Male,29,134,51,4546.68,9,0
CUST_00320,37,Male,47,265,105,9105.34,1,0
CUST_00321,52,Male,12,174,99,10241.61,4,0
CUST_00322,65,Female,58,243,67,6127.53,2,0
CUST_00323,42,Female,41,89,80,2932.92,1,0
CUST_00324,52,Female,19,250,57,2941.18,1,0
CUST_00325,42,Male,12,31,20,844.83,2,0
CUST_00326,46,Female,23,277,45,1113.16,0,0
CUST_00327,35,Male,5,38,6,203.72,7,0
CUST_00328,63,Female,26,308,33,4826.72,8,0
CUST_00329,35,Male,63,138,43,3866.66,0,0
CUST_00330,19,Male,52,76,50,1599.85,4,0
CUST_00331,52,Male,10,339,27,3004.23,7,1
CUST_00332,33,Female,39,253,30,2380.99,1,0
CUST_00333,58,Male,23,79,99,4487.73,0,0
CUST_00334,53,Male,11,38,18,2562.88,4,0
CUST_00335,50,Male,48,318,30,1359.4,0,0
CUST_00336,21,Female,16,328,107,3014.68,5,0
CUST_00337,50,Female,46,163,90,3850.14,8,0
CUST_00338,31,Female,47,358,15,2071.65,7,1
CUST_00339,38,Male,48,128,96,12557.03,5,0
CUST_00340,65,Male,69,158,99,13437.65,3,0
CUST_00341,37,Female,25,329,76,10540.0,6,1
CUST_00342,25,Male,37,319,62,1578.66,5,0
CUST_00343,24,Male,63,83,21,2331.63,6,0
CUST_00344,20,Male,29,217,12,1256.52,1,0
CUST_00345,34,Female,58,202,49,7303.09,6,0
CUST_00346,50,Male,31,278,1,111.48,9,1
CUST_00347,65,Female,68,152,75,9144.32,3,0
CUST_00348,29,Female,41,26,55,6133.77,4,0
CUST_00349,68,Male,50,343,25,2469.46,6,0
CUST_00350,39,Male,44,254,47,4213.93,9,1
CUST_00351,39,Female,9,251,73,10647.06,1,0
CUST_00352,63,Female,59,167,39,5514.84,0,0
CUST_00353,47,Female,27,353,107,7929.75,4,0
CUST_00354,55,Female,59,140,27,1440.74,9,1
CUST_00355,55,Male,3,229,93,7786.37,0,0
CUST_00356,62,Female,7,73,50,5786.27,5,0
CUST_00357,68,Male,16,299,91,6290.64,1,0
CUST_00358,25,Female,49,236,55,4813.94,1,0
CUST_00359,44,Female,32,195,28,1549.11,3,0
CUST_00360,44,Female,44,88,57,4146.19,9,0
CUST_00361,51,Female,19,97,103,14856.19,1,0
CUST_00362,38,Female,3,166,82,3608.48,8,0
CUST_00363,47,Male,60,296,79,11729.85,2,0
CUST_00364,50,Female,35,203,16,705.57,7,1
CUST_00365,45,Male,29,187,111,6448.75,6,0
CUST_00366,64,Female,70,275,87,2328.75,6,0
CUST_00367,50,Male,45,20,94,10954.09,3,0
CUST_00368,22,Male,27,73,100,1738.07,3,0
CUST_00369,65,Female,69,338,56,6796.08,0,0
CUST_00370,36,Female,35,361,35,3251.95,7,1
CUST_00371,21,Male,19,310,28,3250.34,0,0
CUST_00372,52,Female,17,82,46,5553.18,3,0
CUST_00373,66,Female,35,296,117,3719.62,2,0
CUST_00374,34,Female,30,356,67,1198.48,0,0
CUST_00375,61,Male,48,27,119,4496.23,6,0
CUST_00376,45,Female,57,141,16,1069.59,6,0
CUST_00377,47,Female,17,47,79,1966.92,1,0
CUST_00378,46,Male,15,112,83,6362.77,9,1
CUST_00379,63,Female,14,235,74,3958.04,4,1
CUST_00380,23,Female,14,151,117,7501.77,7,0
CUST_00381,52,Female,45,315,49,6955.53,0,0
CUST_00382,58,Male,38,333,68,7668.81,8,1
CUST_00383,54,Male,63,126,22,2284.74,6,0
CUST_00384,41,Female,11,7,18,1858.16,6,0
CUST_00385,46,Male,48,50,22,1979.48,1,0
CUST_00386,66,Female,26,360,106,8930.75,7,1
CUST_00387,63,Male,67,66,119,15956.78,2,0
CUST_00388,48,Male,25,362,16,402.0,9,1
CUST_00389,52,Male,61,167,56,3021.21,6,0
CUST_00390,50,Female,26,252,3,87.17,2,0
CUST_00391,69,Male,34,263,108,1781.15,5,0
CUST_00392,38,Female,9,196,115,1940.29,0,0
CUST_00393,49,Female,40,183,53,966.79,3,0
CUST_00394,40,Female,7,264,35,3746.21,8,1
CUST_00395,50,Female,30,288,105,3154.17,6,0
CUST_00396,20,Male,66,275,103,4359.5,6,0
CUST_00397,35,Male,30,118,80,5725.03,3,0
CUST_00398,42,Male,68,313,85,4364.65,9,0
CUST_00399,59,Female,58,347,21,2630.34,0,0
CUST_00400,48,Female,55,277,65,6445.81,0,0
CUST_00401,20,Male,14,132,57,3419.81,2,0
CUST_00402,57,Male,37,147,94,5442.67,6,0
CUST_00403,63,Female,44,29,47,5043.04,6,0
CUST_00404,41,Male,6,327,34,1293.38,4,1
CUST_00405,67,Female,26,320,48,2537.94,8,1
CUST_00406,49,Male,14,225,39,2445.83,1,0
CUST_00407,64,Female,8,139,110,8401.49,8,1
CUST_00408,39,Male,24,289,87,3542.8,8,1
CUST_00409,40,Male,39,281,98,3550.19,5,1
CUST_00410,19,Male,49,26,30,4459.34,3,0
CUST_00411,44,Male,63,292,50,6914.09,4,0
CUST_00412,59,Male,26,267,97,8311.78,5,1
CUST_00413,19,Male,10,286,16,1893.59,3,0
CUST_00414,43,Female,58,313,105,11129.0,8,0
CUST_00415,34,Male,14,97,94,2363.2,1,0
CUST_00416,57,Female,71,138,3,254.75,7,0
CUST_00417,50,Male,39,281,109,4341.37,8,1
CUST_00418,26,Female,31,96,61,5724.72,3,0
CUST_00419,60,Female,50,57,2,46.68,8,0
CUST_00420,65,Male,16,123,26,961.81,1,0
CUST_00421,56,Male,51,231,18,2169.57,2,0
CUST_00422,46,Male,15,290,66,8503.33,9,1
CUST_00423,59,Male,38,86,40,5500.29,4,0
CUST_00424,43,Female,71,310,3,408.17,3,0
CUST_00425,52,Female,21,51,17,2336.63,2,0
CUST_00426,67,Female,16,228,24,666.86,3,0
CUST_00427,42,Female,67,6,2,208.06,8,0
CUST_00428,41,Female,65,310,70,7674.96,8,1
CUST_00429,30,Female,13,273,40,2048.25,4,0
CUST_00430,24,Female,64,344,26,3875.19,6,0
CUST_00431,53,Female,61,2,57,3054.45,7,0
CUST_00432,62,Male,32,276,49,4537.88,1,0
CUST_00433,37,Male,12,91,57,7567.77,8,0
CUST_00434,18,Female,41,262,56,3026.25,8,0
CUST_00435,25,Male,66,242,70,6781.48,1,0
CUST_00436,63,Male,8,246,76,8527.35,5,1
CUST_00437,33,Male,59,79,21,2091.72,3,0
CUST_00438,31,Male,25,311,16,1116.88,0,0
CUST_00439,29,Female,5,304,6,855.25,4,1
CUST_00440,68,Male,45,58,34,3320.5,2,0
CUST_00441,40,Female,2,225,59,2672.03,0,0
CUST_00442,32,Female,42,202,67,8296.44,1,0
CUST_00443,45,Male,38,6,41,4245.29,6,0
CUST_00444,51,Female,3,30,19,565.91,0,0
CUST_00445,19,Female,46,151,29,1523.93,2,0
CUST_00446,49,Male,22,36,32,1163.16,0,0
CUST_00447,40,Male,33,110,10,248.11,0,0
CUST_00448,39,Male,32,121,64,2948.93,7,0
CUST_00449,68,Female,17,241,119,6253.29,5,0
CUST_00450,42,Female,56,259,91,7096.26,3,0
CUST_00451,39,Male,3,90,93,13564.1,7,0
CUST_00452,39,Male,70,30,77,10960.28,6,0
CUST_00453,66,Male,49,237,20,2334.94,8,0
CUST_00454,69,Female,55,170,28,2863.81,0,0
CUST_00455,59,Male,31,149,27,3857.81,9,0
CUST_00456,23,Female,21,88,77,2635.74,4,0
CUST_00457,32,Male,16,4,25,1489.87,5,0
CUST_00458,60,Female,17,252,29,2601.28,5,0
CUST_00459,54,Female,1,51,116,14486.21,9,0
CUST_00460,50,Female,65,24,15,1488.17,6,0
CUST_00461,25,Male,66,46,45,5588.88,4,0
CUST_00462,61,Female,37,116,45,1604.93,4,0
CUST_00463,61,Male,24,27,30,1230.58,0,0
CUST_00464,22,Male,62,95,38,4369.1,9,0
CUST_00465,56,Female,21,99,60,3721.36,4,0
CUST_00466,21,Female,37,116,32,2363.93,9,1
CUST_00467,23,Female,35,276,50,6093.74,0,0
CUST_00468,62,Male,38,336,71,1736.3,9,0
CUST_00469,49,Female,53,95,35,1318.7,1,0
CUST_00470,69,Female,15,199,97,5328.64,0,0
CUST_00471,47,Female,42,146,76,10204.64,7,0
CUST_00472,64,Female,4,155,87,6060.33,7,1
CUST_00473,52,Female,39,270,5,245.17,7,1
CUST_00474,57,Male,23,321,107,11404.88,9,1
CUST_00475,69,Female,15,276,108,2061.63,9,1
CUST_00476,33,Female,12,326,119,14237.09,0,0
CUST_00477,30,Female,70,256,31,3385.68,3,0
CUST_00478,67,Male,54,45,80,1794.9,0,0
CUST_00479,59,Male,38,1,97,7976.69,3,0
CUST_00480,47,Male,28,147,53,3686.7,6,0
CUST_00481,36,Female,19,295,114,4143.76,9,1
CUST_00482,34,Female,69,155,1,35.8,6,0
CUST_00483,36,Male,64,56,86,3149.9,0,0
CUST_00484,45,Female,4,226,92,8827.81,9,1
CUST_00485,43,Female,10,7,69,2628.86,1,0
CUST_00486,54,Female,12,20,68,1567.09,5,0
CUST_00487,43,Male,69,159,65,9377.74,5,0
CUST_00488,40,Female,7,340,15,304.32,0,0
CUST_00489,26,Male,44,79,101,10567.22,3,0
CUST_00490,29,Female,23,1,103,14560.54,8,0
CUST_00491,18,Male,2,336,113,2273.7,7,1
CUST_00492,18,Male,37,229,52,7559.44,3,0
CUST_00493,64,Female,69,213,38,3147.0,2,0
CUST_00494,51,Male,20,283,109,13187.53,7,1
CUST_00495,49,Male,44,248,24,2385.4,8,1
CUST_00496,65,Female,70,119,23,2260.31,0,0
CUST_00497,42,Female,51,227,47,5709.67,9,0
CUST_00498,57,Female,31,24,7,166.84,7,0
CUST_00499,62,Male,41,190,31,2107.15,4,0
CUST_00500,18,Male,58,308,7,1021.24,2,0
CUST_00501,33,Male,5,307,77,1722.43,9,1
CUST_00502,56,Male,33,57,4,201.91,4,0
CUST_00503,22,Female,43,311,54,5709.66,9,1
CUST_00504,39,Male,19,309,82,2341.82,3,0
CUST_00505,46,Male,32,89,104,9094.9,0,0
CUST_00506,20,Male,3,275,83,9238.32,7,0
CUST_00507,29,Male,1,109,80,9380.14,6,0
CUST_00508,43,Female,41,141,52,4719.55,3,0
CUST_00509,33,Female,48,285,82,6771.98,3,0
CUST_00510,68,Male,39,244,80,8910.0,4,0
CUST_00511,54,Male,5,74,48,1659.99,0,0
CUST_00512,39,Male,11,355,95,10152.64,3,0
CUST_00513,46,Female,22,262,89,12379.73,4,0
CUST_00514,31,Female,64,176,66,7073.33,7,0
CUST_00515,45,Male,12,230,110,2340.58,0,0
CUST_00516,22,Female,53,76,54,4498.64,3,0
CUST_00517,64,Female,55,323,115,13000.42,9,1
CUST_00518,66,Female,53,183,92,1917.09,9,0
CUST_00519,47,Female,21,274,80,9431.74,6,0
CUST_00520,63,Male,19,277,54,2862.88,4,0
CUST_00521,69,Male,69,227,100,9448.44,0,0
CUST_00522,22,Male,66,165,45,6545.54,6,0
CUST_00523,29,Female,59,275,40,5972.62,0,0
CUST_00524,33,Female,49,217,35,3522.58,1,0
CUST_00525,43,Male,59,312,24,1952.41,7,1
CUST_00526,43,Male,23,190,35,1364.6,8,0
CUST_00527,65,Male,3,18,94,4053.76,7,0
CUST_00528,38,Male,56,232,37,2698.85,7,0
CUST_00529,56,Male,58,184,75,8235.65,5,0
CUST_00530,53,Female,62,106,109,12955.3,6,0
CUST_00531,50,Male,18,243,34,1528.56,3,0
CUST_00532,47,Male,61,53,102,8902.69,4,0
CUST_00533,54,Female,37,226,103,9771.27,1,0
CUST_00534,40,Male,54,202,24,3253.57,9,1
CUST_00535,27,Male,65,86,93,12398.47,3,0
CUST_00536,22,Male,14,50,4,501.39,6,0
CUST_00537,53,Female,5,260,105,8898.68,3,0
CUST_00538,51,Female,62,319,50,1189.31,5,1
CUST_00539,69,Male,1,195,94,5654.47,7,0
CUST_00540,48,Female,63,248,78,7716.72,4,0
CUST_00541,27,Male,67,56,24,2425.85,7,0
CUST_00542,36,Female,20,177,102,13221.74,3,0
CUST_00543,49,Female,43,150,116,7681.31,1,0
CUST_00544,18,Female,42,13,98,13861.51,8,0
CUST_00545,22,Male,69,361,36,1333.32,1,0
CUST_00546,62,Female,39,289,79,1716.82,6,0
CUST_00547,21,Female,62,64,35,1359.87,5,0
CUST_00548,33,Female,48,339,29,2245.0,1,0
CUST_00549,41,Female,6,105,36,4539.34,2,0
CUST_00550,33,Male,42,239,68,2432.22,6,0
CUST_00551,19,Male,58,34,79,7031.41,5,0
CUST_00552,66,Male,43,324,11,1318.24,5,1
CUST_00553,45,Male,10,39,55,1083.85,6,0
CUST_00554,49,Female,39,225,49,1009.66,4,0
CUST_00555,44,Female,13,129,79,6417.16,0,0
CUST_00556,37,Female,39,133,57,2260.46,4,0
CUST_00557,41,Male,11,40,85,6445.28,8,0
CUST_00558,29,Male,16,319,99,2072.2,1,0
CUST_00559,67,Female,33,221,87,12778.35,9,1
CUST_00560,52,Male,60,94,55,5682.35,2,0
CUST_00561,50,Male,59,99,56,6031.42,1,0
CUST_00562,50,Female,51,60,74,6202.19,4,0
CUST_00563,68,Female,15,129,4,505.45,4,1
CUST_00564,60,Male,43,132,109,13898.6,4,0
CUST_00565,54,Female,27,301,25,911.93,5,0
CUST_00566,29,Female,56,69,2,237.47,2,0
CUST_00567,20,Female,60,14,102,9333.11,7,0
CUST_00568,18,Female,70,151,19,2240.52,2,0
CUST_00569,50,Male,47,174,88,12234.15,1,0
CUST_00570,57,Female,8,345,8,481.9,8,1
CUST_00571,27,Male,63,292,64,5892.68,5,0
CUST_00572,60,Male,7,196,6,727.86,6,1
CUST_00573,61,Female,2,32,84,12449.96,0,0
CUST_00574,46,Female,17,73,14,1367.77,2,0
CUST_00575,30,Female,4,194,104,11686.04,6,0
CUST_00576,29,Female,26,50,70,9047.96,7,0
CUST_00577,48,Female,69,57,76,8848.15,1,0
CUST_00578,63,Female,5,117,105,14932.56,4,0
CUST_00579,19,Female,5,192,71,3266.76,4,0
CUST_00580,68,Male,69,217,57,7840.49,8,0
CUST_00581,67,Male,3,111,109,4682.56,2,0
CUST_00582,52,Male,38,89,30,2738.77,4,0
CUST_00583,40,Male,1,360,80,6847.28,7,1
CUST_00584,34,Female,8,310,8,1017.84,2,0
CUST_00585,43,Female,13,309,14,963.25,5,1
CUST_00586,25,Female,70,157,48,1647.82,8,0
CUST_00587,46,Female,50,69,84,9275.06,9,0
CUST_00588,43,Female,8,270,28,2713.07,3,1
CUST_00589,27,Male,30,225,6,759.93,6,1
CUST_00590,43,Male,40,5,30,3522.45,7,0
CUST_00591,51,Male,33,243,119,16160.37,5,0
CUST_00592,68,Female,52,118,4,513.12,0,0
CUST_00593,58,Male,33,172,100,10761.49,5,0
CUST_00594,24,Female,37,143,67,5217.32,3,0
CUST_00595,21,Female,70,323,10,177.49,2,0
CUST_00596,67,Male,69,257,102,5765.56,2,0
CUST_00597,62,Male,4,318,27,3056.82,2,0
CUST_00598,28,Female,60,78,82,1888.7,0,0
CUST_00599,46,Male,31,57,45,5271.31,9,0
CUST_00600,53,Female,14,20,75,6353.38,9,0
CUST_00601,42,Female,60,14,100,13215.11,0,0
CUST_00602,38,Female,68,206,104,10823.82,1,0
CUST_00603,53,Female,26,237,35,4297.64,4,1
CUST_00604,27,Female,24,181,108,4120.54,6,0
CUST_00605,54,Female,56,291,13,498.46,4,0
CUST_00606,26,Male,9,189,55,2392.35,2,1
CUST_00607,41,Female,35,147,87,5219.75,4,0
CUST_00608,52,Male,24,340,43,5895.2,5,0
CUST_00609,66,Male,31,42,73,8725.8,3,0
CUST_00610,52,Male,66,354,68,4367.42,3,0
CUST_00611,65,Female,66,1,43,5976.78,0,0
CUST_00612,53,Male,41,324,40,4806.2,6,1
CUST_00613,35,Male,36,104,114,11806.72,7,1
CUST_00614,66,Female,34,255,31,2292.03,3,0
CUST_00615,56,Female,39,209,3,308.92,5,0
CUST_00616,49,Female,23,218,100,9508.59,5,0
CUST_00617,41,Female,44,78,17,2049.38,0,0
CUST_00618,40,Female,70,51,80,3636.26,9,0
CUST_00619,49,Female,58,288,39,5247.57,3,0
CUST_00620,54,Male,59,100,66,6263.56,5,0
CUST_00621,29,Female,26,212,69,8549.96,8,1
CUST_00622,66,Female,22,237,97,6002.93,3,0
CUST_00623,30,Male,40,295,118,8013.19,8,1
CUST_00624,40,Male,11,157,77,10898.11,3,0
CUST_00625,42,Male,9,298,76,7521.26,6,1
CUST_00626,52,Female,12,14,19,1100.0,6,0
CUST_00627,58,Male,26,116,22,574.01,7,1
CUST_00628,47,Female,38,139,104,7658.31,6,0
CUST_00629,34,Female,3,75,8,1037.01,5,0
CUST_00630,66,Female,15,303,108,5285.88,2,0
CUST_00631,37,Female,47,360,68,8917.43,9,1
CUST_00632,65,Male,5,24,71,2614.39,6,0
CUST_00633,42,Male,54,177,112,3644.58,5,0
CUST_00634,39,Male,24,55,86,8322.09,9,0
CUST_00635,30,Female,11,213,18,2225.27,7,1
CUST_00636,36,Male,33,326,6,721.84,3,1
CUST_00637,66,Male,57,334,114,10076.14,6,1
CUST_00638,53,Male,52,329,4,404.89,6,0
CUST_00639,29,Female,64,163,117,5833.26,2,0
CUST_00640,58,Male,43,300,41,3666.01,7,1
CUST_00641,36,Female,44,164,109,4691.33,9,0
CUST_00642,29,Male,36,89,51,7156.75,1,0
CUST_00643,26,Female,12,15,12,1278.45,2,0
CUST_00644,24,Male,56,301,112,10217.42,0,0
CUST_00645,45,Female,3,122,37,1789.48,1,0
CUST_00646,31,Female,50,318,2,140.42,0,0
CUST_00647,48,Male,29,348,3,360.99,5,0
CUST_00648,69,Female,16,178,45,2129.41,4,0
CUST_00649,36,Female,40,269,85,2753.64,5,1
CUST_00650,64,Female,27,105,39,2203.22,2,0
CUST_00651,33,Female,70,159,77,9413.53,6,0
CUST_00652,22,Male,42,5,112,15032.72,3,0
CUST_00653,52,Female,57,339,54,3830.71,0,0
CUST_00654,29,Female,10,141,78,9396.64,2,0
CUST_00655,42,Female,38,169,94,5625.92,4,0
CUST_00656,69,Female,8,17,18,1506.36,6,0
CUST_00657,38,Male,18,32,13,230.42,8,0
CUST_00658,53,Female,17,5,14,1555.67,4,0
CUST_00659,40,Female,58,137,41,4593.07,0,0
CUST_00660,33,Male,66,107,40,1141.1,4,0
CUST_00661,56,Female,44,162,89,5646.04,0,0
CUST_00662,62,Female,9,257,101,8108.16,6,1
CUST_00663,59,Male,48,168,91,10874.9,8,1
CUST_00664,56,Male,39,288,87,10978.26,5,1
CUST_00665,31,Female,6,355,71,7958.14,3,1
CUST_00666,48,Male,30,245,48,2118.69,5,0
CUST_00667,22,Male,18,113,10,631.06,0,0
CUST_00668,52,Male,43,178,89,4306.34,3,0
CUST_00669,40,Male,33,190,54,5455.08,5,0
CUST_00670,46,Female,53,11,35,3583.73,1,0
CUST_00671,60,Male,56,23,24,412.39,2,0
CUST_00672,28,Female,19,119,49,5575.27,3,0
CUST_00673,35,Female,69,282,42,1931.32,5,0
CUST_00674,64,Female,26,319,75,9238.93,2,0
CUST_00675,29,Male,29,69,84,10704.12,0,0
CUST_00676,26,Female,24,346,74,9071.79,5,0
CUST_00677,27,Male,6,134,50,3504.76,7,0
CUST_00678,61,Male,54,253,21,1302.44,7,0
CUST_00679,34,Female,39,51,28,2064.76,3,0
CUST_00680,55,Female,4,43,92,7928.28,5,0
CUST_00681,24,Female,58,141,55,2680.66,0,0
CUST_00682,63,Female,48,25,27,3800.81,5,0
CUST_00683,30,Female,60,270,97,8055.73,0,0
CUST_00684,57,Female,26,361,68,1691.95,3,0
CUST_00685,59,Female,40,104,99,14812.61,8,0
CUST_00686,26,Male,56,295,84,6749.74,5,0
CUST_00687,67,Male,39,153,6,857.06,3,0
CUST_00688,44,Female,39,304,58,3925.92,9,1
CUST_00689,19,Female,48,305,6,272.06,3,0
CUST_00690,22,Male,25,161,60,6868.73,3,0
CUST_00691,46,Male,34,283,81,5944.33,9,1
CUST_00692,54,Male,21,45,19,2545.94,6,0
CUST_00693,55,Female,25,287,113,8780.81,8,1
CUST_00694,36,Female,22,319,61,3701.24,5,1
CUST_00695,25,Female,23,166,17,2473.53,6,0
CUST_00696,65,Female,25,207,49,6227.93,3,0
CUST_00697,62,Female,26,108,3,128.27,4,0
CUST_00698,18,Male,30,65,110,8909.5,8,0
CUST_00699,39,Male,38,267,34,1030.12,7,0
CUST_00700,69,Male,34,353,62,1831.82,9,1
CUST_00701,34,Female,15,185,60,7812.54,1,0
CUST_00702,24,Male,44,224,68,9574.16,7,0
CUST_00703,42,Female,10,153,87,9982.59,2,0
CUST_00704,62,Female,37,289,82,12180.85,1,0
CUST_00705,21,Male,7,285,34,717.83,1,0
CUST_00706,53,Female,32,186,29,1732.86,3,0
CUST_00707,23,Female,11,226,60,1970.21,0,0
CUST_00708,48,Male,48,200,44,5305.19,4,0
CUST_00709,36,Male,68,11,15,2028.09,6,0
CUST_00710,61,Female,48,325,45,3391.25,1,0
CUST_00711,56,Male,45,277,75,9520.7,4,0
CUST_00712,44,Male,33,3,103,13331.18,3,0
CUST_00713,27,Female,4,350,9,304.72,5,0
CUST_00714,43,Female,47,278,111,7314.13,0,0
CUST_00715,36,Female,53,62,35,1413.43,0,0
CUST_00716,56,Female,31,5,10,1054.57,1,0
CUST_00717,20,Female,31,9,104,6998.13,3,0
CUST_00718,62,Male,27,58,38,3995.68,0,0
CUST_00719,30,Female,48,280,29,3864.06,4,0
CUST_00720,67,Male,36,238,46,3253.19,5,0
CUST_00721,45,Male,49,317,70,10234.68,9,1
CUST_00722,37,Female,31,127,83,5823.52,3,0
CUST_00723,45,Female,44,304,90,3946.88,6,1
CUST_00724,25,Male,59,237,73,6310.98,4,0
CUST_00725,58,Female,23,219,105,7231.37,8,0
CUST_00726,56,Female,68,178,116,3697.52,8,0
CUST_00727,18,Female,42,318,112,2030.66,3,1
CUST_00728,20,Male,42,149,45,5194.83,9,1
CUST_00729,30,Female,13,38,77,10852.07,5,0
CUST_00730,45,Male,1,118,90,6701.77,1,0
CUST_00731,66,Male,53,315,108,2573.64,1,0
CUST_00732,42,Female,40,97,118,13568.44,2,0
CUST_00733,50,Female,46,17,53,6998.9,9,0
CUST_00734,55,Female,22,325,84,4930.23,1,0
CUST_00735,23,Female,52,279,2,89.94,8,1
CUST_00736,61,Male,28,359,4,242.01,3,0
CUST_00737,62,Female,53,154,71,9771.2,4,0
CUST_00738,49,Male,63,94,19,1357.07,1,0
CUST_00739,62,Female,17,175,99,10227.82,7,0
CUST_00740,64,Male,64,302,11,275.42,7,1
CUST_00741,38,Female,6,29,83,4399.64,6,0
CUST_00742,33,Female,14,34,32,1465.07,6,0
CUST_00743,38,Female,17,10,14,328.36,6,0
CUST_00744,28,Female,38,276,49,1532.85,7,0
CUST_00745,54,Female,69,290,69,4915.67,3,0
CUST_00746,53,Male,13,101,25,2258.27,5,0
CUST_00747,52,Male,53,141,14,799.53,7,0
CUST_00748,36,Female,9,87,39,2793.68,7,0
CUST_00749,37,Male,44,301,12,1410.38,3,0
CUST_00750,35,Female,26,128,49,2370.14,0,0
CUST_00751,64,Male,19,206,84,1646.95,1,0
CUST_00752,58,Male,48,89,118,5863.83,3,0
CUST_00753,66,Female,30,82,117,16308.53,8,0
CUST_00754,31,Female,32,212,18,313.8,2,0
CUST_00755,32,Female,69,119,1,32.41,4,0
CUST_00756,48,Female,11,348,107,2545.09,0,0
CUST_00757,18,Female,26,136,4,263.54,4,0
CUST_00758,20,Male,26,261,12,1229.35,0,0
CUST_00759,33,Male,17,276,26,3585.31,5,0
CUST_00760,40,Female,44,208,32,3910.37,0,0
CUST_00761,28,Female,23,314,101,4933.38,1,0
CUST_00762,29,Female,25,243,79,7955.57,8,0
CUST_00763,27,Female,37,345,52,5440.19,2,0
CUST_00764,49,Male,65,100,99,2694.7,8,0
CUST_00765,33,Male,2,115,90,6539.68,3,0
CUST_00766,25,Female,32,330,15,855.28,4,0
CUST_00767,55,Male,55,16,8,289.68,6,0
CUST_00768,29,Male,50,4,92,2108.7,3,0
CUST_00769,41,Male,65,266,30,559.9,9,0
CUST_00770,45,Male,32,48,54,7070.13,9,0
CUST_00771,25,Female,37,223,107,6381.13,5,0
CUST_00772,45,Female,13,204,108,8809.02,8,1
CUST_00773,53,Female,54,20,67,3642.81,7,0
CUST_00774,43,Female,3,288,70,2617.34,0,1
CUST_00775,25,Male,42,194,95,4776.18,5,0
CUST_00776,67,Female,40,316,90,3415.33,8,0
CUST_00777,45,Male,66,11,8,938.51,2,0
CUST_00778,45,Male,60,20,103,14163.98,2,0
CUST_00779,54,Male,11,279,63,4640.44,9,1
CUST_00780,58,Female,1,333,93,11726.81,4,0
CUST_00781,53,Female,26,35,17,1232.18,8,0
CUST_00782,44,Female,42,266,16,1205.05,2,0
CUST_00783,34,Female,62,232,118,9497.89,4,0
CUST_00784,26,Male,61,38,113,14207.71,4,0
CUST_00785,50,Female,62,83,45,6363.17,7,0
CUST_00786,37,Female,12,32,68,7853.99,1,0
CUST_00787,30,Male,27,54,10,1349.4,7,0
CUST_00788,45,Male,67,225,80,8141.44,0,0
CUST_00789,65,Female,28,313,19,2437.7,4,0
CUST_00790,46,Female,66,107,39,3516.68,2,0
CUST_00791,30,Female,28,25,50,5965.76,4,0
CUST_00792,63,Female,21,45,77,8486.09,8,0
CUST_00793,52,Female,7,118,60,6969.02,0,0
CUST_00794,23,Male,14,294,68,3171.58,5,0
CUST_00795,35,Male,39,125,32,1144.2,9,0
CUST_00796,68,Male,62,36,117,12069.6,5,0
CUST_00797,22,Male,12,344,82,6575.56,6,0
CUST_00798,64,Female,38,167,80,9458.33,9,0
CUST_00799,42,Female,58,269,89,3095.25,9,0
CUST_00800,19,Female,56,194,114,16294.99,4,0
CUST_00801,27,Male,39,124,64,7042.88,6,0
CUST_00802,47,Female,4,271,80,1448.28,1,0
CUST_00803,67,Male,48,58,86,7983.56,1,0
CUST_00804,62,Male,7,59,24,1372.89,9,0
CUST_00805,22,Female,60,308,28,1458.28,7,0
CUST_00806,50,Female,40,217,23,3146.22,5,0
CUST_00807,18,Male,8,69,63,8054.74,4,0
CUST_00808,35,Male,58,244,118,1922.19,2,0
CUST_00809,49,Female,57,103,56,2213.44,3,0
CUST_00810,64,Male,35,5,85,9531.63,7,0
CUST_00811,66,Male,13,299,73,9453.92,9,1
CUST_00812,28,Female,39,264,66,7383.85,6,0
CUST_00813,38,Male,21,241,38,3264.81,8,1
CUST_00814,43,Male,47,334,28,4141.7,2,0
CUST_00815,42,Female,2,349,26,3188.45,5,1
CUST_00816,39,Female,44,222,60,4690.22,6,0
CUST_00817,44,Female,30,319,60,5626.16,1,0
CUST_00818,66,Male,55,229,91,1915.6,3,0
CUST_00819,30,Male,40,32,55,7988.16,0,0
CUST_00820,50,Male,24,353,25,1599.24,3,0
CUST_00821,51,Male,42,24,21,2190.41,1,0
CUST_00822,58,Female,28,306,102,10713.9,6,0
CUST_00823,52,Female,51,187,25,567.18,0,0
CUST_00824,18,Female,22,128,58,2951.63,5,0
CUST_00825,38,Male,8,112,38,3936.27,2,0
CUST_00826,65,Male,14,294,46,6354.5,7,1
CUST_00827,23,Female,45,149,75,9008.66,7,0
CUST_00828,45,Male,38,151,92,8585.32,6,0
CUST_00829,34,Female,32,174,113,5241.55,6,0
CUST_00830,22,Female,62,197,100,14309.37,0,0
CUST_00831,48,Female,67,255,4,277.98,8,1
CUST_00832,22,Male,61,168,19,669.51,2,0
CUST_00833,55,Female,13,82,62,1111.12,7,0
CUST_00834,20,Male,47,70,24,3438.49,1,0
CUST_00835,40,Male,54,325,86,10321.6,0,0
CUST_00836,54,Female,71,13,55,2431.65,0,0
CUST_00837,54,Male,52,119,112,3823.67,7,0
CUST_00838,27,Female,25,212,25,3613.24,8,1
CUST_00839,27,Female,23,102,72,3420.49,2,0
CUST_00840,36,Female,30,277,115,8896.57,6,0
CUST_00841,34,Female,11,196,84,8187.08,1,0
CUST_00842,38,Male,35,77,65,1522.39,7,0
CUST_00843,31,Female,27,338,68,4181.9,2,0
CUST_00844,26,Female,67,333,12,1708.7,9,1
CUST_00845,63,Female,47,205,25,2738.67,9,1
CUST_00846,18,Male,50,229,21,1357.67,4,0
CUST_00847,68,Female,8,189,19,2315.79,6,0
CUST_00848,62,Male,55,99,98,12545.98,8,0
CUST_00849,30,Female,42,218,70,2484.31,0,0
CUST_00850,21,Male,67,194,52,4897.89,4,0
CUST_00851,18,Female,20,43,54,3483.64,0,0
CUST_00852,66,Male,45,124,35,2919.93,1,0
CUST_00853,57,Male,35,20,3,234.97,9,0
CUST_00854,49,Male,20,311,33,2739.54,3,0
CUST_00855,51,Male,24,330,73,6238.8,9,1
CUST_00856,45,Male,57,328,7,170.45,2,0
CUST_00857,48,Female,55,168,105,4093.82,9,0
CUST_00858,25,Female,9,46,27,2468.79,4,0
CUST_00859,56,Female,16,223,1,141.36,5,1
CUST_00860,43,Female,55,79,40,4631.19,0,0
CUST_00861,51,Male,58,170,18,849.9,8,1
CUST_00862,20,Male,64,246,35,2234.12,9,1
CUST_00863,67,Male,49,271,81,4882.38,1,0
CUST_00864,29,Female,29,99,39,4636.51,7,0
CUST_00865,18,Female,7,322,11,1608.71,8,1
CUST_00866,61,Male,69,141,101,6360.96,0,0
CUST_00867,22,Male,2,109,45,764.67,1,0
CUST_00868,47,Female,33,313,75,10610.93,2,0
CUST_00869,47,Female,48,137,3,350.06,8,1
CUST_00870,34,Female,37,121,77,9828.13,2,0
CUST_00871,65,Female,30,99,52,2244.94,5,0
CUST_00872,64,Female,41,66,60,6129.82,8,0
CUST_00873,40,Male,4,144,92,4270.24,6,0
CUST_00874,32,Male,39,110,58,960.96,9,1
CUST_00875,54,Female,24,130,102,3692.8,5,0
CUST_00876,38,Female,50,328,54,7537.26,1,0
CUST_00877,31,Female,37,257,111,4891.57,5,0
CUST_00878,19,Male,53,210,34,3195.8,9,0
CUST_00879,28,Male,25,246,119,17336.13,0,0
CUST_00880,68,Male,31,361,28,706.09,6,1
CUST_00881,56,Male,38,154,61,7568.36,5,0
CUST_00882,55,Male,58,133,66,6314.23,7,0
CUST_00883,51,Female,53,21,110,6452.49,1,0
CUST_00884,55,Female,50,35,66,4235.51,0,0
CUST_00885,67,Male,4,360,37,690.78,8,1
CUST_00886,51,Female,52,310,16,792.6,8,1
CUST_00887,35,Male,31,224,72,5195.45,9,1
CUST_00888,47,Female,14,124,104,11625.47,6,0
CUST_00889,32,Male,1,240,75,3907.13,0,0
CUST_00890,44,Male,43,364,45,4200.38,1,0
CUST_00891,68,Female,59,300,15,1706.67,8,1
CUST_00892,51,Male,61,341,4,437.21,4,0
CUST_00893,69,Male,41,4,23,2177.86,1,0
CUST_00894,55,Male,18,123,72,6719.46,4,0
CUST_00895,50,Male,60,42,80,8989.08,0,0
CUST_00896,41,Male,69,169,16,964.71,9,0
CUST_00897,32,Female,59,280,88,6668.55,4,0
CUST_00898,47,Female,42,225,53,7707.92,6,0
CUST_00899,59,Female,36,185,10,1052.61,7,0
CUST_00900,68,Male,40,323,34,2896.31,2,0
CUST_00901,34,Male,30,11,18,1675.3,3,0
CUST_00902,22,Male,11,173,53,1542.19,1,0
CUST_00903,46,Male,25,96,16,1518.7,0,0
CUST_00904,21,Female,45,278,100,12792.74,9,0
CUST_00905,27,Male,51,139,62,5312.66,7,0
CUST_00906,34,Female,43,166,52,2021.82,6,0
CUST_00907,27,Male,66,187,115,8683.46,7,0
CUST_00908,34,Male,47,86,57,2994.39,4,0
CUST_00909,37,Male,24,231,72,4576.68,4,0
CUST_00910,41,Male,37,138,64,2904.08,0,0
CUST_00911,22,Male,56,19,84,5046.55,8,0
CUST_00912,51,Male,46,338,23,2896.37,2,0
CUST_00913,23,Male,28,156,40,4691.61,0,0
CUST_00914,19,Female,52,95,14,1137.12,3,0
CUST_00915,30,Female,15,17,80,9651.02,3,0
CUST_00916,60,Male,45,280,102,14963.53,7,0
CUST_00917,60,Male,58,261,18,1256.93,9,0
CUST_00918,65,Female,67,160,104,15319.02,9,0
CUST_00919,28,Female,41,309,115,5542.69,4,0
CUST_00920,68,Female,65,81,94,13523.08,9,0
CUST_00921,64,Male,40,185,36,4741.15,4,0
CUST_00922,40,Female,5,213,100,4188.27,0,0
CUST_00923,33,Female,28,342,39,2426.93,3,0
CUST_00924,48,Male,38,359,104,11499.21,7,1
CUST_00925,28,Female,18,167,41,1675.62,7,1
CUST_00926,33,Male,37,206,1,94.75,3,0
CUST_00927,25,Female,27,336,81,7063.12,2,0
CUST_00928,21,Female,25,261,92,5005.08,3,0
CUST_00929,57,Female,69,274,71,3945.61,5,0
CUST_00930,21,Female,27,236,84,7114.94,2,0
CUST_00931,42,Male,54,243,42,2330.15,2,0
CUST_00932,20,Female,7,220,24,944.03,8,1
CUST_00933,49,Female,27,347,117,13970.2,2,0
CUST_00934,20,Female,59,70,65,6079.96,0,0
CUST_00935,44,Female,31,213,18,1333.46,2,0
CUST_00936,46,Female,68,337,90,3552.16,7,0
CUST_00937,49,Female,4,287,14,1333.35,8,1
CUST_00938,67,Female,18,226,19,1897.38,3,0
CUST_00939,68,Female,63,269,82,6540.89,5,0
CUST_00940,36,Male,52,279,109,7119.86,9,1
CUST_00941,38,Female,63,249,7,924.55,7,0
CUST_00942,22,Male,45,321,64,7049.56,6,0
CUST_00943,35,Male,12,196,2,126.17,7,0
CUST_00944,45,Male,8,30,7,665.47,2,0
CUST_00945,59,Female,22,303,28,1303.5,3,0
CUST_00946,39,Female,41,131,92,1522.46,0,0
CUST_00947,38,Female,41,12,106,14023.2,3,0
CUST_00948,23,Male,57,16,81,10169.55,4,0
CUST_00949,18,Female,32,117,30,3039.58,1,0
CUST_00950,22,Female,55,149,85,10584.82,0,0
CUST_00951,58,Male,6,109,101,12161.52,4,0
CUST_00952,29,Male,39,236,73,9572.83,7,1
CUST_00953,43,Male,9,314,36,4874.46,7,1
CUST_00954,63,Female,32,5,116,14562.46,8,0
CUST_00955,51,Female,36,180,22,2859.69,7,0
CUST_00956,66,Male,16,337,79,6535.59,6,1
CUST_00957,31,Female,12,1,78,8625.32,0,0
CUST_00958,43,Male,41,8,27,1619.68,9,0
CUST_00959,62,Male,67,144,82,10762.73,0,0
CUST_00960,44,Male,58,143,10,1309.1,7,0
CUST_00961,26,Male,9,275,112,2680.07,4,0
CUST_00962,43,Male,17,153,22,1360.65,5,1
CUST_00963,64,Male,5,287,23,877.34,3,0
CUST_00964,39,Female,26,130,52,1733.32,3,0
CUST_00965,64,Male,1,121,42,2982.44,9,0
CUST_00966,47,Female,1,59,41,4078.04,8,1
CUST_00967,60,Female,35,217,48,2947.34,7,0
CUST_00968,65,Male,9,31,69,3915.34,3,0
CUST_00969,34,Female,38,244,51,1415.34,6,0
CUST_00970,43,Male,4,140,89,5935.78,7,1
CUST_00971,53,Female,52,213,1,78.58,6,0
CUST_00972,18,Female,19,29,88,6056.63,4,0
CUST_00973,25,Male,5,164,97,10360.7,9,1
CUST_00974,66,Female,48,104,56,3018.48,0,0
CUST_00975,52,Female,63,63,101,11278.24,5,0
CUST_00976,69,Female,38,15,71,9526.34,7,0
CUST_00977,32,Female,52,286,24,2275.62,5,0
CUST_00978,64,Male,46,179,15,1012.07,7,0
CUST_00979,39,Female,9,11,75,2944.39,5,0
CUST_00980,31,Male,50,13,44,6198.6,1,0
CUST_00981,43,Male,66,215,81,9436.54,5,0
CUST_00982,45,Male,38,311,49,2365.21,8,1
CUST_00983,40,Male,27,226,87,3074.21,1,0
CUST_00984,31,Female,20,63,49,1061.19,2,0
CUST_00985,41,Female,62,255,68,2769.28,8,0
CUST_00986,19,Female,16,130,95,10817.71,6,0
CUST_00987,62,Male,13,263,118,11798.47,0,0
CUST_00988,43,Female,20,171,98,14269.19,3,0
CUST_00989,31,Female,24,190,74,4326.49,3,0
CUST_00990,68,Male,50,284,37,4484.07,9,1
CUST_00991,24,Male,7,25,74,2313.38,4,0
CUST_00992,20,Female,29,160,42,3819.84,6,0
CUST_00993,64,Female,5,217,59,4602.99,4,0
CUST_00994,40,Female,35,176,75,9611.77,9,0
CUST_00995,63,Female,65,336,95,10423.06,5,0
CUST_00996,60,Female,70,221,10,412.33,8,0
CUST_00997,64,Male,7,280,107,15817.21,1,0
CUST_00998,62,Female,44,81,102,12864.68,5,0
CUST_00999,35,Male,13,125,53,3332.38,5,0
CUST_01000,55,Female,38,170,42,5313.59,0,0
CUST_01001,52,Female,13,70,8,1153.46,5,0
CUST_01002,68,Female,54,78,75,10139.1,6,0
CUST_01003,32,Female,44,90,84,7567.42,6,0
CUST_01004,42,Male,13,348,24,2229.96,2,1
CUST_01005,54,Female,25,111,51,1498.93,7,0
CUST_01006,45,Female,24,164,71,2643.71,6,0
CUST_01007,27,Female,29,128,60,8859.13,3,0
CUST_01008,56,Female,70,155,21,2497.36,3,0
CUST_01009,34,Male,18,194,108,1991.89,9,1
CUST_01010,56,Female,5,173,53,4712.67,6,0
CUST_01011,39,Female,18,300,6,369.69,1,0
CUST_01012,43,Male,63,313,31,1768.68,4,1
CUST_01013,61,Female,37,21,12,1081.7,5,0
CUST_01014,42,Female,71,311,101,5880.26,3,0
CUST_01015,34,Female,55,109,13,636.48,0,0
CUST_01016,30,Male,12,360,49,6938.65,0,0
CUST_01017,37,Female,52,129,31,631.8,2,0
CUST_01018,42,Female,57,280,9,664.95,8,1
CUST_01019,21,Female,46,27,27,2268.27,1,0
CUST_01020,27,Male,44,344,116,8629.65,4,0
CUST_01021,20,Male,24,92,53,5497.63,6,0
CUST_01022,58,Female,9,295,81,1495.77,1,0
CUST_01023,62,Female,12,55,115,15464.6,0,0
CUST_01024,35,Male,9,196,51,4208.96,6,1
CUST_01025,64,Male,22,221,72,6461.72,4,1
CUST_01026,53,Male,17,301,27,2091.8,6,1
CUST_01027,64,Female,33,156,40,3000.35,0,0
CUST_01028,39,Male,47,101,62,2492.67,5,0
CUST_01029,51,Male,15,236,58,4819.42,5,0
CUST_01030,64,Male,33,285,15,1078.23,6,1
CUST_01031,25,Female,15,69,39,3049.65,7,0
CUST_01032,57,Male,27,267,70,1180.7,8,1
CUST_01033,66,Male,61,138,96,3136.38,9,0
CUST_01034,61,Female,68,248,112,13219.15,4,0
CUST_01035,36,Male,48,103,8,572.63,3,0
CUST_01036,59,Male,8,108,35,4035.24,4,0
CUST_01037,58,Female,6,200,63,2400.3,9,1
CUST_01038,54,Male,63,215,31,3387.01,4,0
CUST_01039,23,Female,2,155,106,5727.19,8,0
CUST_01040,69,Male,22,87,90,9917.23,6,0
CUST_01041,43,Female,21,209,42,1122.06,1,0
CUST_01042,51,Male,6,178,88,5283.66,1,0
CUST_01043,62,Female,70,74,115,3578.01,0,0
CUST_01044,23,Male,13,258,66,6600.13,1,0
CUST_01045,54,Male,1,273,41,2788.03,1,0
CUST_01046,50,Female,22,351,1,25.03,4,1
CUST_01047,39,Female,24,336,74,6368.4,8,1
CUST_01048,38,Male,64,24,114,2093.16,6,0
CUST_01049,23,Female,41,313,87,10918.02,4,0
CUST_01050,23,Male,22,71,33,4675.33,9,1
CUST_01051,65,Female,61,83,108,13430.83,3,0
CUST_01052,21,Male,12,353,37,5307.77,5,1
CUST_01053,47,Female,4,292,57,7758.27,3,0
CUST_01054,28,Male,12,301,11,1493.97,9,1
CUST_01055,47,Male,33,10,84,4043.29,6,0
CUST_01056,48,Male,21,319,90,4158.7,2,0
CUST_01057,41,Male,52,43,110,13669.93,7,0
CUST_01058,26,Female,47,51,47,3822.84,7,0
CUST_01059,20,Female,59,207,66,9386.0,2,0
CUST_01060,68,Female,47,107,89,12115.56,6,0
CUST_01061,48,Male,56,259,4,542.32,0,0
CUST_01062,57,Male,13,194,83,4899.17,4,1
CUST_01063,54,Female,44,235,77,2536.52,8,0
CUST_01064,53,Female,35,163,83,8841.36,1,0
CUST_01065,41,Male,29,69,77,5734.8,2,0
CUST_01066,48,Female,56,335,55,7759.52,3,0
CUST_01067,23,Female,5,292,12,1563.26,1,0
CUST_01068,19,Female,67,305,66,9265.87,9,0
CUST_01069,37,Male,53,257,37,3391.49,5,0
CUST_01070,45,Male,60,329,114,9808.65,4,0
CUST_01071,28,Female,6,185,23,2975.19,4,0
CUST_01072,21,Female,48,255,55,4625.78,7,0
CUST_01073,32,Male,35,116,19,2593.57,5,0
CUST_01074,23,Male,18,14,67,1316.4,0,0
CUST_01075,66,Female,11,215,88,5582.42,0,0
CUST_01076,47,Male,51,93,23,2937.16,9,0
CUST_01077,55,Male,23,234,4,173.37,9,1
CUST_01078,68,Female,47,180,18,1239.49,4,0
CUST_01079,19,Female,59,54,12,196.27,2,0
CUST_01080,32,Female,57,305,35,1950.62,7,0
CUST_01081,28,Male,56,30,27,1566.44,1,0
CUST_01082,25,Female,27,12,43,4897.43,4,0
CUST_01083,43,Female,35,111,78,8302.31,5,0
CUST_01084,68,Male,55,112,95,7131.58,2,0
CUST_01085,62,Female,9,169,67,7594.31,7,1
CUST_01086,61,Male,18,104,69,5024.94,7,0
CUST_01087,22,Male,44,11,64,4715.04,5,0
CUST_01088,23,Male,21,347,93,9499.94,8,1
CUST_01089,43,Male,56,329,103,11596.69,2,0
CUST_01090,21,Male,48,272,52,6725.27,2,0
CUST_01091,36,Female,1,14,17,1979.47,7,0
CUST_01092,37,Male,27,175,83,8755.88,9,1
CUST_01093,50,Female,45,158,99,8989.15,3,0
CUST_01094,37,Female,63,110,33,1867.62,9,1
CUST_01095,66,Male,58,152,72,3617.73,0,0
CUST_01096,29,Male,40,234,52,6699.62,7,0
CUST_01097,64,Female,63,141,101,11295.99,7,0
CUST_01098,18,Female,38,119,35,3669.07,4,0
CUST_01099,43,Male,29,9,20,998.86,1,0
CUST_01100,31,Male,40,177,81,11819.74,6,0
CUST_01101,55,Female,19,49,45,1168.98,3,0
CUST_01102,54,Male,56,298,77,9868.64,7,1
CUST_01103,28,Female,44,333,68,2954.96,9,1
CUST_01104,53,Female,65,149,50,3397.77,5,0
CUST_01105,30,Male,13,157,58,4220.3,6,0
CUST_01106,60,Male,30,92,30,3133.94,9,0
CUST_01107,20,Male,49,152,70,6215.96,1,0
CUST_01108,50,Female,63,170,2,80.24,4,0
CUST_01109,23,Male,71,84,79,1505.13,3,0
CUST_01110,67,Male,35,359,34,3802.01,2,0
CUST_01111,27,Female,11,327,52,4324.56,6,1
CUST_01112,22,Male,49,48,84,5362.65,0,0
CUST_01113,40,Female,40,335,16,854.6,5,0
CUST_01114,27,Female,21,217,43,5422.77,2,0
CUST_01115,61,Male,47,77,64,7833.39,6,0
CUST_01116,19,Female,3,43,113,14296.4,8,0
CUST_01117,30,Female,30,264,93,4145.86,2,0
CUST_01118,57,Male,67,63,27,3510.39,0,0
CUST_01119,19,Male,62,245,119,17617.7,2,0
CUST_01120,37,Male,37,120,65,6232.56,8,1
CUST_01121,18,Female,22,319,13,277.79,9,1
CUST_01122,54,Male,31,262,40,4392.23,3,0
CUST_01123,26,Female,46,330,32,2804.62,2,0
CUST_01124,34,Female,45,250,67,7445.47,6,0
CUST_01125,26,Male,14,52,14,565.76,6,0
CUST_01126,28,Female,12,277,58,5613.4,3,0
CUST_01127,32,Male,63,142,92,8076.79,8,0
CUST_01128,41,Female,38,251,46,4431.47,8,0
CUST_01129,55,Female,47,314,90,10192.13,1,0
CUST_01130,52,Male,54,225,85,7519.89,6,0
CUST_01131,47,Male,55,153,110,6428.89,7,0
CUST_01132,48,Female,48,56,115,6522.28,7,0
CUST_01133,66,Female,15,339,75,8162.42,9,1
CUST_01134,22,Female,71,9,91,9520.42,0,0
CUST_01135,61,Male,16,241,108,7772.8,1,0
CUST_01136,67,Male,43,164,59,3700.94,7,0
CUST_01137,31,Male,7,133,65,6416.62,6,0
CUST_01138,28,Female,43,81,33,1885.68,6,0
CUST_01139,26,Male,28,350,46,6671.87,0,0
CUST_01140,51,Male,66,135,82,7832.98,1,0
CUST_01141,29,Female,60,134,54,5125.26,1,0
CUST_01142,52,Female,3,52,66,2204.73,2,0
CUST_01143,52,Male,1,202,4,389.21,2,0
CUST_01144,18,Male,31,198,54,2960.0,2,0
CUST_01145,57,Female,56,106,114,8663.65,3,0
CUST_01146,39,Male,46,311,4,350.63,3,0
CUST_01147,46,Male,32,244,119,9463.29,8,1
CUST_01148,25,Male,18,233,17,2112.56,2,0
CUST_01149,28,Female,68,14,112,3183.89,2,0
CUST_01150,58,Female,35,225,80,3007.15,8,0
CUST_01151,54,Male,23,211,73,2642.14,3,0
CUST_01152,31,Male,13,201,90,11274.53,5,1
CUST_01153,47,Female,14,165,74,2291.06,9,1
CUST_01154,52,Female,37,49,71,10376.28,4,0
CUST_01155,38,Female,5,133,73,10646.12,9,0
CUST_01156,54,Female,22,70,55,8189.24,2,0
CUST_01157,22,Female,28,119,48,7068.39,7,0
CUST_01158,36,Female,4,139,91,3195.71,4,0
CUST_01159,31,Male,50,243,96,9960.13,7,0
CUST_01160,43,Male,29,181,49,3378.95,5,0
CUST_01161,21,Male,37,183,23,2617.31,8,0
CUST_01162,42,Female,35,335,27,1884.57,1,0
CUST_01163,62,Female,20,50,25,1668.43,6,0
CUST_01164,59,Female,35,181,93,12744.11,9,1
CUST_01165,42,Male,2,125,24,1962.33,3,0
CUST_01166,35,Male,58,231,80,9189.39,9,0
CUST_01167,57,Male,18,311,80,8219.11,6,1
CUST_01168,25,Male,56,348,92,9548.74,8,0
CUST_01169,56,Female,64,3,20,1242.62,9,0
CUST_01170,57,Female,52,173,53,2601.27,0,0
CUST_01171,31,Male,22,81,83,11166.26,4,0
CUST_01172,49,Male,60,275,74,1355.65,5,0
CUST_01173,68,Female,10,315,26,996.97,3,0
CUST_01174,55,Male,6,345,60,1975.58,9,1
CUST_01175,50,Female,6,219,2,286.33,5,1
CUST_01176,40,Male,28,140,3,47.04,0,0
CUST_01177,32,Male,42,63,103,1656.55,7,0
CUST_01178,50,Male,41,27,56,2554.07,5,0
CUST_01179,42,Male,63,196,66,3476.67,9,0
CUST_01180,34,Female,22,152,25,2264.41,3,0
CUST_01181,50,Male,29,252,109,15779.49,4,0
CUST_01182,64,Male,71,248,68,5289.09,7,1
CUST_01183,19,Male,34,154,15,809.78,1,0
CUST_01184,31,Male,2,210,82,10274.19,3,0
CUST_01185,57,Male,26,22,7,469.56,6,0
CUST_01186,57,Female,19,70,91,3106.36,1,0
CUST_01187,68,Female,20,19,82,10025.99,5,0
CUST_01188,56,Female,33,101,71,1088.14,8,0
CUST_01189,68,Male,4,162,93,3970.22,1,0
CUST_01190,23,Male,32,139,41,4130.46,3,0
CUST_01191,23,Male,19,88,60,1729.95,9,1
CUST_01192,20,Male,3,37,44,2179.56,9,1
CUST_01193,24,Female,61,171,33,2247.17,4,0
CUST_01194,68,Female,38,260,66,4522.09,9,1
CUST_01195,25,Female,6,338,82,11998.93,7,1
CUST_01196,59,Male,56,271,110,11681.85,4,0
CUST_01197,69,Male,40,255,23,459.95,4,0
CUST_01198,32,Female,69,140,64,2872.47,9,0
CUST_01199,64,Male,42,68,6,589.31,8,0
CUST_01200,46,Female,2,68,63,7012.66,9,1
CUST_01201,50,Female,28,169,43,2854.36,5,0
CUST_01202,69,Female,17,105,25,3265.93,4,0
CUST_01203,47,Female,70,315,83,11816.11,2,0
CUST_01204,56,Male,69,58,8,783.19,0,0
CUST_01205,44,Male,39,187,117,10637.94,5,0
CUST_01206,53,Male,7,56,37,4305.27,9,1
CUST_01207,46,Female,32,4,90,10851.83,8,0
CUST_01208,55,Male,4,285,93,4099.79,3,0
CUST_01209,50,Female,21,17,59,4736.63,7,0
CUST_01210,54,Female,32,237,28,2111.3,1,0
CUST_01211,44,Female,14,307,53,7531.19,1,0
CUST_01212,50,Male,70,250,71,2136.28,3,0
CUST_01213,21,Male,46,24,55,7830.27,1,0
CUST_01214,39,Female,20,300,36,3322.81,5,1
CUST_01215,19,Female,58,116,62,3341.0,7,0
CUST_01216,27,Female,48,238,15,1985.42,2,0
CUST_01217,22,Male,7,169,54,1177.6,2,0
CUST_01218,27,Female,40,313,61,3541.47,3,0
CUST_01219,50,Female,59,288,97,11309.47,4,0
CUST_01220,55,Male,36,241,54,6843.87,2,0
CUST_01221,30,Female,44,364,69,2595.24,5,1
CUST_01222,48,Female,31,298,29,4122.03,4,1
CUST_01223,64,Male,42,290,81,1802.46,7,0
CUST_01224,53,Male,44,251,109,8014.76,9,1
CUST_01225,62,Female,43,165,27,760.2,3,0
CUST_01226,41,Male,43,341,81,2283.32,5,0
CUST_01227,69,Female,47,141,115,15913.28,8,0
CUST_01228,32,Female,6,120,68,9318.4,5,0
CUST_01229,46,Female,66,338,113,11080.77,9,1
CUST_01230,25,Female,9,161,12,1745.39,4,0
CUST_01231,22,Male,11,105,23,1869.72,7,0
CUST_01232,46,Male,18,338,50,6034.27,3,0
CUST_01233,64,Female,25,92,75,2109.85,5,0
CUST_01234,21,Male,58,204,100,6840.84,6,0
CUST_01235,29,Female,30,40,76,6424.84,9,1
CUST_01236,62,Female,1,54,73,8763.66,5,0
CUST_01237,19,Male,63,89,88,5293.64,7,0
CUST_01238,44,Male,29,135,82,12082.32,1,0
CUST_01239,48,Female,66,2,27,3083.46,4,0
CUST_01240,68,Female,53,97,59,5130.09,2,0
CUST_01241,68,Male,19,56,9,536.88,3,0
CUST_01242,53,Female,66,360,33,3355.33,9,1
CUST_01243,53,Female,52,124,70,7410.45,7,0
CUST_01244,43,Female,31,185,51,5441.17,1,0
CUST_01245,60,Male,60,125,97,9131.28,8,0
CUST_01246,44,Male,68,334,40,2762.61,6,0
CUST_01247,22,Female,30,264,6,751.49,0,0
CUST_01248,37,Female,13,340,4,199.47,2,0
CUST_01249,28,Male,15,191,3,298.28,7,1
CUST_01250,27,Female,20,338,13,1022.78,1,0
CUST_01251,57,Female,34,215,26,3523.86,9,1
CUST_01252,55,Male,20,221,34,3220.65,6,0
CUST_01253,23,Female,50,199,77,10049.7,0,0
CUST_01254,25,Female,27,344,53,7615.98,2,0
CUST_01255,40,Male,30,174,47,1510.97,9,1
CUST_01256,64,Male,56,217,8,719.61,1,0
CUST_01257,43,Female,65,206,76,10209.59,1,0
CUST_01258,63,Male,55,67,8,1061.84,9,1
CUST_01259,60,Male,24,174,19,787.51,1,0
CUST_01260,29,Female,25,78,105,8398.38,3,0
CUST_01261,43,Female,53,323,74,3338.73,5,0
CUST_01262,30,Female,11,42,32,4354.25,0,0
CUST_01263,57,Female,60,64,21,324.16,9,0
CUST_01264,35,Male,47,329,64,2846.98,6,1
CUST_01265,42,Male,25,199,23,1615.05,6,0
CUST_01266,50,Male,25,90,91,4081.66,0,0
CUST_01267,64,Male,17,7,89,13032.58,9,0
CUST_01268,57,Female,12,263,71,3403.99,8,0
CUST_01269,60,Female,52,122,42,2684.33,7,0
CUST_01270,29,Female,11,164,35,1347.49,1,0
CUST_01271,61,Male,10,116,2,280.2,6,0
CUST_01272,53,Male,60,13,92,6488.05,1,0
CUST_01273,65,Female,54,20,71,3574.81,3,0
CUST_01274,21,Male,63,201,106,5111.96,4,0
CUST_01275,22,Male,20,309,104,9782.05,9,1
CUST_01276,54,Female,5,254,76,11170.64,2,0
CUST_01277,25,Male,41,86,52,7618.69,6,0
CUST_01278,59,Male,63,180,17,2507.96,6,0
CUST_01279,66,Female,56,237,86,5778.93,5,0
CUST_01280,45,Male,32,353,9,1246.02,6,0
CUST_01281,48,Female,27,61,52,3899.62,2,0
CUST_01282,26,Male,68,215,3,251.78,6,0
CUST_01283,68,Male,48,215,22,1874.1,6,1
CUST_01284,46,Male,7,358,54,1273.59,8,1
CUST_01285,31,Female,46,90,36,1400.55,1,0
CUST_01286,57,Female,18,96,39,5250.28,2,0
CUST_01287,58,Female,38,61,18,2448.15,3,0
CUST_01288,39,Female,65,56,81,3423.8,7,0
CUST_01289,28,Female,17,220,27,1508.11,0,0
CUST_01290,40,Male,38,94,118,14988.86,1,0
CUST_01291,18,Male,63,40,99,4213.71,1,0
CUST_01292,63,Male,42,337,96,12855.49,1,0
CUST_01293,54,Male,8,319,67,8450.76,1,0
CUST_01294,38,Male,30,248,13,1612.25,6,0
CUST_01295,43,Male,64,217,17,2301.56,5,0
CUST_01296,63,Male,9,154,61,8218.79,6,0
CUST_01297,53,Male,57,351,18,2498.82,5,0
CUST_01298,40,Male,59,62,115,15379.89,9,0
CUST_01299,18,Female,67,240,17,1647.89,0,0
CUST_01300,68,Female,5,190,56,2032.4,5,0
CUST_01301,57,Male,4,146,48,4667.23,3,0
CUST_01302,32,Male,8,10,16,2275.18,8,0
CUST_01303,38,Male,42,292,86,12524.71,5,0
CUST_01304,64,Female,35,130,25,2833.56,8,0
CUST_01305,26,Male,13,60,65,7063.41,7,0
CUST_01306,26,Female,5,175,27,3825.6,4,0
CUST_01307,27,Male,40,73,14,760.51,9,0
CUST_01308,69,Male,19,239,92,3255.19,6,0
CUST_01309,43,Male,4,179,111,6010.66,7,0
CUST_01310,58,Male,59,67,100,14310.81,4,0
CUST_01311,52,Female,18,81,116,5064.74,7,0
CUST_01312,69,Female,24,77,117,5304.74,9,0
CUST_01313,42,Female,31,248,107,4392.15,8,0
CUST_01314,43,Female,58,195,50,4022.4,4,0
CUST_01315,28,Female,28,68,96,11761.19,7,0
CUST_01316,55,Female,9,338,29,1929.95,8,1
CUST_01317,19,Male,45,56,81,2309.82,0,0
CUST_01318,24,Male,49,99,28,3217.96,6,0
CUST_01319,35,Male,2,270,105,10219.33,6,1
CUST_01320,44,Female,6,76,21,1673.39,1,0
CUST_01321,51,Male,29,331,24,3483.68,1,0
CUST_01322,44,Female,26,66,46,3611.34,7,0
CUST_01323,34,Male,28,33,60,6833.49,6,0
CUST_01324,60,Female,7,269,99,3603.36,2,1
CUST_01325,61,Male,34,30,20,1424.65,9,0
CUST_01326,68,Male,56,26,52,2270.12,3,0
CUST_01327,41,Female,10,210,22,1363.97,2,0
CUST_01328,42,Male,57,269,68,5423.8,3,1
CUST_01329,24,Female,47,324,16,616.91,9,1
CUST_01330,69,Male,27,123,21,2591.63,4,0
CUST_01331,23,Male,39,33,44,2893.51,9,0
CUST_01332,41,Female,22,143,62,8434.44,0,0
CUST_01333,50,Female,19,145,21,2227.65,5,0
CUST_01334,66,Male,9,262,104,4039.55,4,1
CUST_01335,46,Female,19,5,105,10674.94,4,0
CUST_01336,60,Female,2,161,11,199.52,8,1
CUST_01337,39,Female,61,310,60,7439.75,2,0
CUST_01338,43,Male,59,144,37,5421.25,2,0
CUST_01339,45,Male,70,152,44,4685.88,8,0
CUST_01340,67,Female,71,5,22,3081.69,7,0
CUST_01341,38,Female,70,195,84,4603.02,8,1
CUST_01342,66,Female,33,125,66,4764.18,9,1
CUST_01343,24,Male,65,76,43,3109.79,9,0
CUST_01344,34,Male,25,306,75,2259.3,7,1
CUST_01345,37,Female,70,169,21,2572.92,6,0
CUST_01346,58,Male,28,217,33,2700.52,1,0
CUST_01347,66,Male,18,183,113,9176.48,4,0
CUST_01348,37,Male,63,337,17,1789.14,9,1
CUST_01349,39,Female,49,113,36,1371.0,6,1
CUST_01350,45,Male,66,276,14,1741.2,4,0
CUST_01351,57,Female,40,178,37,2382.53,0,0
CUST_01352,66,Female,66,125,31,798.3,9,1
CUST_01353,24,Female,4,291,4,162.78,5,1
CUST_01354,18,Male,34,323,6,294.81,5,1
CUST_01355,49,Male,5,199,50,1951.13,5,0
CUST_01356,30,Female,22,138,85,4054.54,2,0
CUST_01357,47,Female,20,218,77,11506.88,0,0
CUST_01358,40,Female,47,297,38,3328.54,6,0
CUST_01359,68,Female,34,168,79,7615.21,5,0
CUST_01360,36,Female,44,134,5,187.07,4,0
CUST_01361,49,Female,6,161,38,795.83,2,0
CUST_01362,47,Male,56,272,24,1365.54,5,0
CUST_01363,46,Male,29,280,18,2140.65,9,1
CUST_01364,66,Female,53,248,93,8410.51,8,0
CUST_01365,62,Male,1,222,32,526.58,7,1
CUST_01366,46,Female,59,316,71,8625.35,7,1
CUST_01367,47,Male,48,330,94,2729.76,7,0
CUST_01368,33,Female,7,172,102,7594.05,0,0
CUST_01369,57,Male,32,259,90,13493.6,6,0
CUST_01370,36,Male,61,256,72,2259.69,0,0
CUST_01371,35,Female,57,168,89,11127.54,6,0
CUST_01372,18,Male,51,120,30,3686.79,1,0
CUST_01373,31,Male,19,19,88,6607.09,2,0
CUST_01374,68,Male,27,296,30,4452.47,9,1
CUST_01375,64,Female,63,309,5,282.88,1,0
CUST_01376,67,Female,60,247,4,230.52,9,0
CUST_01377,19,Female,61,205,51,1814.24,0,0
CUST_01378,45,Male,61,67,106,6881.19,4,0
CUST_01379,66,Female,45,342,9,495.14,7,1
CUST_01380,67,Male,21,345,55,5313.33,5,1
CUST_01381,47,Female,44,185,33,676.46,3,0
CUST_01382,55,Female,1,342,115,6541.77,9,1
CUST_01383,68,Female,44,108,93,1454.09,0,0
CUST_01384,21,Female,62,165,31,491.41,9,0
CUST_01385,18,Female,61,121,108,13579.97,1,0
CUST_01386,25,Female,50,84,83,9646.69,1,0
CUST_01387,46,Male,41,302,109,12585.03,2,0
CUST_01388,56,Female,33,261,54,3388.0,1,0
CUST_01389,20,Male,12,107,111,12143.16,3,0
CUST_01390,49,Male,2,123,61,3027.57,3,0
CUST_01391,27,Male,21,73,66,3746.77,4,0
CUST_01392,27,Male,14,337,20,1818.71,8,1
CUST_01393,36,Male,34,313,76,8318.11,2,0
CUST_01394,63,Female,64,154,114,5799.54,5,0
CUST_01395,51,Male,23,289,85,9069.79,9,1
CUST_01396,50,Male,50,97,61,8841.13,3,0
CUST_01397,40,Female,14,292,95,7758.45,6,1
CUST_01398,45,Male,46,349,36,2518.54,3,0
CUST_01399,49,Female,5,278,84,3896.54,6,1
CUST_01400,67,Female,66,254,108,6812.65,0,0
CUST_01401,24,Female,22,82,20,1727.82,8,0
CUST_01402,46,Female,70,17,45,6410.45,0,0
CUST_01403,25,Male,2,300,100,5020.16,4,0
CUST_01404,18,Male,29,180,46,2127.39,7,0
CUST_01405,20,Male,61,216,117,16927.45,7,0
CUST_01406,41,Female,71,22,18,1742.2,5,0
CUST_01407,40,Male,16,236,70,7998.3,5,0
CUST_01408,25,Male,64,211,97,12319.87,1,0
CUST_01409,64,Male,14,286,74,1927.09,3,1
CUST_01410,54,Female,43,207,18,1448.1,7,1
CUST_01411,20,Male,43,325,115,3900.09,1,0
CUST_01412,68,Female,70,255,64,6354.07,5,0
CUST_01413,50,Male,55,345,34,4887.63,2,0
CUST_01414,45,Male,31,11,79,1784.94,6,0
CUST_01415,64,Male,40,307,3,156.01,8,1
CUST_01416,25,Female,27,319,72,10796.9,7,1
CUST_01417,51,Female,52,342,115,1810.19,7,0
CUST_01418,52,Male,7,34,11,372.24,8,0
CUST_01419,49,Male,46,121,46,1191.59,1,0
CUST_01420,41,Female,33,236,96,11342.26,5,0
CUST_01421,31,Male,8,183,112,13034.05,8,0
CUST_01422,49,Male,5,78,42,5038.91,1,0
CUST_01423,63,Male,61,123,17,2033.3,8,0
CUST_01424,60,Male,60,276,47,6004.47,1,0
CUST_01425,33,Male,24,208,30,3580.16,8,1
CUST_01426,21,Male,7,186,43,3451.99,0,0
CUST_01427,69,Male,61,17,8,925.12,5,0
CUST_01428,54,Female,36,290,40,3827.13,5,0
CUST_01429,38,Male,27,254,71,4578.12,1,0
CUST_01430,31,Female,29,99,20,2558.75,6,0
CUST_01431,48,Male,20,147,76,9225.29,9,1
CUST_01432,65,Female,70,114,85,3265.81,3,0
CUST_01433,35,Male,3,97,28,512.34,3,0
CUST_01434,24,Female,39,322,28,1614.38,8,1
CUST_01435,27,Male,45,328,59,4101.01,1,0
CUST_01436,24,Female,68,349,62,2389.37,8,1
CUST_01437,50,Male,31,170,80,10435.36,8,0
CUST_01438,40,Male,38,307,112,2187.74,5,1
CUST_01439,38,Female,6,199,74,5941.35,9,1
CUST_01440,36,Female,8,177,54,1214.43,6,0
CUST_01441,65,Male,28,124,86,7520.36,3,0
CUST_01442,36,Female,15,157,7,543.15,0,0
CUST_01443,53,Male,8,95,68,8181.8,8,0
CUST_01444,46,Male,54,286,24,2594.55,8,1
CUST_01445,35,Female,6,99,98,12635.53,0,0
CUST_01446,19,Male,29,235,41,3627.96,3,0
CUST_01447,18,Female,34,190,111,13989.22,6,0
CUST_01448,64,Male,7,294,54,6052.5,2,0
CUST_01449,22,Female,40,273,14,1683.26,4,0
CUST_01450,37,Female,13,330,44,4228.02,4,1
CUST_01451,28,Female,62,18,49,5495.0,7,0
CUST_01452,59,Female,65,174,63,4361.59,8,0
CUST_01453,19,Male,41,306,81,2144.28,0,0
CUST_01454,20,Female,42,120,45,3205.76,1,0
CUST_01455,40,Male,66,256,72,2765.45,4,0
CUST_01456,29,Female,11,96,106,10596.42,0,0
CUST_01457,37,Female,50,310,77,3891.4,5,0
CUST_01458,22,Female,71,31,7,1010.44,5,0
CUST_01459,54,Female,35,97,3,154.83,2,0
CUST_01460,55,Male,20,193,88,2485.82,3,0
CUST_01461,47,Female,28,233,47,6292.56,2,0
CUST_01462,26,Male,37,46,88,6243.21,4,0
CUST_01463,51,Female,3,291,61,3844.9,8,1
CUST_01464,61,Male,59,236,71,9551.45,9,0
CUST_01465,52,Female,27,49,30,3096.49,2,0
CUST_01466,69,Male,32,337,5,434.22,1,0
CUST_01467,39,Female,48,162,104,6152.89,5,0
CUST_01468,61,Male,46,285,85,4631.37,9,1
CUST_01469,41,Female,47,134,113,10535.44,0,0
CUST_01470,34,Male,40,257,72,5953.56,8,0
CUST_01471,27,Female,3,183,7,365.82,9,1
CUST_01472,47,Male,29,27,39,1554.01,2,0
CUST_01473,63,Female,58,140,2,250.86,2,0
CUST_01474,40,Male,50,260,43,4637.37,7,0
CUST_01475,49,Female,10,80,12,1789.13,5,0
CUST_01476,34,Male,61,180,28,2369.72,2,0
CUST_01477,67,Female,61,267,108,16118.18,5,0
CUST_01478,68,Male,23,52,19,1467.02,5,0
CUST_01479,34,Male,6,84,28,2442.14,2,0
CUST_01480,31,Female,60,156,99,4279.72,5,0
CUST_01481,26,Male,27,328,76,2673.96,9,0
CUST_01482,57,Male,55,104,92,13057.53,7,0
CUST_01483,19,Female,31,346,90,13271.77,8,1
CUST_01484,62,Female,30,97,102,9069.9,2,0
CUST_01485,42,Female,67,125,70,3622.8,1,0
CUST_01486,56,Male,13,183,19,2725.35,9,1
CUST_01487,26,Male,59,327,64,7843.9,9,1
CUST_01488,39,Female,54,54,91,3573.95,6,0
CUST_01489,60,Male,21,302,117,6467.29,7,1
CUST_01490,63,Female,43,164,9,140.11,8,0
CUST_01491,21,Male,11,149,119,11134.87,0,0
CUST_01492,43,Female,67,290,41,3528.6,0,0
CUST_01493,46,Female,38,87,50,1856.25,0,0
CUST_01494,62,Female,24,162,10,608.09,3,0
CUST_01495,51,Male,51,168,74,10492.81,2,0
CUST_01496,40,Female,61,135,97,9953.57,6,0
CUST_01497,54,Male,46,90,82,10783.41,5,0
CUST_01498,28,Female,43,308,54,6921.29,2,0
CUST_01499,23,Female,27,305,10,1392.89,2,0
CUST_01500,35,Male,30,81,7,144.26,4,0
CUST_01501,38,Male,63,351,104,5245.09,3,0
CUST_01502,59,Female,10,231,32,2275.28,8,1
CUST_01503,53,Male,3,89,107,10851.21,0,0
CUST_01504,58,Female,60,293,54,5243.24,0,0
CUST_01505,55,Male,27,2,70,3375.7,4,0
CUST_01506,51,Male,45,352,83,3405.37,7,1
CUST_01507,34,Female,62,222,63,4665.19,3,0
CUST_01508,54,Female,24,17,105,5127.53,8,0
CUST_01509,42,Male,46,196,107,15546.04,6,0
CUST_01510,55,Female,44,120,34,4941.46,2,0
CUST_01511,29,Female,63,242,43,1303.01,5,0
CUST_01512,40,Female,4,174,5,550.94,5,0
CUST_01513,59,Male,16,32,19,870.4,4,0
CUST_01514,39,Male,51,275,113,12639.43,7,0
CUST_01515,38,Female,48,195,114,13515.77,0,0
CUST_01516,44,Female,65,4,54,1161.14,9,0
CUST_01517,48,Male,69,281,14,1524.21,3,0
CUST_01518,23,Female,45,21,10,1360.68,6,0
CUST_01519,44,Male,3,238,49,2165.84,5,0
CUST_01520,57,Male,17,93,11,336.62,6,0
CUST_01521,51,Female,37,89,31,2837.16,2,0
CUST_01522,29,Female,5,113,66,5600.56,2,0
CUST_01523,62,Male,47,221,10,1345.79,0,0
CUST_01524,24,Female,44,98,21,1593.83,6,0
CUST_01525,27,Female,33,142,1,70.83,3,0
CUST_01526,62,Female,21,150,46,5123.75,8,0
CUST_01527,34,Female,67,48,95,2418.01,4,0
CUST_01528,43,Male,68,51,75,1702.56,4,0
CUST_01529,38,Male,32,208,107,8898.54,8,1
CUST_01530,45,Male,24,11,74,1999.43,0,0
CUST_01531,63,Female,35,270,20,2835.65,5,0
CUST_01532,19,Female,18,263,21,2169.77,7,0
CUST_01533,60,Male,67,197,37,4319.47,0,0
CUST_01534,18,Male,54,186,101,4635.68,9,0
CUST_01535,68,Male,26,296,14,1143.71,8,1
CUST_01536,53,Male,60,221,58,1918.02,7,1
CUST_01537,68,Female,65,81,57,2417.88,5,0
CUST_01538,43,Female,51,222,57,5227.37,8,0
CUST_01539,46,Male,60,170,69,3642.39,2,0
CUST_01540,38,Female,59,86,70,9716.86,3,0
CUST_01541,28,Female,17,44,24,3584.59,2,0
CUST_01542,57,Female,21,261,80,1242.41,4,0
CUST_01543,28,Male,67,104,60,7048.7,0,0
CUST_01544,53,Male,28,284,23,703.12,0,0
CUST_01545,66,Male,44,228,47,4350.98,1,0
CUST_01546,56,Female,70,188,38,1742.12,0,0
CUST_01547,57,Female,62,121,116,16849.93,2,0
CUST_01548,52,Female,42,149,80,10658.72,1,0
CUST_01549,51,Male,22,352,115,10968.55,9,1
CUST_01550,64,Male,38,305,52,2015.64,6,1
CUST_01551,41,Male,14,57,13,1568.61,7,0
CUST_01552,39,Female,26,341,115,9802.63,1,0
CUST_01553,22,Male,40,189,109,10634.15,3,0
CUST_01554,50,Male,54,357,8,895.38,7,1
CUST_01555,53,Female,13,38,102,7262.89,9,1
CUST_01556,64,Female,19,201,32,513.43,0,0
CUST_01557,37,Female,42,229,86,5518.03,7,0
CUST_01558,36,Male,41,131,17,1204.27,7,0
CUST_01559,52,Female,50,171,5,322.67,1,0
CUST_01560,69,Male,3,330,72,9157.85,2,0
CUST_01561,60,Female,31,35,50,2993.38,8,0
CUST_01562,34,Male,15,201,94,6693.32,9,1
CUST_01563,62,Male,54,168,83,1935.27,4,0
CUST_01564,60,Female,53,246,12,1341.31,6,1
CUST_01565,51,Female,45,224,89,3923.26,4,0
CUST_01566,26,Female,38,341,44,2055.97,9,1
CUST_01567,43,Male,50,58,77,7255.35,1,0
CUST_01568,19,Male,24,290,68,10049.02,1,0
CUST_01569,26,Female,17,25,59,4151.8,0,0
CUST_01570,26,Female,18,32,10,591.66,5,0
CUST_01571,57,Female,42,110,48,954.62,6,0
CUST_01572,34,Female,17,101,28,3396.27,4,0
CUST_01573,18,Female,16,150,5,251.37,2,0
CUST_01574,42,Female,52,345,92,10928.99,9,1
CUST_01575,60,Male,36,193,44,2336.66,9,1
CUST_01576,57,Male,39,109,31,590.09,8,0
CUST_01577,59,Male,25,356,16,1316.14,7,1
CUST_01578,42,Male,42,277,23,3158.31,1,0
CUST_01579,56,Female,21,233,93,4038.97,2,0
CUST_01580,52,Female,68,21,111,3971.49,6,0
CUST_01581,20,Female,59,252,21,838.86,8,1
CUST_01582,67,Male,30,14,2,216.37,1,0
CUST_01583,54,Male,57,215,23,1485.77,9,0
CUST_01584,61,Male,33,24,80,3965.46,6,0
CUST_01585,61,Female,53,20,11,666.48,7,0
CUST_01586,68,Male,16,202,118,6693.9,5,0
CUST_01587,47,Female,49,321,73,6453.92,5,0
CUST_01588,55,Male,5,52,2,66.0,7,0
CUST_01589,51,Male,60,357,82,6861.55,2,0
CUST_01590,29,Female,71,186,13,742.12,7,0
CUST_01591,36,Female,55,207,45,6340.74,9,1
CUST_01592,54,Male,35,360,72,5180.06,0,0
CUST_01593,61,Female,69,95,10,285.01,1,0
CUST_01594,66,Female,42,348,91,12834.39,5,0
CUST_01595,34,Female,69,266,81,11466.56,1,0
CUST_01596,27,Female,24,326,88,3404.87,9,1
CUST_01597,66,Female,71,15,21,2629.56,1,0
CUST_01598,64,Male,71,175,1,131.36,2,0
CUST_01599,29,Female,55,219,16,1008.09,2,0
CUST_01600,33,Male,14,10,43,1570.9,3,0
CUST_01601,41,Female,55,19,97,11910.68,8,0
CUST_01602,36,Male,15,68,6,112.93,8,0
CUST_01603,25,Male,5,278,76,7495.12,1,0
CUST_01604,48,Female,4,319,96,5872.0,1,0
CUST_01605,38,Male,30,294,112,10691.92,5,0
CUST_01606,34,Male,53,15,11,1336.44,4,0
CUST_01607,40,Female,30,326,82,10404.13,4,0
CUST_01608,54,Female,61,114,66,9886.34,6,0
CUST_01609,33,Female,71,300,96,9737.32,8,1
CUST_01610,23,Male,68,158,49,2213.21,0,0
CUST_01611,25,Female,55,104,113,5906.94,4,0
CUST_01612,42,Male,71,280,20,1477.59,4,0
CUST_01613,35,Male,42,86,21,2720.41,4,0
CUST_01614,42,Female,29,94,36,2322.92,8,0
CUST_01615,29,Female,35,174,38,4100.82,5,0
CUST_01616,32,Female,45,242,56,1180.86,7,0
CUST_01617,43,Female,29,262,91,6648.26,7,1
CUST_01618,58,Male,70,294,111,4167.89,5,0
CUST_01619,62,Female,3,282,11,1558.59,5,1
CUST_01620,43,Male,57,147,18,2193.19,9,0
CUST_01621,64,Female,66,2,81,2732.13,7,0
CUST_01622,49,Female,22,68,98,6786.49,0,0
CUST_01623,27,Female,27,69,45,1164.59,8,0
CUST_01624,33,Female,22,47,26,3010.42,8,0
CUST_01625,24,Female,49,355,59,2409.23,7,0
CUST_01626,34,Female,24,64,6,741.51,3,0
CUST_01627,40,Male,27,80,43,1074.7,0,0
CUST_01628,43,Male,36,254,94,8680.83,1,0
CUST_01629,38,Female,17,237,52,5049.57,0,0
CUST_01630,39,Female,56,329,103,6193.92,2,0
CUST_01631,24,Male,10,139,62,2304.42,8,1
CUST_01632,31,Male,54,264,114,6693.73,5,0
CUST_01633,32,Male,38,316,96,7861.83,4,0
CUST_01634,24,Female,4,154,17,2479.1,7,1
CUST_01635,26,Male,50,132,77,5800.96,9,0
CUST_01636,68,Male,61,226,117,4746.29,2,0
CUST_01637,65,Female,21,92,46,850.75,9,0
CUST_01638,25,Female,36,118,41,660.55,2,0
CUST_01639,67,Male,46,126,13,926.38,4,0
CUST_01640,40,Male,71,227,6,330.01,0,0
CUST_01641,46,Female,44,339,86,2626.1,6,1
CUST_01642,35,Male,64,179,97,3709.64,2,0
CUST_01643,48,Female,18,85,33,2053.83,1,0
CUST_01644,47,Female,13,164,4,430.78,6,0
CUST_01645,69,Male,13,230,78,7588.96,0,0
CUST_01646,56,Female,25,206,50,1289.7,0,0
CUST_01647,52,Male,5,104,48,1646.81,8,0
CUST_01648,35,Male,39,114,99,13625.81,6,0
CUST_01649,59,Female,29,188,27,664.09,2,0
CUST_01650,56,Female,57,271,6,251.09,4,0
CUST_01651,34,Male,46,51,58,3359.49,1,0
CUST_01652,31,Male,33,306,63,2902.16,4,0
CUST_01653,48,Male,10,222,1,54.26,8,1
CUST_01654,41,Male,58,111,107,12117.21,9,0
CUST_01655,52,Female,25,55,28,779.15,4,0
CUST_01656,61,Male,39,12,29,1813.99,0,0
CUST_01657,62,Female,16,190,96,9368.01,7,0
CUST_01658,51,Male,60,155,28,604.62,5,0
CUST_01659,20,Female,28,335,91,1909.16,1,0
CUST_01660,54,Female,44,346,74,6090.69,5,1
CUST_01661,60,Female,58,265,82,11191.06,8,0
CUST_01662,57,Male,32,360,68,5102.97,2,1
CUST_01663,43,Male,63,104,102,7129.5,4,0
CUST_01664,40,Male,45,163,115,1882.7,6,0
CUST_01665,61,Female,53,141,41,4670.56,9,0
CUST_01666,56,Female,61,237,106,3938.06,1,0
CUST_01667,32,Female,50,44,116,12678.41,0,0
CUST_01668,66,Female,27,239,55,3412.66,4,0
CUST_01669,21,Male,26,97,32,674.35,3,0
CUST_01670,46,Female,3,98,69,4089.4,8,0
CUST_01671,39,Female,39,324,22,2288.89,9,1
CUST_01672,42,Male,65,53,112,13297.28,3,0
CUST_01673,30,Male,35,109,57,5745.51,6,0
CUST_01674,35,Female,53,257,22,2441.85,4,0
CUST_01675,50,Male,46,11,66,3091.99,4,0
CUST_01676,33,Male,68,178,41,5957.65,5,0
CUST_01677,62,Female,22,294,43,1962.22,7,1
CUST_01678,59,Female,60,25,34,1290.75,3,0
CUST_01679,61,Male,6,126,114,5554.6,8,0
CUST_01680,19,Male,52,266,2,292.45,5,0
CUST_01681,52,Female,29,133,110,2614.56,7,1
CUST_01682,59,Female,43,278,119,14210.4,3,0
CUST_01683,51,Male,34,42,59,1723.61,8,0
CUST_01684,47,Female,31,101,36,4298.2,8,0
CUST_01685,30,Female,46,284,104,5449.42,0,0
CUST_01686,30,Female,4,277,8,904.75,0,1
CUST_01687,35,Male,2,139,33,713.3,6,0
CUST_01688,49,Male,5,221,33,1985.62,2,0
CUST_01689,49,Female,46,69,68,5285.25,6,0
CUST_01690,52,Male,19,293,18,320.24,0,0
CUST_01691,56,Female,38,177,64,2522.53,0,0
CUST_01692,63,Male,59,197,61,2305.05,6,0
CUST_01693,69,Male,20,33,83,6639.11,3,0
CUST_01694,46,Male,68,301,10,329.78,1,0
CUST_01695,66,Male,53,228,50,7345.9,4,0
CUST_01696,46,Female,55,136,106,14281.97,4,0
CUST_01697,61,Male,39,134,105,4754.97,3,0
CUST_01698,33,Female,36,143,94,4382.12,8,0
CUST_01699,61,Female,58,245,22,3143.86,1,0
CUST_01700,64,Male,15,137,39,2162.1,3,0
CUST_01701,27,Female,1,61,102,7358.69,1,0
CUST_01702,47,Male,9,56,65,7130.48,9,0
CUST_01703,42,Female,23,133,30,1843.35,3,0
CUST_01704,56,Female,52,208,5,684.16,5,0
CUST_01705,37,Male,26,126,115,10869.79,4,0
CUST_01706,22,Male,60,123,111,10165.03,9,0
CUST_01707,18,Female,18,231,26,2335.58,9,1
CUST_01708,47,Female,58,35,63,1897.96,5,0
CUST_01709,66,Male,65,266,46,5598.64,1,0
CUST_01710,20,Female,69,91,31,2859.3,0,0
CUST_01711,62,Male,14,21,103,2289.18,4,0
CUST_01712,31,Female,46,140,41,5321.75,2,0
CUST_01713,47,Male,69,265,12,1361.72,2,0
CUST_01714,67,Female,32,120,17,918.0,9,0
CUST_01715,21,Male,51,221,18,965.08,4,0
CUST_01716,35,Female,69,23,66,5487.02,2,0
CUST_01717,54,Female,15,39,113,1805.32,5,0
CUST_01718,42,Female,53,235,88,10938.29,6,0
CUST_01719,65,Female,71,241,92,13080.2,5,0
CUST_01720,18,Female,69,128,116,8733.79,9,0
CUST_01721,63,Female,15,22,39,3410.06,7,0
CUST_01722,32,Female,30,55,74,9199.75,3,0
CUST_01723,26,Female,24,330,111,5824.82,5,0
CUST_01724,32,Female,35,47,33,2685.66,2,0
CUST_01725,66,Female,69,234,88,2638.61,9,1
CUST_01726,41,Male,12,27,75,8231.82,6,0
CUST_01727,21,Female,46,48,8,976.28,5,0
CUST_01728,29,Male,69,167,91,2186.94,5,0
CUST_01729,54,Female,36,271,26,3487.29,2,0
CUST_01730,54,Female,48,81,76,4982.57,0,0
CUST_01731,60,Female,67,118,35,4882.43,1,0
CUST_01732,23,Male,54,45,57,7781.83,9,0
CUST_01733,56,Male,36,275,79,9619.95,9,0
CUST_01734,63,Female,52,181,21,2668.47,2,0
CUST_01735,41,Male,22,311,37,2000.42,0,0
CUST_01736,28,Male,38,232,94,6070.87,7,1
CUST_01737,30,Female,62,86,5,237.04,8,0
CUST_01738,51,Female,65,105,17,1068.59,6,0
CUST_01739,42,Male,3,243,90,8177.15,6,0
CUST_01740,24,Female,8,177,98,12901.12,2,0
CUST_01741,69,Male,39,234,97,8620.37,8,1
CUST_01742,21,Female,18,78,82,8942.32,8,0
CUST_01743,25,Male,3,126,25,833.29,4,0
CUST_01744,37,Female,18,189,105,14893.38,6,0
CUST_01745,46,Male,1,60,61,5717.46,0,0
CUST_01746,68,Female,26,220,94,11255.02,5,0
CUST_01747,62,Male,52,76,37,5542.84,9,0
CUST_01748,63,Female,12,91,84,11009.29,0,0
CUST_01749,27,Male,38,116,109,9056.79,9,0
CUST_01750,60,Male,41,280,66,8724.24,5,0
CUST_01751,51,Female,53,167,118,12266.68,5,0
CUST_01752,43,Female,13,126,13,1476.18,6,0
CUST_01753,58,Male,13,233,40,4041.39,6,0
CUST_01754,66,Male,18,114,42,2260.88,9,1
CUST_01755,20,Male,19,100,84,5052.97,2,0
CUST_01756,23,Male,19,151,70,6326.3,6,0
CUST_01757,22,Male,70,72,75,9975.02,9,0
CUST_01758,22,Male,48,349,110,8370.26,1,0
CUST_01759,64,Female,71,167,25,2199.42,1,0
CUST_01760,40,Female,71,72,42,2722.78,0,0
CUST_01761,66,Male,28,348,10,174.48,1,0
CUST_01762,26,Female,19,353,95,9678.39,1,0
CUST_01763,52,Female,48,11,43,3930.26,8,0
CUST_01764,37,Male,29,298,68,10000.39,2,0
CUST_01765,66,Male,48,229,89,7438.22,0,0
CUST_01766,59,Female,19,126,28,2442.1,1,0
CUST_01767,52,Male,47,153,24,1274.53,9,0
CUST_01768,67,Male,60,162,99,2816.14,7,0
CUST_01769,35,Female,48,278,41,4531.42,9,1
CUST_01770,34,Female,20,179,61,7572.3,1,0
CUST_01771,41,Male,19,144,5,662.05,3,0
CUST_01772,20,Female,42,139,97,6748.94,8,0
CUST_01773,49,Female,49,206,11,1209.79,8,0
CUST_01774,52,Female,15,96,8,403.71,6,0
CUST_01775,55,Female,60,214,21,1031.66,0,0
CUST_01776,30,Male,68,69,96,14344.6,9,0
CUST_01777,64,Female,27,356,64,8299.16,4,1
CUST_01778,42,Male,55,318,5,247.94,4,0
CUST_01779,26,Male,15,19,34,2499.3,1,0
CUST_01780,21,Male,52,316,9,821.44,6,0
CUST_01781,31,Male,31,351,38,636.55,0,0
CUST_01782,54,Male,7,101,43,6213.58,0,0
CUST_01783,51,Male,13,81,96,2849.68,9,0
CUST_01784,28,Male,54,183,10,1253.27,0,0
CUST_01785,58,Female,13,18,12,1761.01,9,0
CUST_01786,20,Male,20,155,99,10897.02,6,0
CUST_01787,45,Female,10,341,103,14986.83,3,0
CUST_01788,46,Male,52,129,18,317.85,3,0
CUST_01789,26,Male,37,315,87,5469.17,8,0
CUST_01790,20,Male,52,161,12,951.85,3,0
CUST_01791,42,Male,27,119,31,3741.6,7,0
CUST_01792,51,Female,34,332,11,1136.98,0,0
CUST_01793,29,Male,62,173,98,11207.4,2,0
CUST_01794,59,Female,16,153,27,932.29,0,0
CUST_01795,26,Female,59,20,21,2709.91,0,0
CUST_01796,32,Male,21,34,74,9324.04,2,0
CUST_01797,57,Female,16,314,13,1544.44,3,1
CUST_01798,42,Male,13,60,45,5644.05,5,0
CUST_01799,22,Female,33,158,47,2060.26,2,0
CUST_01800,28,Female,54,364,25,848.4,7,1
CUST_01801,51,Male,69,206,77,10459.16,7,0
CUST_01802,41,Male,27,93,105,15140.62,2,0
CUST_01803,32,Male,52,218,64,4625.66,2,0
CUST_01804,55,Male,65,323,70,5274.15,5,0
CUST_01805,25,Female,44,89,99,11388.16,0,0
CUST_01806,22,Male,30,173,28,2291.1,0,0
CUST_01807,65,Male,23,40,20,1146.6,4,0
CUST_01808,43,Male,16,203,84,3415.69,9,1
CUST_01809,35,Female,55,221,41,740.37,6,0
CUST_01810,23,Male,18,47,4,377.36,0,0
CUST_01811,54,Female,17,243,84,2872.03,1,0
CUST_01812,65,Female,52,88,69,9030.54,8,0
CUST_01813,30,Female,45,157,86,12701.11,0,0
CUST_01814,45,Female,56,162,24,1843.08,2,0
CUST_01815,22,Male,54,20,108,3305.01,7,0
CUST_01816,30,Male,9,148,17,1593.03,1,0
CUST_01817,34,Female,17,201,5,462.37,9,1
CUST_01818,67,Female,27,312,57,1881.16,6,1
CUST_01819,57,Female,37,151,26,2660.73,1,0
CUST_01820,62,Male,22,100,100,5766.85,2,0
CUST_01821,49,Male,67,247,72,9298.18,9,0
CUST_01822,46,Female,38,113,73,6888.93,8,0
CUST_01823,68,Male,44,219,17,1248.62,3,0
CUST_01824,20,Male,36,344,56,8122.68,6,1
CUST_01825,57,Male,25,360,8,650.52,5,1
CUST_01826,51,Female,42,25,64,8626.22,6,0
CUST_01827,57,Male,13,289,69,3497.05,6,1
CUST_01828,44,Male,56,103,10,746.4,1,0
CUST_01829,30,Female,51,79,50,1316.25,0,0
CUST_01830,62,Male,50,16,55,3963.98,9,0
CUST_01831,50,Female,52,341,14,1900.59,5,1
CUST_01832,23,Female,33,59,91,11554.94,6,0
CUST_01833,41,Male,25,194,27,3961.45,1,0
CUST_01834,36,Female,58,125,5,581.07,1,0
CUST_01835,33,Female,40,32,79,4080.42,8,0
CUST_01836,57,Male,38,178,28,1027.94,4,0
CUST_01837,45,Male,3,219,5,196.17,6,1
CUST_01838,50,Female,16,100,86,8968.65,0,0
CUST_01839,65,Male,2,103,12,799.24,3,0
CUST_01840,58,Female,23,118,106,7514.87,1,0
CUST_01841,30,Female,30,243,8,1049.42,4,0
CUST_01842,60,Male,10,119,59,6672.89,0,0
CUST_01843,62,Female,65,7,65,2811.38,9,0
CUST_01844,42,Male,22,10,99,3771.77,6,0
CUST_01845,59,Female,52,316,60,7557.65,1,0
CUST_01846,53,Male,56,281,80,11498.97,2,0
CUST_01847,44,Female,33,42,55,2199.68,4,0
CUST_01848,55,Female,30,47,94,13487.85,8,0
CUST_01849,24,Female,24,96,43,3139.62,9,0
CUST_01850,22,Female,5,246,41,5627.82,3,0
CUST_01851,60,Female,53,224,10,1163.66,7,0
CUST_01852,62,Male,55,114,98,13444.61,7,0
CUST_01853,68,Female,23,32,116,11843.01,9,0
CUST_01854,48,Female,10,330,75,2714.72,3,0
CUST_01855,40,Female,33,153,84,1944.55,3,0
CUST_01856,59,Female,62,217,107,10663.64,1,0
CUST_01857,27,Male,27,246,7,160.15,7,0
CUST_01858,49,Male,7,272,21,984.02,0,0
CUST_01859,60,Male,27,350,75,3213.08,4,0
CUST_01860,47,Female,10,261,101,7338.56,7,1
CUST_01861,56,Male,57,7,87,8321.23,5,0
CUST_01862,48,Female,30,205,44,6072.32,9,1
CUST_01863,35,Male,3,264,95,13431.66,3,0
CUST_01864,53,Male,29,289,82,12104.88,8,1
CUST_01865,19,Male,14,318,88,10394.22,2,0
CUST_01866,31,Male,25,202,86,11986.26,8,0
CUST_01867,30,Female,10,116,37,4504.18,0,0
CUST_01868,46,Male,49,212,111,15310.36,3,0
CUST_01869,29,Male,38,160,44,1278.8,9,1
CUST_01870,56,Male,71,129,65,9412.82,2,0
CUST_01871,19,Female,14,347,114,5319.93,1,0
CUST_01872,49,Female,30,148,6,550.46,3,0
CUST_01873,30,Male,40,311,38,3221.33,3,0
CUST_01874,63,Female,12,78,93,8481.82,8,0
CUST_01875,44,Male,14,262,43,4720.28,9,1
CUST_01876,66,Male,1,52,57,5007.2,5,0
CUST_01877,58,Female,68,258,75,8098.57,5,0
CUST_01878,34,Male,49,221,80,6971.4,5,0
CUST_01879,57,Female,18,39,70,1163.81,5,0
CUST_01880,48,Male,36,248,65,6480.14,7,0
CUST_01881,51,Female,64,288,55,4947.37,3,0
CUST_01882,41,Male,28,254,112,10537.96,0,0
CUST_01883,62,Female,32,116,35,532.37,2,0
CUST_01884,52,Female,25,197,24,1878.74,7,1
CUST_01885,65,Male,47,214,38,5058.63,0,0
CUST_01886,23,Female,20,92,3,179.68,4,0
CUST_01887,36,Male,33,32,51,3828.01,1,0
CUST_01888,47,Female,30,93,61,1923.33,9,0
CUST_01889,24,Male,37,232,40,3031.27,3,0
CUST_01890,27,Male,53,131,54,3695.22,2,0
CUST_01891,58,Female,69,318,66,8857.89,0,0
CUST_01892,49,Male,8,223,115,2275.21,4,0
CUST_01893,51,Female,1,13,60,8604.85,8,0
CUST_01894,45,Male,7,326,15,1392.22,2,0
CUST_01895,32,Male,62,21,86,7439.06,0,0
CUST_01896,47,Female,58,14,46,6193.32,0,0
CUST_01897,54,Female,8,345,110,4486.49,0,0
CUST_01898,46,Male,64,327,55,2376.92,3,0
CUST_01899,39,Male,8,107,4,532.19,4,0
CUST_01900,21,Male,3,128,24,3371.4,7,0
CUST_01901,37,Male,58,32,83,10632.68,9,1
CUST_01902,49,Male,32,169,94,1933.65,6,0
CUST_01903,53,Male,68,288,86,8860.52,9,0
CUST_01904,67,Female,49,81,103,7818.07,3,0
CUST_01905,21,Female,38,182,112,13894.31,1,0
CUST_01906,44,Male,2,358,40,1453.92,1,0
CUST_01907,34,Male,9,190,27,3759.61,1,0
CUST_01908,29,Male,46,255,79,4762.05,0,0
CUST_01909,39,Female,65,341,52,3049.07,5,0
CUST_01910,34,Female,49,299,37,1446.24,3,0
CUST_01911,27,Female,29,166,118,1880.72,2,0
CUST_01912,18,Female,29,256,1,57.22,0,0
CUST_01913,39,Female,33,198,76,2661.81,6,1
CUST_01914,43,Male,28,213,9,1031.84,8,1
CUST_01915,35,Male,26,45,83,9723.13,3,0
CUST_01916,67,Female,29,302,18,2281.88,0,0
CUST_01917,31,Male,11,360,39,613.65,2,1
CUST_01918,64,Female,34,13,75,4683.77,8,0
CUST_01919,46,Female,48,52,75,1183.8,0,0
CUST_01920,29,Female,27,265,30,2506.25,0,0
CUST_01921,53,Male,40,325,20,2754.32,4,0
CUST_01922,52,Female,31,43,116,8127.56,4,0
CUST_01923,69,Female,65,7,15,1994.17,7,0
CUST_01924,29,Female,39,230,64,9147.08,0,0
CUST_01925,24,Female,24,44,119,5606.32,7,0
CUST_01926,46,Female,68,172,25,409.27,1,0
CUST_01927,28,Male,23,102,49,5627.25,0,0
CUST_01928,50,Male,61,223,67,6242.15,7,0
CUST_01929,23,Male,27,68,107,6619.57,9,0
CUST_01930,64,Male,16,122,26,1680.29,1,0
CUST_01931,32,Female,45,77,45,1166.94,4,0
CUST_01932,49,Female,27,300,92,12198.66,9,1
CUST_01933,68,Male,5,296,6,286.07,5,1
CUST_01934,28,Male,59,205,110,3092.0,2,0
CUST_01935,40,Male,35,318,32,3847.59,8,1
CUST_01936,43,Female,70,171,75,6036.38,8,0
CUST_01937,51,Male,46,218,77,9085.31,7,1
CUST_01938,63,Male,56,305,17,2324.8,6,0
CUST_01939,51,Male,24,193,46,3063.01,4,0
CUST_01940,46,Male,10,333,53,1184.74,9,1
CUST_01941,21,Female,38,153,110,5410.61,1,0
CUST_01942,34,Male,70,41,100,2189.44,2,0
CUST_01943,52,Male,48,23,94,3302.77,4,0
CUST_01944,30,Male,9,186,4,518.43,7,1
CUST_01945,58,Female,50,216,78,11083.15,0,0
CUST_01946,56,Female,69,43,110,11702.16,0,0
CUST_01947,32,Male,48,361,28,3186.29,6,1
CUST_01948,46,Male,39,113,71,8076.29,0,0
CUST_01949,46,Female,5,231,16,506.45,2,0
CUST_01950,28,Male,11,110,78,1666.09,7,1
CUST_01951,69,Female,60,138,101,11037.68,8,0
CUST_01952,49,Male,27,105,39,782.0,4,0
CUST_01953,19,Male,7,316,113,14078.32,5,1
CUST_01954,64,Female,60,140,91,8627.13,7,0
CUST_01955,31,Female,50,255,30,909.72,2,0
CUST_01956,37,Female,67,349,79,8216.36,0,0
CUST_01957,39,Male,69,75,57,5520.53,8,0
CUST_01958,28,Male,55,233,56,3684.9,1,0
CUST_01959,44,Male,16,212,39,4890.3,8,1
CUST_01960,20,Female,12,58,42,2357.13,1,0
CUST_01961,34,Female,27,38,18,1188.32,7,0
CUST_01962,61,Male,33,262,75,8178.31,2,0
CUST_01963,45,Female,55,212,22,2563.53,8,1
CUST_01964,46,Female,52,138,110,5712.38,9,0
CUST_01965,38,Male,37,282,4,69.06,3,0
CUST_01966,64,Female,15,58,3,116.4,7,1
CUST_01967,33,Male,65,273,61,3082.42,3,0
CUST_01968,54,Male,68,53,24,3292.22,2,0
CUST_01969,37,Female,3,206,78,10579.72,0,0
CUST_01970,23,Male,5,5,52,5418.1,3,0
CUST_01971,36,Male,9,323,67,7420.8,1,0
CUST_01972,22,Female,1,107,31,3064.94,8,1
CUST_01973,20,Female,30,243,53,6370.07,1,0
CUST_01974,18,Female,71,148,61,3807.13,7,0
CUST_01975,55,Female,20,179,58,5150.71,9,0
CUST_01976,32,Male,27,174,35,3693.86,9,1
CUST_01977,51,Female,63,323,31,2425.38,6,1
CUST_01978,52,Female,31,139,57,6800.69,5,0
CUST_01979,66,Male,19,175,116,16344.32,3,0
CUST_01980,42,Female,62,253,76,7950.59,2,0
CUST_01981,41,Male,7,250,10,250.81,9,1
CUST_01982,29,Male,37,136,84,8180.08,4,0
CUST_01983,35,Female,71,22,18,1962.05,1,0
CUST_01984,32,Female,8,38,108,5749.81,1,0
CUST_01985,61,Male,57,27,56,3272.56,7,0
CUST_01986,33,Male,28,282,36,3433.57,2,0
CUST_01987,44,Female,17,279,51,5633.48,6,1
CUST_01988,25,Male,11,120,61,8091.23,5,0
CUST_01989,63,Male,15,253,19,2240.87,7,1
CUST_01990,42,Female,30,359,81,2679.97,2,0
CUST_01991,34,Female,6,65,104,6447.2,0,0
CUST_01992,46,Female,12,74,11,385.92,5,0
CUST_01993,25,Female,61,303,5,585.94,5,0
CUST_01994,32,Female,36,317,101,5148.03,7,1
CUST_01995,44,Female,35,174,45,1425.31,9,1
CUST_01996,63,Male,67,260,100,2799.1,2,0
CUST_01997,67,Female,63,285,45,1370.56,8,0
CUST_01998,69,Male,40,73,48,2321.33,5,0
CUST_01999,24,Male,31,79,108,13026.73,0,0
CUST_02000,20,Male,37,44,14,659.31,2,0
CUST_02001,46,Female,5,233,117,6199.15,3,0
CUST_02002,61,Male,4,3,28,3749.02,2,0
CUST_02003,41,Male,26,79,117,8741.37,5,0
CUST_02004,20,Female,24,181,9,753.23,6,1
CUST_02005,37,Female,39,139,59,906.68,1,0
CUST_02006,63,Female,56,303,38,991.21,5,0
CUST_02007,32,Male,54,7,93,10693.19,3,0
CUST_02008,42,Male,38,324,25,1500.44,0,0
CUST_02009,47,Female,54,213,72,2533.51,1,0
CUST_02010,31,Male,19,1,48,3498.66,4,0
CUST_02011,24,Female,26,184,19,400.68,8,1
CUST_02012,34,Male,52,251,2,221.53,4,0
CUST_02013,61,Female,61,215,6,154.96,7,0
CUST_02014,37,Male,67,77,30,672.24,9,0
CUST_02015,53,Male,22,43,61,4371.24,1,0
CUST_02016,26,Female,17,157,2,188.51,4,1
CUST_02017,55,Male,11,18,51,6024.44,0,0
CUST_02018,65,Male,39,343,83,2040.12,1,0
CUST_02019,39,Female,61,220,13,782.61,2,0
CUST_02020,19,Male,49,73,49,2511.56,7,0
CUST_02021,41,Male,61,190,117,13502.66,9,0
CUST_02022,25,Male,12,363,8,518.98,2,1
CUST_02023,28,Male,13,262,9,897.84,3,0
CUST_02024,30,Male,58,144,23,1864.52,3,0
CUST_02025,34,Female,11,129,101,9282.29,8,0
CUST_02026,25,Female,64,278,72,4633.9,3,0
CUST_02027,38,Male,31,302,73,3452.9,8,1
CUST_02028,35,Male,11,190,16,369.04,7,0
CUST_02029,47,Female,43,151,16,614.69,3,0
CUST_02030,35,Female,36,307,12,459.61,2,0
CUST_02031,63,Male,2,95,89,12567.12,1,0
CUST_02032,64,Female,61,38,11,1557.01,7,0
CUST_02033,48,Female,36,156,82,4061.72,7,0
CUST_02034,55,Male,49,300,13,380.4,0,0
CUST_02035,49,Male,27,347,35,1856.12,6,0
CUST_02036,28,Male,12,42,82,10046.67,7,0
CUST_02037,62,Female,58,316,107,14183.22,6,0
CUST_02038,42,Female,6,126,94,7768.98,2,0
CUST_02039,50,Female,44,313,43,3780.39,3,1
CUST_02040,55,Male,47,77,101,7769.42,4,0
CUST_02041,58,Female,23,96,30,1190.36,0,0
CUST_02042,25,Female,26,263,60,1303.17,9,1
CUST_02043,28,Female,7,307,67,6625.54,2,0
CUST_02044,39,Male,32,225,29,3562.03,5,1
CUST_02045,68,Female,33,111,25,2904.05,2,0
CUST_02046,41,Male,20,238,66,9011.63,4,0
CUST_02047,58,Female,69,205,111,13857.51,3,0
CUST_02048,34,Female,52,288,5,269.11,1,0
CUST_02049,29,Male,42,263,95,2923.14,3,0
CUST_02050,63,Female,1,76,5,365.75,3,0
CUST_02051,49,Male,63,143,85,5271.83,2,0
CUST_02052,32,Female,7,315,112,12696.17,7,1
CUST_02053,33,Male,58,85,49,1184.64,5,0
CUST_02054,39,Female,50,252,26,3699.97,0,0
CUST_02055,45,Female,34,333,71,10239.46,8,1
CUST_02056,37,Male,51,232,30,807.8,2,0
CUST_02057,50,Female,10,295,98,7211.34,3,0
CUST_02058,27,Male,26,319,28,3818.77,9,1
CUST_02059,57,Male,32,130,14,563.96,9,1
CUST_02060,49,Female,42,285,18,1952.08,6,1
CUST_02061,67,Female,62,317,57,6327.79,4,0
CUST_02062,50,Female,12,29,108,5025.85,3,0
CUST_02063,19,Female,40,228,81,1282.43,1,0
CUST_02064,50,Female,34,294,25,2617.58,4,0
CUST_02065,50,Female,70,7,70,6883.07,7,0
CUST_02066,58,Female,27,30,5,513.55,1,0
CUST_02067,30,Female,8,215,53,1914.35,0,0
CUST_02068,47,Male,47,115,85,8202.85,5,0
CUST_02069,50,Male,26,215,118,10398.88,0,0
CUST_02070,30,Female,57,164,39,2967.7,8,0
CUST_02071,69,Female,7,170,57,6833.42,7,1
CUST_02072,43,Female,26,221,114,7685.91,3,0
CUST_02073,39,Male,59,260,84,5266.05,6,0
CUST_02074,56,Female,69,212,11,968.39,9,1
CUST_02075,19,Male,47,261,69,9830.15,3,0
CUST_02076,55,Female,35,302,102,6270.42,5,0
CUST_02077,56,Male,30,331,103,7737.31,9,1
CUST_02078,43,Male,50,130,99,5044.41,6,0
CUST_02079,63,Female,24,105,99,10568.02,8,0
CUST_02080,67,Female,30,54,25,1603.79,1,0
CUST_02081,32,Male,54,108,30,3255.42,9,0
CUST_02082,51,Male,67,315,2,69.34,7,0
CUST_02083,59,Male,32,289,84,4251.09,8,0
CUST_02084,61,Male,8,255,36,1542.65,3,0
CUST_02085,66,Male,50,278,37,4438.13,7,0
CUST_02086,57,Female,47,47,2,54.18,9,1
CUST_02087,28,Female,46,134,112,5489.42,4,0
CUST_02088,20,Male,35,24,108,9017.75,8,0
CUST_02089,23,Female,61,117,47,1262.25,1,0
CUST_02090,26,Male,51,239,91,1500.81,0,0
CUST_02091,23,Male,63,307,96,10397.21,9,0
CUST_02092,26,Male,8,41,59,5772.16,5,0
CUST_02093,56,Female,34,250,4,64.54,3,0
CUST_02094,48,Male,25,323,91,1961.26,5,0
CUST_02095,49,Male,44,89,94,4193.82,6,0
CUST_02096,58,Male,43,92,67,9201.39,8,0
CUST_02097,67,Male,50,81,46,4743.43,0,0
CUST_02098,29,Male,13,130,109,13480.58,2,0
CUST_02099,25,Female,46,91,91,10695.19,1,0
CUST_02100,25,Female,53,100,102,15066.25,4,0
CUST_02101,67,Female,63,78,36,5157.76,9,0
CUST_02102,45,Male,2,43,65,1565.61,7,0
CUST_02103,37,Male,40,123,99,1788.23,4,0
CUST_02104,64,Male,23,288,56,4597.84,7,1
CUST_02105,24,Male,59,23,76,3927.9,2,0
CUST_02106,28,Female,69,144,35,2909.08,9,0
CUST_02107,37,Male,34,258,119,3241.67,0,0
CUST_02108,33,Male,27,7,82,11291.11,3,0
CUST_02109,21,Female,55,277,110,13145.38,2,0
CUST_02110,23,Male,4,186,101,9043.11,7,1
CUST_02111,39,Female,68,95,23,1789.05,7,0
CUST_02112,43,Male,70,25,97,7589.93,7,0
CUST_02113,20,Female,27,291,78,7661.41,2,0
CUST_02114,58,Male,47,227,44,3899.33,7,0
CUST_02115,59,Female,40,173,1,80.1,5,0
CUST_02116,31,Male,27,135,91,9709.67,7,0
CUST_02117,28,Female,7,288,88,10407.97,8,1
CUST_02118,35,Male,23,309,66,6718.72,0,0
CUST_02119,29,Female,64,69,12,814.05,0,0
CUST_02120,40,Male,29,281,13,922.14,3,1
CUST_02121,29,Male,61,351,27,764.15,0,0
CUST_02122,30,Female,44,342,20,1419.27,8,1
CUST_02123,42,Female,69,358,111,13440.1,8,0
CUST_02124,62,Male,27,333,112,2685.03,6,0
CUST_02125,68,Female,12,231,115,4449.94,1,0
CUST_02126,36,Male,17,342,101,13004.08,3,0
CUST_02127,63,Female,37,317,98,8983.95,3,0
CUST_02128,53,Female,34,307,6,633.67,9,1
CUST_02129,62,Female,36,258,8,467.28,4,0
CUST_02130,25,Female,6,173,21,1700.75,4,1
CUST_02131,46,Female,32,32,103,12134.72,7,0
CUST_02132,49,Male,22,200,21,2798.58,2,0
CUST_02133,68,Female,10,80,45,6593.3,6,0
CUST_02134,61,Male,29,353,70,9092.19,0,0
CUST_02135,35,Female,11,75,105,2531.57,0,0
CUST_02136,23,Female,66,264,44,2699.54,2,0
CUST_02137,35,Male,56,85,59,6849.91,0,0
CUST_02138,36,Female,58,217,30,2142.71,0,0
CUST_02139,39,Female,52,121,10,739.1,2,0
CUST_02140,54,Female,61,20,75,9167.43,8,0
CUST_02141,49,Male,17,149,1,127.51,4,0
CUST_02142,58,Male,30,7,10,1218.4,3,0
CUST_02143,20,Female,37,86,25,1571.86,6,0
CUST_02144,45,Male,5,147,80,3662.55,1,0
CUST_02145,27,Male,26,316,83,5264.71,5,0
CUST_02146,68,Female,70,187,74,8116.82,9,0
CUST_02147,52,Male,1,325,111,7130.25,0,0
CUST_02148,46,Female,9,301,14,314.67,3,0
CUST_02149,32,Female,71,318,3,369.31,5,0
CUST_02150,50,Female,64,193,68,1602.26,9,0
CUST_02151,24,Male,24,282,40,5979.12,3,1
CUST_02152,29,Male,5,188,33,4333.28,6,0
CUST_02153,66,Male,51,18,84,12104.87,2,0
CUST_02154,47,Female,38,315,79,10071.68,2,0
CUST_02155,38,Male,29,149,7,200.51,9,0
CUST_02156,48,Female,46,46,108,7725.45,7,0
CUST_02157,41,Female,52,12,3,412.71,1,0
CUST_02158,37,Female,46,230,119,3244.98,0,0
CUST_02159,54,Male,68,113,91,5114.94,4,0
CUST_02160,21,Male,59,160,37,2888.16,6,0
CUST_02161,45,Female,10,227,93,7043.68,3,0
CUST_02162,61,Male,4,183,26,3703.09,7,1
CUST_02163,37,Male,52,55,91,6219.03,0,0
CUST_02164,41,Male,18,266,25,1181.49,4,1
CUST_02165,67,Female,51,35,40,3002.65,1,0
CUST_02166,66,Female,23,80,43,2943.74,2,0
CUST_02167,68,Female,25,6,115,11401.77,5,0
CUST_02168,49,Female,60,127,94,14025.73,1,0
CUST_02169,58,Male,37,68,44,3935.42,7,0
CUST_02170,53,Female,68,190,84,6501.65,3,0
CUST_02171,51,Male,18,244,71,6757.07,9,1
CUST_02172,53,Female,29,9,29,4270.91,6,0
CUST_02173,19,Male,30,157,110,10928.28,4,0
CUST_02174,32,Male,7,71,98,3096.42,6,0
CUST_02175,51,Female,41,134,90,12439.16,6,0
CUST_02176,53,Male,37,300,91,8623.25,9,1
CUST_02177,23,Female,27,320,118,4288.62,1,0
CUST_02178,56,Male,21,249,57,2628.64,5,0
CUST_02179,59,Male,43,323,108,3377.41,7,1
CUST_02180,68,Male,51,44,9,1302.32,7,0
CUST_02181,68,Female,71,116,22,540.42,8,0
CUST_02182,29,Male,13,228,76,8983.03,4,0
CUST_02183,20,Female,53,57,70,4240.87,9,0
CUST_02184,62,Male,63,244,6,155.7,2,0
CUST_02185,35,Male,57,57,27,1986.37,4,0
CUST_02186,57,Male,25,143,118,1774.3,5,0
CUST_02187,38,Female,13,192,83,10402.54,8,0
CUST_02188,32,Female,37,7,52,4584.24,8,0
CUST_02189,50,Male,30,275,70,5319.0,3,0
CUST_02190,52,Female,12,134,49,6220.34,9,0
CUST_02191,43,Female,65,39,81,6893.77,4,0
CUST_02192,25,Male,18,193,93,8868.97,7,0
CUST_02193,53,Female,62,327,23,2875.01,8,1
CUST_02194,65,Male,24,25,81,9094.44,0,0
CUST_02195,47,Female,60,102,21,2183.38,2,0
CUST_02196,40,Female,17,151,74,8144.37,3,0
CUST_02197,59,Male,60,217,107,5403.6,8,0
CUST_02198,61,Male,9,230,8,246.63,0,0
CUST_02199,31,Female,52,267,54,5349.24,9,1
CUST_02200,31,Female,15,162,14,633.39,7,1
CUST_02201,19,Female,28,287,31,664.29,1,0
CUST_02202,54,Male,9,166,51,2516.01,0,0
CUST_02203,22,Male,56,247,62,6958.66,9,1
CUST_02204,55,Male,36,174,18,1991.46,6,0
CUST_02205,62,Male,56,9,47,6436.18,3,0
CUST_02206,58,Female,71,276,94,9978.64,1,0
CUST_02207,64,Female,20,59,82,6097.78,3,0
CUST_02208,31,Female,55,85,52,2608.71,9,0
CUST_02209,56,Male,60,150,89,10447.18,1,0
CUST_02210,42,Female,35,321,113,7979.62,3,0
CUST_02211,37,Female,1,60,37,4628.37,1,0
CUST_02212,19,Female,45,125,89,11567.28,6,0
CUST_02213,56,Female,69,41,30,1873.85,2,0
CUST_02214,23,Female,40,337,30,1842.49,6,0
CUST_02215,34,Female,38,173,100,13834.05,1,0
CUST_02216,42,Male,24,260,75,5147.25,3,0
CUST_02217,45,Male,4,326,48,5300.1,6,1
CUST_02218,19,Female,69,173,39,2574.21,5,0
CUST_02219,52,Female,13,186,27,3070.52,2,0
CUST_02220,54,Male,21,241,16,614.98,7,1
CUST_02221,22,Male,32,339,102,13040.14,8,1
CUST_02222,18,Female,38,94,32,4727.25,3,0
CUST_02223,57,Female,32,63,29,3433.0,8,0
CUST_02224,29,Male,57,221,52,3301.05,2,0
CUST_02225,53,Female,48,8,74,6656.49,1,0
CUST_02226,62,Female,30,213,94,9907.23,7,0
CUST_02227,40,Male,71,209,75,3077.83,9,1
CUST_02228,64,Male,38,209,15,797.88,5,0
CUST_02229,48,Female,44,85,44,5422.52,7,0
CUST_02230,28,Female,26,207,23,3280.11,2,0
CUST_02231,27,Female,2,347,48,2484.4,7,0
CUST_02232,20,Female,43,153,23,803.25,9,0
CUST_02233,31,Male,43,161,114,16817.16,9,0
CUST_02234,33,Female,63,116,71,4131.9,1,0
CUST_02235,27,Male,58,362,14,1681.32,6,1
CUST_02236,46,Male,48,251,73,4830.16,1,0
CUST_02237,27,Male,5,183,54,7728.78,1,0
CUST_02238,29,Male,35,164,92,8826.24,4,0
CUST_02239,47,Female,16,328,70,4972.83,8,1
CUST_02240,58,Female,49,80,43,1680.22,1,0
CUST_02241,18,Female,60,7,45,2227.65,8,0
CUST_02242,22,Male,51,325,22,2875.2,7,1
CUST_02243,37,Female,59,87,61,1383.95,9,0
CUST_02244,25,Female,64,8,18,651.13,3,0
CUST_02245,60,Female,13,36,44,1804.22,4,0
CUST_02246,29,Female,26,251,102,2503.26,5,0
CUST_02247,18,Male,70,100,86,9250.28,8,0
CUST_02248,37,Male,3,79,73,10765.43,9,1
CUST_02249,45,Male,12,286,18,608.26,5,0
CUST_02250,60,Female,41,271,57,7002.79,5,1
CUST_02251,54,Female,65,221,85,3300.4,5,0
CUST_02252,64,Male,63,196,15,2196.91,9,0
CUST_02253,54,Male,50,226,73,6091.99,0,0
CUST_02254,29,Male,47,87,106,13717.96,0,0
CUST_02255,54,Female,8,58,58,2205.45,8,0
CUST_02256,66,Male,31,170,2,269.02,9,1
CUST_02257,66,Male,11,97,14,364.3,1,0
CUST_02258,61,Male,17,146,21,379.9,4,0
CUST_02259,45,Female,27,358,43,4760.52,8,1
CUST_02260,64,Female,27,18,45,1322.12,5,0
CUST_02261,32,Female,56,184,34,4484.03,8,1
CUST_02262,23,Male,69,143,117,11568.03,1,0
CUST_02263,61,Male,47,334,71,4237.46,9,1
CUST_02264,37,Male,19,62,79,4142.14,0,0
CUST_02265,67,Male,57,163,103,2684.21,1,0
CUST_02266,31,Male,31,40,12,1292.48,1,0
CUST_02267,19,Male,16,179,7,971.59,4,1
CUST_02268,26,Female,45,235,69,8084.33,0,0
CUST_02269,54,Male,27,60,111,10946.63,1,0
CUST_02270,37,Male,61,228,103,3195.64,4,0
CUST_02271,43,Female,26,239,118,14954.14,4,0
CUST_02272,46,Female,29,56,87,12643.43,6,0
CUST_02273,18,Female,44,234,117,5906.2,3,0
CUST_02274,52,Female,29,84,28,2008.97,5,0
CUST_02275,23,Male,2,203,98,1655.9,5,1
CUST_02276,54,Female,6,41,25,3182.68,8,0
CUST_02277,22,Female,9,17,66,1174.84,2,0
CUST_02278,50,Male,15,105,51,4114.61,8,1
CUST_02279,66,Male,58,25,73,6776.11,8,0
CUST_02280,68,Female,2,93,34,764.94,1,0
CUST_02281,31,Male,3,215,46,1780.9,1,0
CUST_02282,29,Male,52,184,47,5722.84,6,0
CUST_02283,59,Male,55,217,32,1570.95,7,1
CUST_02284,37,Male,53,151,12,1354.05,2,0
CUST_02285,67,Male,40,258,19,2206.67,6,0
CUST_02286,41,Male,39,301,47,3289.44,6,1
CUST_02287,60,Male,43,119,38,897.04,6,0
CUST_02288,51,Male,13,134,10,164.59,1,0
CUST_02289,42,Female,37,207,10,814.89,7,0
CUST_02290,67,Male,55,263,99,2439.99,9,1
CUST_02291,46,Female,32,322,41,4636.03,7,1
CUST_02292,56,Female,14,190,55,3652.62,4,0
CUST_02293,48,Female,65,158,101,10831.66,6,0
CUST_02294,64,Female,27,76,96,6729.78,6,0
CUST_02295,60,Male,24,52,118,11779.39,9,0
CUST_02296,67,Male,22,226,71,9049.48,3,1
CUST_02297,40,Female,45,94,115,15456.13,4,0
CUST_02298,61,Male,8,292,74,1278.66,5,0
CUST_02299,55,Female,67,291,43,4392.16,5,0
CUST_02300,37,Female,64,322,38,3464.01,9,0
CUST_02301,40,Male,47,178,27,2727.0,8,0
CUST_02302,62,Female,21,106,32,730.97,2,0
CUST_02303,69,Female,32,76,115,2810.14,4,0
CUST_02304,33,Male,45,4,71,5828.55,0,0
CUST_02305,67,Male,44,311,48,1090.1,0,0
CUST_02306,59,Female,41,187,26,3115.2,9,1
CUST_02307,25,Female,52,20,86,10258.46,4,0
CUST_02308,67,Male,11,275,58,1788.65,0,0
CUST_02309,38,Male,18,136,76,5808.89,6,0
CUST_02310,18,Female,11,27,24,2287.74,9,0
CUST_02311,25,Female,27,136,54,7075.36,7,0
CUST_02312,46,Female,43,18,114,16921.94,9,0
CUST_02313,49,Female,65,285,46,796.94,1,0
CUST_02314,55,Male,54,302,58,4599.74,2,0
CUST_02315,22,Male,29,138,93,11480.24,9,0
CUST_02316,64,Female,21,232,32,3918.14,7,0
CUST_02317,39,Female,29,340,16,1410.36,0,0
CUST_02318,64,Male,9,257,90,3564.43,8,1
CUST_02319,51,Male,61,219,70,6333.46,4,0
CUST_02320,18,Female,62,132,65,4410.89,9,0
CUST_02321,43,Male,71,357,13,913.0,0,0
CUST_02322,60,Female,5,256,102,6055.76,9,1
CUST_02323,27,Male,15,96,6,207.03,7,0
CUST_02324,47,Male,57,274,102,11695.55,8,0
CUST_02325,67,Male,5,334,12,1327.75,8,1
CUST_02326,35,Female,20,301,9,794.54,8,1
CUST_02327,34,Female,4,15,84,5283.38,5,0
CUST_02328,43,Female,56,179,59,7437.69,6,0
CUST_02329,25,Female,34,260,103,3768.42,6,1
CUST_02330,64,Male,40,88,91,6703.69,3,0
CUST_02331,57,Male,69,94,67,6916.01,2,0
CUST_02332,66,Female,68,333,24,3021.65,8,1
CUST_02333,29,Female,22,28,15,1540.46,2,0
CUST_02334,44,Female,14,185,98,3027.23,2,0
CUST_02335,25,Female,68,75,63,1806.5,3,0
CUST_02336,42,Male,8,54,50,1090.42,9,0
CUST_02337,63,Male,67,321,96,8697.3,9,0
CUST_02338,21,Female,46,47,21,1003.73,9,1
CUST_02339,50,Male,29,248,1,36.54,2,0
CUST_02340,18,Male,12,234,97,2567.72,1,0
CUST_02341,36,Female,52,118,11,1118.05,4,0
CUST_02342,48,Male,58,260,67,7819.63,0,0
CUST_02343,33,Female,2,230,22,2877.56,0,0
CUST_02344,31,Male,1,290,74,7058.17,5,0
CUST_02345,65,Female,55,241,108,6784.76,3,0
CUST_02346,22,Female,34,332,102,8007.6,7,1
CUST_02347,58,Female,64,182,88,8877.47,0,0
CUST_02348,43,Male,68,317,7,778.79,9,1
CUST_02349,45,Male,12,101,113,11532.05,4,0
CUST_02350,19,Male,50,248,49,7098.0,5,0
CUST_02351,67,Male,21,349,100,11627.82,4,0
CUST_02352,23,Female,10,358,1,116.33,9,1
CUST_02353,26,Male,70,113,65,8168.79,5,0
CUST_02354,50,Male,14,221,63,4860.52,2,0
CUST_02355,58,Male,40,339,64,3240.5,8,0
CUST_02356,42,Female,30,148,26,3255.0,6,0
CUST_02357,65,Male,14,296,17,1320.29,9,1
CUST_02358,30,Female,52,197,11,1066.66,0,0
CUST_02359,26,Female,17,69,67,4890.65,4,0
CUST_02360,30,Female,62,288,10,684.68,9,0
CUST_02361,48,Female,22,24,66,6970.93,0,0
CUST_02362,58,Male,53,186,32,3354.29,2,0
CUST_02363,28,Female,32,170,16,907.49,5,0
CUST_02364,21,Female,55,291,112,4537.45,1,0
CUST_02365,51,Female,22,32,26,850.95,4,0
CUST_02366,55,Female,38,301,104,3157.45,6,1
CUST_02367,63,Male,50,176,103,12915.12,8,0
CUST_02368,21,Male,66,364,74,3968.63,0,0
CUST_02369,55,Female,45,342,56,5969.78,6,0
CUST_02370,36,Female,8,177,100,5380.23,7,1
CUST_02371,23,Male,65,290,94,9871.14,2,0
CUST_02372,51,Male,40,144,9,1330.73,1,0
CUST_02373,35,Male,5,11,5,119.52,7,0
CUST_02374,30,Female,45,147,7,722.8,6,0
CUST_02375,58,Female,46,348,100,5314.87,0,0
CUST_02376,40,Female,36,310,65,1702.39,1,0
CUST_02377,36,Male,17,195,91,2335.22,3,0
CUST_02378,62,Male,41,76,12,782.1,2,0
CUST_02379,28,Male,30,160,80,7038.6,1,0
CUST_02380,18,Male,52,100,48,4914.47,4,0
CUST_02381,41,Female,20,116,72,6596.37,5,0
CUST_02382,24,Male,36,83,25,3405.6,5,0
CUST_02383,42,Female,66,312,13,464.45,6,0
CUST_02384,38,Female,45,63,41,5203.55,5,0
CUST_02385,32,Female,4,132,10,863.11,5,0
CUST_02386,18,Male,50,248,40,5247.04,7,0
CUST_02387,29,Male,55,131,33,2395.79,4,0
CUST_02388,24,Male,59,158,35,2801.51,4,0
CUST_02389,32,Female,42,216,37,2664.48,6,0
CUST_02390,38,Female,2,326,103,2886.36,9,1
CUST_02391,36,Male,46,34,92,3180.97,6,0
CUST_02392,46,Male,2,332,16,1357.86,2,0
CUST_02393,42,Female,50,298,72,6262.79,0,0
CUST_02394,50,Female,1,279,33,2579.04,4,0
CUST_02395,66,Female,13,296,53,886.91,9,1
CUST_02396,49,Male,70,15,35,2913.85,3,0
CUST_02397,66,Male,22,115,55,1817.91,0,0
CUST_02398,52,Male,17,57,102,9328.96,4,0
CUST_02399,61,Male,59,142,76,4097.69,5,0
CUST_02400,55,Female,70,207,79,11759.33,6,0
CUST_02401,43,Male,3,140,17,1079.48,9,1
CUST_02402,28,Male,70,107,27,3396.84,8,0
CUST_02403,52,Female,49,291,114,5489.7,3,0
CUST_02404,25,Male,50,78,21,852.19,0,0
CUST_02405,63,Female,35,2,21,941.78,3,0
CUST_02406,31,Male,23,274,17,1019.5,6,1
CUST_02407,27,Female,7,35,27,3499.12,0,0
CUST_02408,19,Male,50,265,76,8978.23,8,1
CUST_02409,63,Female,10,218,48,3541.57,5,0
CUST_02410,26,Male,55,67,44,1777.25,9,0
CUST_02411,20,Male,19,69,36,776.72,7,0
CUST_02412,38,Female,23,224,28,2758.09,5,0
CUST_02413,43,Male,64,361,25,2760.29,6,1
CUST_02414,25,Male,33,294,73,7068.5,2,0
CUST_02415,65,Female,66,326,47,3885.46,7,0
CUST_02416,19,Female,9,203,101,14779.98,4,0
CUST_02417,23,Male,29,81,23,421.58,6,0
CUST_02418,45,Male,18,66,75,11132.63,6,0
CUST_02419,46,Male,71,297,50,2615.12,5,0
CUST_02420,43,Male,29,280,65,4337.1,2,0
CUST_02421,42,Female,61,261,16,1865.47,0,0
CUST_02422,29,Female,5,277,50,2283.03,5,0
CUST_02423,22,Male,69,6,13,1440.79,8,0
CUST_02424,51,Female,56,132,84,5031.13,1,0
CUST_02425,65,Female,52,265,80,11358.03,1,0
CUST_02426,54,Female,15,325,118,4505.3,9,1
CUST_02427,32,Male,20,68,80,11263.27,0,0
CUST_02428,61,Male,16,126,35,4262.82,0,0
CUST_02429,53,Female,25,315,114,4329.94,1,0
CUST_02430,32,Male,57,171,32,2154.56,0,0
CUST_02431,60,Male,21,336,87,2529.96,5,1
CUST_02432,65,Male,5,29,25,2399.06,4,0
CUST_02433,40,Male,9,176,43,6220.86,7,1
CUST_02434,23,Female,11,307,28,719.49,9,1
CUST_02435,63,Female,65,292,109,5433.14,6,0
CUST_02436,67,Male,63,332,66,7720.23,3,0
CUST_02437,61,Male,26,105,67,5150.46,8,0
CUST_02438,60,Female,19,45,95,5772.11,3,0
CUST_02439,62,Male,16,101,97,9327.59,8,0
CUST_02440,38,Female,56,226,33,1804.64,3,0
CUST_02441,40,Female,68,104,47,2791.6,1,0
CUST_02442,60,Male,30,262,118,14611.36,1,0
CUST_02443,33,Female,7,253,35,2375.23,5,1
CUST_02444,64,Female,12,165,100,10957.52,5,0
CUST_02445,32,Male,24,292,64,2262.59,6,0
CUST_02446,42,Male,22,212,90,6195.68,6,0
CUST_02447,53,Female,47,144,12,1074.11,2,0
CUST_02448,28,Male,30,236,53,2707.51,9,1
CUST_02449,68,Female,60,22,44,3164.31,6,0
CUST_02450,32,Female,39,69,46,5408.51,8,0
CUST_02451,21,Male,20,69,11,404.83,8,0
CUST_02452,38,Male,26,246,70,5782.1,6,0
CUST_02453,30,Female,49,63,89,4480.31,3,0
CUST_02454,39,Male,69,237,46,3237.58,7,0
CUST_02455,36,Female,42,331,59,3874.96,1,0
CUST_02456,51,Female,6,363,59,6104.79,7,1
CUST_02457,31,Female,53,19,34,4031.3,2,0
CUST_02458,21,Male,34,231,99,8163.99,4,0
CUST_02459,65,Female,69,229,21,787.27,2,0
CUST_02460,69,Female,10,358,82,10845.68,5,1
CUST_02461,63,Female,28,127,72,2889.88,5,0
CUST_02462,44,Male,3,146,98,9122.9,7,1
CUST_02463,46,Female,48,329,52,4481.66,0,0
CUST_02464,64,Female,66,114,48,2577.56,4,0
CUST_02465,45,Male,35,243,78,11204.53,4,0
CUST_02466,52,Female,52,145,19,2020.64,8,0
CUST_02467,25,Male,62,41,84,6589.59,9,0
CUST_02468,33,Male,52,161,4,299.48,3,0
CUST_02469,59,Female,47,338,102,2803.1,5,0
CUST_02470,53,Male,54,77,32,3852.54,9,0
CUST_02471,47,Female,28,168,90,2366.27,6,0
CUST_02472,35,Female,23,284,28,1178.72,2,0
CUST_02473,19,Male,35,110,76,2827.72,5,0
CUST_02474,66,Male,32,195,58,1403.66,2,0
CUST_02475,30,Female,2,228,74,9397.55,5,0
CUST_02476,21,Female,16,167,41,5631.34,0,0
CUST_02477,43,Female,16,21,99,9845.04,8,0
CUST_02478,42,Female,51,165,33,4405.4,5,0
CUST_02479,47,Male,67,130,14,1485.87,5,0
CUST_02480,28,Male,54,262,104,11177.48,3,0
CUST_02481,24,Female,20,52,87,11751.84,4,0
CUST_02482,48,Female,33,261,82,2247.65,3,0
CUST_02483,61,Male,8,175,53,1186.6,5,0
CUST_02484,27,Female,24,299,108,2401.37,6,0
CUST_02485,56,Female,53,96,76,5427.7,0,0
CUST_02486,30,Female,64,357,42,5996.05,2,0
CUST_02487,48,Male,58,40,36,4767.87,1,0
CUST_02488,24,Female,37,209,25,3014.13,4,0
CUST_02489,66,Female,12,142,52,3615.48,7,0
CUST_02490,59,Female,4,258,101,12752.73,4,0
CUST_02491,59,Female,31,167,40,1779.85,8,0
CUST_02492,53,Female,38,191,115,10812.59,0,0
CUST_02493,37,Female,37,319,86,9950.16,5,1
CUST_02494,21,Female,14,119,70,1923.57,2,0
CUST_02495,24,Male,24,146,80,10640.67,1,0
CUST_02496,18,Male,10,350,62,7017.66,3,1
CUST_02497,61,Female,38,335,87,7568.36,2,0
CUST_02498,62,Male,43,129,9,210.83,8,1
CUST_02499,59,Male,37,145,107,11637.32,8,0
CUST_02500,64,Male,42,54,99,7462.5,7,0
CUST_02501,30,Male,32,122,93,10643.98,6,0
CUST_02502,39,Male,14,124,78,1552.98,9,1
CUST_02503,38,Male,4,167,69,6388.88,2,0
CUST_02504,39,Female,24,322,21,1582.3,2,0
CUST_02505,45,Female,10,143,53,3870.33,6,0
CUST_02506,26,Female,16,22,70,5941.06,3,0
CUST_02507,43,Male,39,276,1,31.7,7,0
CUST_02508,26,Female,18,349,31,4379.87,0,0
CUST_02509,32,Female,25,299,45,4956.07,0,0
CUST_02510,27,Female,7,277,105,2777.74,6,0
CUST_02511,41,Male,56,304,28,720.36,8,1
CUST_02512,59,Male,47,322,3,130.32,1,0
CUST_02513,25,Female,3,115,102,4830.98,4,0
CUST_02514,41,Female,1,272,116,9447.07,1,0
CUST_02515,33,Female,33,168,87,7605.67,8,0
CUST_02516,66,Female,71,277,40,1387.36,8,0
CUST_02517,43,Male,59,357,4,585.71,0,0
CUST_02518,44,Female,32,264,70,8844.07,6,1
CUST_02519,54,Male,17,250,76,7639.58,0,0
CUST_02520,21,Female,17,255,12,630.21,6,1
CUST_02521,67,Female,21,342,62,8549.55,7,1
CUST_02522,41,Female,55,58,71,4086.61,0,0
CUST_02523,36,Male,6,5,92,5344.93,2,0
CUST_02524,53,Male,49,111,90,5638.05,9,0
CUST_02525,56,Female,26,286,48,1030.62,4,1
CUST_02526,27,Female,32,351,7,163.45,9,1
CUST_02527,42,Female,44,265,57,4516.31,6,0
CUST_02528,35,Female,59,249,56,7506.06,4,0
CUST_02529,36,Male,29,95,67,9528.78,2,0
CUST_02530,53,Female,17,351,13,1556.39,7,1
CUST_02531,27,Female,18,297,52,3619.04,5,0
CUST_02532,50,Female,40,307,63,3585.73,0,0
CUST_02533,67,Male,63,185,41,1808.92,6,0
CUST_02534,22,Female,45,229,75,6576.81,8,1
CUST_02535,64,Male,3,317,103,8253.61,0,0
CUST_02536,66,Female,3,262,23,1794.71,6,0
CUST_02537,52,Female,38,119,47,2711.43,1,0
CUST_02538,61,Male,40,234,65,6081.41,0,0
CUST_02539,51,Male,68,282,98,9512.94,0,0
CUST_02540,50,Female,54,202,31,4127.69,2,0
CUST_02541,38,Female,20,262,97,11425.58,0,0
CUST_02542,34,Male,15,53,111,6608.39,9,1
CUST_02543,39,Male,5,317,100,6623.75,1,0
CUST_02544,65,Female,39,161,36,1703.97,6,0
CUST_02545,54,Female,40,244,14,532.91,7,1
CUST_02546,32,Male,7,94,37,1098.91,2,0
CUST_02547,52,Female,33,40,32,627.4,6,0
CUST_02548,45,Male,37,280,53,3783.51,6,1
CUST_02549,24,Male,32,92,28,4045.48,9,1
CUST_02550,49,Male,43,301,65,5696.05,3,0
CUST_02551,28,Female,63,38,47,5413.99,0,0
CUST_02552,27,Male,36,243,71,4877.17,3,0
CUST_02553,26,Female,49,364,80,5351.58,0,0
CUST_02554,31,Male,25,136,118,3764.47,9,1
CUST_02555,30,Female,66,64,32,1775.36,3,0
CUST_02556,42,Female,9,343,24,3368.9,4,0
CUST_02557,19,Female,18,363,14,1136.48,8,1
CUST_02558,52,Female,22,201,47,2001.55,6,0
CUST_02559,24,Female,15,307,79,8263.93,8,1
CUST_02560,38,Female,7,262,116,8089.31,8,1
CUST_02561,35,Male,13,175,1,126.69,7,0
CUST_02562,20,Male,36,177,92,2532.92,1,0
CUST_02563,59,Female,16,85,19,1623.44,4,0
CUST_02564,56,Male,41,160,58,7143.49,3,0
CUST_02565,58,Male,21,182,7,911.82,0,0
CUST_02566,66,Female,28,36,82,5617.55,5,0
CUST_02567,28,Male,17,345,111,12769.5,4,0
CUST_02568,56,Female,65,99,77,11193.55,9,0
CUST_02569,41,Male,13,226,115,11380.43,9,1
CUST_02570,63,Female,36,37,64,7972.14,6,0
CUST_02571,36,Female,58,273,18,1664.21,0,0
CUST_02572,21,Female,20,272,63,7665.76,4,0
CUST_02573,43,Male,52,186,68,9655.61,2,0
CUST_02574,55,Female,6,49,50,5552.37,3,0
CUST_02575,59,Female,23,94,68,2437.66,3,0
CUST_02576,49,Female,42,307,91,2371.39,5,1
CUST_02577,56,Female,24,226,16,1994.11,3,1
CUST_02578,62,Male,5,5,14,698.31,6,0
CUST_02579,63,Female,32,353,62,8255.97,2,0
CUST_02580,53,Female,46,174,78,3235.52,7,0
CUST_02581,57,Male,17,183,7,965.94,1,0
CUST_02582,54,Female,27,73,109,13483.75,1,0
CUST_02583,50,Female,68,145,56,7502.35,0,0
CUST_02584,53,Female,23,152,14,649.82,5,0
CUST_02585,20,Male,34,56,42,5611.29,5,0
CUST_02586,26,Female,21,183,109,10280.94,5,0
CUST_02587,25,Female,22,122,70,1843.88,0,0
CUST_02588,50,Female,65,244,62,8722.81,3,0
CUST_02589,23,Female,32,204,43,1774.9,0,0
CUST_02590,58,Female,62,79,57,2497.87,1,0
CUST_02591,56,Female,28,16,102,11224.51,7,0
CUST_02592,21,Female,7,126,91,8527.94,7,0
CUST_02593,30,Male,54,87,75,10267.79,0,0
CUST_02594,66,Male,70,278,31,1749.6,0,0
CUST_02595,19,Male,14,351,51,1052.25,2,0
CUST_02596,22,Male,55,43,113,16873.72,6,0
CUST_02597,61,Male,58,79,67,3833.77,5,0
CUST_02598,44,Male,44,277,1,36.86,2,0
CUST_02599,49,Female,46,264,80,11831.32,7,1
CUST_02600,38,Male,14,305,44,4003.59,7,1
CUST_02601,25,Male,44,228,91,3193.72,5,0
CUST_02602,55,Male,41,125,110,14061.95,0,0
CUST_02603,25,Female,2,106,50,7131.58,7,0
CUST_02604,67,Male,5,230,60,8038.37,4,0
CUST_02605,20,Male,12,134,3,125.44,8,0
CUST_02606,61,Male,47,81,72,1592.13,8,0
CUST_02607,20,Female,35,360,114,7424.3,1,0
CUST_02608,39,Female,19,109,80,5032.33,5,0
CUST_02609,23,Female,63,175,111,7747.7,3,0
CUST_02610,19,Male,8,164,54,6634.57,6,0
CUST_02611,40,Female,23,125,2,32.6,5,0
CUST_02612,61,Female,13,348,29,3076.89,6,1
CUST_02613,19,Male,23,23,16,2367.93,4,0
CUST_02614,55,Male,31,331,119,8197.4,8,1
CUST_02615,34,Male,30,62,93,7484.9,0,0
CUST_02616,52,Female,42,212,95,9478.78,6,0
CUST_02617,51,Male,2,252,106,5676.71,8,1
CUST_02618,40,Male,11,96,59,6607.99,7,0
CUST_02619,47,Female,25,209,11,466.45,0,0
CUST_02620,69,Female,29,57,115,2730.9,7,0
CUST_02621,25,Female,22,234,96,11825.22,2,0
CUST_02622,39,Female,19,358,24,931.92,9,1
CUST_02623,61,Female,41,326,83,9441.39,5,0
CUST_02624,53,Female,38,65,32,4244.05,8,0
CUST_02625,22,Male,29,293,74,1567.29,6,1
CUST_02626,30,Male,22,324,54,5961.81,4,0
CUST_02627,46,Female,8,331,113,11553.32,7,1
CUST_02628,48,Female,47,17,56,5556.53,7,0
CUST_02629,64,Female,6,135,96,5267.84,5,0
CUST_02630,33,Male,7,308,87,1840.92,5,1
CUST_02631,59,Male,36,130,97,2744.68,8,0
CUST_02632,47,Male,8,37,94,4873.29,3,0
CUST_02633,33,Female,46,250,94,6564.53,2,0
CUST_02634,29,Female,64,57,71,9864.96,7,0
CUST_02635,34,Female,31,357,80,8588.01,8,1
CUST_02636,33,Female,23,10,43,796.62,3,0
CUST_02637,29,Male,61,81,53,7375.55,1,0
CUST_02638,25,Male,50,90,114,12796.19,5,0
CUST_02639,37,Male,46,120,1,81.5,8,1
CUST_02640,20,Female,43,102,94,7285.66,1,0
CUST_02641,33,Male,10,27,98,13816.01,8,0
CUST_02642,47,Female,20,261,61,5444.32,4,0
CUST_02643,62,Female,16,61,118,9779.23,3,0
CUST_02644,40,Male,3,136,34,4065.53,7,1
CUST_02645,45,Male,30,97,61,5799.31,1,0
CUST_02646,68,Male,18,149,102,4956.81,6,1
CUST_02647,57,Female,59,227,61,9140.77,9,0
CUST_02648,22,Male,70,277,95,5026.0,6,0
CUST_02649,37,Male,35,307,8,857.78,0,0
CUST_02650,57,Female,19,335,54,4380.17,9,1
CUST_02651,61,Female,26,228,53,1666.72,7,1
CUST_02652,18,Female,35,315,20,2889.24,0,0
CUST_02653,47,Female,57,249,46,2774.88,8,0
CUST_02654,38,Female,49,258,118,12236.28,1,0
CUST_02655,37,Female,10,314,93,10656.91,9,1
CUST_02656,23,Male,29,220,31,2116.89,6,0
CUST_02657,39,Male,71,236,85,4266.96,4,0
CUST_02658,35,Female,68,20,26,596.75,4,0
CUST_02659,25,Female,24,345,95,13628.81,4,0
CUST_02660,56,Female,43,138,63,5895.6,8,0
CUST_02661,49,Female,39,189,20,2234.31,9,0
CUST_02662,50,Female,25,105,22,1722.49,1,0
CUST_02663,33,Male,68,98,57,2649.54,8,0
CUST_02664,29,Male,34,270,57,8514.7,6,0
CUST_02665,55,Male,53,153,104,15142.24,2,0
CUST_02666,69,Female,55,218,26,3408.58,2,0
CUST_02667,51,Male,53,21,17,2357.52,1,0
CUST_02668,31,Male,18,272,89,8244.11,9,1
CUST_02669,53,Male,7,202,101,6529.79,4,0
CUST_02670,50,Male,63,160,27,1655.79,2,0
CUST_02671,40,Male,42,64,67,9450.54,1,0
CUST_02672,67,Male,11,84,56,8089.02,3,0
CUST_02673,62,Female,9,73,24,1787.17,8,0
CUST_02674,19,Male,35,60,25,2423.93,0,0
CUST_02675,58,Male,65,354,114,14103.1,8,0
CUST_02676,38,Female,5,147,10,1098.39,6,0
CUST_02677,19,Female,26,47,36,4766.64,1,0
CUST_02678,44,Male,51,223,106,10299.53,1,0
CUST_02679,26,Male,38,158,82,7678.07,4,0
CUST_02680,18,Female,3,47,45,2957.87,2,0
CUST_02681,28,Male,59,289,118,2937.32,0,0
CUST_02682,20,Male,13,210,17,382.47,7,0
CUST_02683,69,Male,35,21,78,2767.94,4,0
CUST_02684,40,Male,3,351,58,1322.36,4,1
CUST_02685,43,Female,53,319,83,7241.29,5,0
CUST_02686,21,Female,55,231,82,5697.6,7,0
CUST_02687,35,Female,45,298,23,426.59,3,0
CUST_02688,23,Female,66,105,8,143.64,2,0
CUST_02689,52,Male,67,126,50,4280.36,6,0
CUST_02690,39,Female,44,299,16,1426.08,0,0
CUST_02691,60,Male,68,68,89,1782.99,1,0
CUST_02692,32,Male,62,26,43,4534.28,2,0
CUST_02693,39,Female,25,161,96,3071.25,4,0
CUST_02694,54,Female,52,108,113,9238.86,9,0
CUST_02695,69,Male,50,289,114,4154.13,3,0
CUST_02696,59,Female,1,305,83,1682.69,2,1
CUST_02697,29,Male,39,84,82,3580.88,9,0
CUST_02698,64,Male,52,41,96,7455.33,3,0
CUST_02699,66,Male,40,200,46,5309.68,9,1
CUST_02700,59,Female,60,36,49,2491.67,6,0
CUST_02701,55,Female,69,351,104,11178.31,6,0
CUST_02702,35,Female,20,234,15,1971.95,4,0
CUST_02703,62,Male,2,242,49,2519.58,4,1
CUST_02704,52,Male,9,339,21,1795.51,6,1
CUST_02705,47,Female,39,20,75,5270.53,3,0
CUST_02706,41,Male,30,343,93,1739.84,0,0
CUST_02707,59,Male,54,152,96,6518.68,3,0
CUST_02708,47,Female,58,171,6,395.53,8,1
CUST_02709,31,Female,44,216,55,5442.58,9,0
CUST_02710,23,Male,43,356,83,10953.36,9,1
CUST_02711,20,Male,10,329,80,8456.18,9,1
CUST_02712,33,Male,48,232,76,4786.23,1,0
CUST_02713,24,Female,17,16,15,1133.96,0,0
CUST_02714,69,Female,5,283,11,1482.43,8,1
CUST_02715,31,Female,70,301,39,3949.35,5,0
CUST_02716,26,Male,64,165,74,5004.51,1,0
CUST_02717,32,Male,66,269,51,4897.13,6,0
CUST_02718,38,Female,71,179,37,3773.44,3,0
CUST_02719,52,Female,4,258,49,3925.25,8,1
CUST_02720,19,Female,28,76,57,7514.11,5,0
CUST_02721,44,Male,38,105,88,10975.15,6,0
CUST_02722,19,Female,66,353,115,9866.48,2,0
CUST_02723,52,Female,67,87,100,14437.78,5,0
CUST_02724,35,Female,60,315,65,9339.47,0,0
CUST_02725,31,Female,47,14,110,15996.04,4,0
CUST_02726,37,Male,25,359,17,761.06,9,1
CUST_02727,35,Male,66,286,63,1824.2,4,0
CUST_02728,27,Male,67,247,14,1380.09,1,0
CUST_02729,42,Female,69,241,38,4302.43,5,0
CUST_02730,19,Female,40,354,118,6660.46,2,0
CUST_02731,42,Female,50,9,25,2189.66,3,0
CUST_02732,50,Male,40,24,37,3791.07,2,0
CUST_02733,53,Female,37,112,99,7677.86,0,0
CUST_02734,48,Female,69,297,86,7574.97,0,0
CUST_02735,31,Male,17,217,56,1408.47,4,1
CUST_02736,18,Female,62,228,111,16561.6,9,0
CUST_02737,63,Male,41,32,7,462.85,5,0
CUST_02738,33,Male,42,277,11,469.77,4,0
CUST_02739,63,Male,31,170,74,5905.35,3,0
CUST_02740,69,Female,33,231,78,4512.89,5,0
CUST_02741,20,Female,43,70,35,2374.95,8,0
CUST_02742,52,Male,67,111,110,10008.58,3,0
CUST_02743,58,Female,38,89,113,5942.51,8,0
CUST_02744,23,Female,41,2,36,3779.1,9,0
CUST_02745,42,Female,63,56,70,5129.88,6,0
CUST_02746,30,Male,40,158,52,1370.7,3,0
CUST_02747,51,Female,30,271,69,9296.66,9,1
CUST_02748,25,Female,47,274,42,3336.78,3,0
CUST_02749,38,Male,22,32,71,9911.3,2,0
CUST_02750,51,Male,55,270,15,995.8,6,1
CUST_02751,21,Female,43,190,21,1853.4,3,0
CUST_02752,42,Male,61,210,117,15552.91,9,1
CUST_02753,32,Female,32,308,82,6346.73,3,0
CUST_02754,21,Male,4,22,1,100.47,6,0
CUST_02755,62,Female,45,14,68,3288.0,6,0
CUST_02756,29,Male,20,206,11,518.61,1,0
CUST_02757,49,Male,71,34,10,882.58,7,0
CUST_02758,49,Male,65,342,45,4400.12,6,1
CUST_02759,45,Female,60,56,56,5797.67,0,0
CUST_02760,30,Female,26,240,19,2256.56,9,1
CUST_02761,48,Male,23,63,118,16466.69,8,0
CUST_02762,31,Male,40,80,42,1991.62,7,0
CUST_02763,37,Female,2,40,94,9271.0,0,0
CUST_02764,35,Male,26,294,114,8529.73,4,0
CUST_02765,46,Female,62,279,41,1108.88,5,0
CUST_02766,23,Male,44,256,105,8004.19,7,1
CUST_02767,49,Female,31,110,20,2434.87,9,0
CUST_02768,46,Female,26,48,27,693.4,6,0
CUST_02769,60,Female,5,232,12,1162.07,4,1
CUST_02770,19,Female,70,82,78,5488.05,0,0
CUST_02771,40,Male,35,174,98,10123.29,3,0
CUST_02772,36,Male,16,113,64,8056.63,8,0
CUST_02773,48,Female,31,278,106,9340.95,7,0
CUST_02774,68,Female,14,310,114,6387.86,9,1
CUST_02775,22,Female,25,40,38,1032.47,9,0
CUST_02776,36,Female,71,30,66,3562.32,1,0
CUST_02777,51,Female,18,255,113,7257.77,1,0
CUST_02778,27,Male,50,240,58,5891.18,7,1
CUST_02779,42,Male,20,183,96,6473.04,2,0
CUST_02780,19,Male,56,184,82,5687.91,4,0
CUST_02781,28,Male,2,42,114,6180.66,8,0
CUST_02782,67,Female,26,127,85,5439.08,1,0
CUST_02783,48,Male,23,82,110,5600.51,7,0
CUST_02784,32,Male,32,233,118,13464.67,1,0
CUST_02785,26,Male,13,309,11,1624.7,2,0
CUST_02786,40,Male,13,192,30,3425.32,6,0
CUST_02787,36,Male,17,1,64,1596.15,6,0
CUST_02788,26,Female,58,362,83,8334.5,4,1
CUST_02789,52,Male,27,207,48,5274.75,0,0
CUST_02790,38,Female,17,197,40,4802.52,1,0
CUST_02791,26,Female,38,283,114,13447.74,6,0
CUST_02792,45,Female,14,17,94,7861.45,7,0
CUST_02793,63,Male,14,319,99,4992.28,5,1
CUST_02794,68,Male,12,169,68,2127.03,2,0
CUST_02795,24,Male,69,186,21,338.74,2,0
CUST_02796,33,Male,68,122,5,76.02,8,0
CUST_02797,33,Female,55,224,118,16683.77,2,0
CUST_02798,50,Female,63,127,36,3494.66,5,0
CUST_02799,21,Female,29,166,91,8419.0,2,0
CUST_02800,21,Male,45,122,7,460.94,9,1
CUST_02801,56,Female,4,322,60,7368.06,2,1
CUST_02802,57,Male,16,220,56,2504.56,8,1
CUST_02803,34,Female,66,279,31,3553.87,7,0
CUST_02804,54,Female,23,148,84,5374.12,6,1
CUST_02805,56,Male,68,292,25,2763.68,2,0
CUST_02806,69,Male,20,247,102,11257.06,4,0
CUST_02807,46,Female,17,188,56,3223.71,0,0
CUST_02808,69,Male,52,11,89,12560.1,1,0
CUST_02809,53,Male,6,284,81,6766.28,8,0
CUST_02810,55,Male,39,45,110,5477.37,2,0
CUST_02811,56,Male,34,124,101,10702.17,4,0
CUST_02812,67,Female,54,247,79,9192.97,3,0
CUST_02813,54,Female,65,337,119,17057.74,7,0
CUST_02814,69,Female,29,159,74,1842.01,0,0
CUST_02815,52,Male,41,267,34,2988.34,5,0
CUST_02816,24,Female,63,292,44,3572.83,5,0
CUST_02817,44,Female,32,78,107,6086.52,7,0
CUST_02818,45,Male,66,291,7,830.58,0,0
CUST_02819,39,Male,45,151,103,4246.28,3,0
CUST_02820,31,Female,17,285,51,3021.61,0,0
CUST_02821,24,Male,43,151,25,2960.76,8,0
CUST_02822,54,Male,66,124,103,8181.44,5,0
CUST_02823,39,Male,68,228,110,3671.01,6,0
CUST_02824,22,Male,34,272,108,14658.37,0,0
CUST_02825,19,Male,1,359,28,3182.45,9,1
CUST_02826,44,Male,23,340,42,3820.75,3,0
CUST_02827,38,Female,6,217,27,2625.99,6,1
CUST_02828,55,Male,16,147,37,3681.8,3,0
CUST_02829,32,Female,2,218,55,4532.26,4,0
CUST_02830,38,Male,27,96,103,11900.62,0,0
CUST_02831,27,Female,19,50,38,4239.62,2,0
CUST_02832,40,Female,28,43,116,1783.69,7,0
CUST_02833,56,Female,35,19,56,1675.76,8,0
CUST_02834,22,Female,68,113,92,1694.36,7,0
CUST_02835,18,Female,49,213,34,1285.27,3,0
CUST_02836,30,Female,7,18,29,717.98,9,0
CUST_02837,38,Male,37,134,109,4486.66,0,0
CUST_02838,43,Male,25,291,48,4209.56,3,0
CUST_02839,67,Female,41,14,72,7589.45,5,0
CUST_02840,62,Male,62,64,77,10703.68,1,0
CUST_02841,38,Female,41,163,46,5281.02,6,0
CUST_02842,35,Female,14,258,37,712.33,2,0
CUST_02843,54,Male,54,6,119,9314.82,7,0
CUST_02844,62,Female,2,355,3,318.63,3,1
CUST_02845,49,Male,48,121,78,4488.31,8,0
CUST_02846,53,Male,51,153,96,6220.89,0,0
CUST_02847,34,Female,55,329,87,10733.91,9,1
CUST_02848,52,Male,12,178,87,1857.43,0,0
CUST_02849,66,Female,69,63,77,6764.83,4,0
CUST_02850,28,Female,1,258,113,13967.54,8,0
CUST_02851,38,Male,59,65,105,12878.34,5,0
CUST_02852,69,Female,34,357,103,3221.61,1,1
CUST_02853,43,Female,46,187,50,6452.84,8,1
CUST_02854,21,Male,59,227,21,534.08,6,0
CUST_02855,51,Male,66,199,107,14953.12,4,0
CUST_02856,69,Female,19,294,48,2121.62,6,1
CUST_02857,65,Female,28,251,58,1772.31,8,0
CUST_02858,35,Male,40,318,31,774.5,7,1
CUST_02859,57,Male,57,193,114,6995.04,7,0
CUST_02860,52,Female,51,119,7,434.4,8,0
CUST_02861,58,Female,22,179,57,4903.72,2,0
CUST_02862,46,Male,68,52,36,4102.12,0,0
CUST_02863,69,Female,8,110,83,6956.77,3,0
CUST_02864,46,Male,60,224,86,12655.58,8,0
CUST_02865,55,Female,65,330,24,1041.44,9,1
CUST_02866,59,Male,36,98,24,1042.2,0,0
CUST_02867,38,Male,71,319,56,6169.31,9,1
CUST_02868,59,Male,29,48,85,4880.18,0,0
CUST_02869,30,Female,65,101,61,2328.15,5,0
CUST_02870,66,Female,56,240,107,13051.88,3,0
CUST_02871,58,Female,4,74,77,3506.57,0,0
CUST_02872,34,Female,50,38,70,8127.26,3,0
CUST_02873,26,Male,39,216,28,1201.29,5,0
CUST_02874,58,Female,35,136,32,4538.28,7,0
CUST_02875,18,Male,25,6,77,4222.58,8,0
CUST_02876,19,Female,44,247,98,11388.85,9,0
CUST_02877,65,Male,47,324,96,12345.05,5,0
CUST_02878,46,Male,40,197,118,3723.62,1,0
CUST_02879,50,Female,31,111,78,1886.37,5,0
CUST_02880,27,Female,69,288,96,9194.63,0,0
CUST_02881,67,Female,43,38,45,4442.07,0,0
CUST_02882,57,Female,55,115,69,6835.96,0,0
CUST_02883,38,Male,16,185,99,7581.74,5,0
CUST_02884,45,Female,68,212,68,9600.62,6,0
CUST_02885,28,Male,69,255,78,8457.83,0,0
CUST_02886,51,Female,42,320,18,450.35,2,0
CUST_02887,25,Female,41,310,75,9073.2,2,0
CUST_02888,39,Male,50,113,83,4331.89,6,0
CUST_02889,25,Male,6,270,2,225.22,3,0
CUST_02890,66,Male,53,320,98,2253.34,8,1
CUST_02891,32,Male,17,175,3,355.51,8,1
CUST_02892,34,Male,57,310,29,2559.93,9,1
CUST_02893,40,Male,67,19,87,9770.23,3,0
CUST_02894,41,Male,16,203,48,3922.77,2,0
CUST_02895,62,Female,52,126,65,8004.78,5,0
CUST_02896,36,Female,34,254,42,5999.64,8,0
CUST_02897,22,Male,20,316,6,691.41,9,1
CUST_02898,49,Male,56,255,59,6812.29,7,0
CUST_02899,61,Male,51,288,81,3584.59,6,0
CUST_02900,18,Female,53,292,19,1194.21,6,1
CUST_02901,40,Female,49,152,108,3443.11,4,0
CUST_02902,54,Female,4,199,52,4517.65,8,1
CUST_02903,25,Female,18,199,61,4592.4,1,0
CUST_02904,30,Female,36,302,112,6135.88,4,0
CUST_02905,25,Female,35,175,2,48.68,4,0
CUST_02906,40,Male,30,270,79,11118.31,4,0
CUST_02907,60,Female,63,180,23,2224.8,7,0
CUST_02908,18,Female,21,218,19,1118.61,0,0
CUST_02909,62,Female,52,118,97,6008.42,3,0
CUST_02910,68,Female,69,306,70,4786.66,0,0
CUST_02911,41,Male,41,321,50,6228.51,4,0
CUST_02912,52,Female,54,333,61,2647.96,6,0
CUST_02913,41,Male,30,320,19,2481.84,1,0
CUST_02914,34,Male,56,23,94,5361.51,1,0
CUST_02915,22,Male,41,125,22,2917.05,6,0
CUST_02916,37,Female,14,84,3,407.83,1,0
CUST_02917,38,Female,21,199,5,545.25,1,0
CUST_02918,57,Female,25,326,94,12764.12,5,0
CUST_02919,48,Female,50,187,67,7762.55,4,0
CUST_02920,63,Male,53,329,60,2070.77,0,0
CUST_02921,53,Female,48,92,39,5619.22,6,0
CUST_02922,28,Female,70,330,103,4188.43,1,0
CUST_02923,69,Female,48,182,28,2289.7,1,0
CUST_02924,32,Male,4,227,1,66.77,2,0
CUST_02925,36,Female,24,199,22,1363.99,8,0
CUST_02926,24,Female,31,235,109,13165.94,0,0
CUST_02927,68,Female,29,44,45,2442.57,7,0
CUST_02928,45,Female,5,76,111,9722.1,1,0
CUST_02929,68,Female,67,141,51,3082.6,8,0
CUST_02930,60,Female,53,182,103,13968.78,4,0
CUST_02931,22,Female,64,119,81,2911.22,8,0
CUST_02932,22,Female,35,40,106,4101.3,9,0
CUST_02933,47,Male,12,260,51,1530.78,8,1
CUST_02934,49,Female,47,244,28,3284.48,4,0
CUST_02935,25,Female,55,129,114,4195.37,1,0
CUST_02936,27,Female,69,6,30,2609.07,8,0
CUST_02937,55,Female,38,311,104,12325.6,7,0
CUST_02938,64,Male,29,66,8,244.76,2,0
CUST_02939,49,Male,12,219,91,12795.86,0,0
CUST_02940,65,Female,19,146,41,2187.12,4,0
CUST_02941,45,Female,9,234,109,13293.78,1,0
CUST_02942,34,Male,29,29,25,3053.27,8,0
CUST_02943,48,Male,3,309,59,3659.56,4,1
CUST_02944,25,Male,30,161,77,6878.28,6,0
CUST_02945,57,Male,58,131,34,3405.54,0,0
CUST_02946,42,Male,53,148,39,2772.89,0,0
CUST_02947,26,Male,4,82,71,4495.3,7,0
CUST_02948,19,Male,57,361,116,15084.38,7,1
CUST_02949,32,Male,54,342,86,3634.41,7,0
CUST_02950,67,Male,28,83,97,11864.67,6,0
CUST_02951,20,Female,16,73,46,1955.13,4,0
CUST_02952,66,Male,13,355,38,4161.61,0,0
CUST_02953,53,Male,56,214,95,5113.88,7,0
CUST_02954,21,Male,53,26,109,15281.36,9,0
CUST_02955,31,Male,48,290,33,3191.97,6,1
CUST_02956,58,Male,25,71,117,10181.9,2,0
CUST_02957,58,Male,66,350,116,6362.75,6,0
CUST_02958,42,Female,30,177,22,1840.73,4,0
CUST_02959,67,Female,3,89,27,645.08,9,1
CUST_02960,27,Female,23,177,63,2164.17,9,0
CUST_02961,38,Female,29,27,27,1480.4,9,0
CUST_02962,53,Male,41,289,21,3006.15,3,0
CUST_02963,29,Female,11,328,53,4142.65,0,0
CUST_02964,44,Male,21,305,35,2416.99,9,1
CUST_02965,57,Female,24,63,47,5606.87,1,0
CUST_02966,19,Male,65,19,50,5432.41,1,0
CUST_02967,30,Female,1,278,119,12451.41,9,1
CUST_02968,49,Female,54,346,10,967.69,1,0
CUST_02969,48,Male,34,67,111,3612.53,8,0
CUST_02970,33,Female,68,238,28,1896.38,5,0
CUST_02971,49,Male,29,137,104,14212.51,4,0
CUST_02972,49,Female,3,163,37,5348.55,9,1
CUST_02973,51,Female,11,327,41,3009.88,3,0
CUST_02974,28,Male,8,335,97,1468.82,8,1
CUST_02975,27,Male,62,293,61,5026.94,8,1
CUST_02976,32,Male,33,28,51,2329.11,9,0
CUST_02977,34,Female,8,256,8,323.12,6,1
CUST_02978,57,Male,25,291,101,5384.51,4,0
CUST_02979,35,Female,26,112,114,3597.25,5,0
CUST_02980,26,Female,26,240,58,1229.11,2,0
CUST_02981,42,Male,17,243,105,7878.63,1,0
CUST_02982,57,Female,29,153,61,3077.11,9,1
CUST_02983,31,Female,43,265,33,1636.34,9,1
CUST_02984,42,Male,5,52,19,853.29,3,0
CUST_02985,67,Male,50,265,30,2461.4,2,0
CUST_02986,39,Female,56,54,78,8890.87,3,0
CUST_02987,69,Male,63,133,14,1451.55,9,0
CUST_02988,47,Male,57,191,36,5283.05,0,0
CUST_02989,37,Male,45,124,7,968.73,0,0
CUST_02990,38,Female,37,218,116,8275.53,5,0
CUST_02991,61,Female,36,322,107,13348.5,9,1
CUST_02992,49,Female,33,301,34,1356.72,3,0
CUST_02993,68,Male,6,71,50,2183.08,1,0
CUST_02994,63,Female,71,214,32,3507.99,2,0
CUST_02995,66,Female,45,362,42,1858.74,7,1
CUST_02996,38,Male,7,33,33,2505.06,5,0
CUST_02997,52,Male,65,336,119,6958.66,1,0
CUST_02998,49,Female,24,171,14,649.69,6,0
CUST_02999,47,Female,45,344,89,3190.71,1,0
CUST_03000,56,Female,61,350,28,2732.79,0,0
CUST_03001,66,Female,19,301,106,2394.06,4,0
CUST_03002,29,Female,32,291,114,12522.28,9,1
CUST_03003,58,Male,30,237,39,5295.74,8,1
CUST_03004,64,Female,65,337,94,5768.66,4,0
CUST_03005,35,Female,32,102,31,2194.32,0,0
CUST_03006,38,Female,57,10,24,2273.49,1,0
CUST_03007,30,Male,20,41,115,12068.36,3,0
CUST_03008,38,Female,30,126,4,354.2,4,0
CUST_03009,25,Female,59,273,78,8439.38,1,0
CUST_03010,63,Male,62,327,9,1117.4,2,0
CUST_03011,57,Male,67,11,100,14865.61,5,0
CUST_03012,63,Female,31,319,70,4761.39,5,0
CUST_03013,24,Male,66,195,24,2254.37,9,0
CUST_03014,40,Female,54,20,90,5920.67,0,0
CUST_03015,61,Female,10,273,98,4617.8,9,1
CUST_03016,49,Male,38,235,65,9728.75,7,0
CUST_03017,28,Female,31,227,87,1468.06,5,0
CUST_03018,39,Female,29,227,17,403.48,2,0
CUST_03019,39,Female,25,354,100,9371.09,1,0
CUST_03020,60,Male,32,341,37,4100.68,8,1
CUST_03021,42,Female,17,272,50,5669.65,7,1
CUST_03022,39,Male,45,279,45,4947.63,2,0
CUST_03023,45,Male,49,124,20,2429.22,6,0
CUST_03024,46,Male,18,195,59,6816.18,6,0
CUST_03025,30,Male,52,71,59,5233.71,0,0
CUST_03026,35,Male,20,232,90,7061.88,5,1
CUST_03027,19,Female,62,173,11,1234.6,2,0
CUST_03028,46,Female,13,203,55,6262.54,9,1
CUST_03029,38,Male,43,33,84,5031.12,2,0
CUST_03030,32,Male,21,211,65,1000.93,4,0
CUST_03031,69,Female,6,301,108,6202.61,5,0
CUST_03032,44,Male,71,182,77,6713.6,8,0
CUST_03033,67,Female,53,241,58,4989.44,4,0
CUST_03034,48,Female,52,51,100,6628.2,2,0
CUST_03035,32,Female,69,343,44,6198.05,0,0
CUST_03036,68,Male,9,29,102,8089.4,2,0
CUST_03037,40,Male,46,6,77,2600.42,3,0
CUST_03038,41,Male,71,133,14,575.82,9,1
CUST_03039,61,Male,30,96,76,2110.45,6,0
CUST_03040,30,Male,43,346,117,5992.47,4,0
CUST_03041,39,Female,59,82,52,2919.18,2,0
CUST_03042,60,Female,38,277,34,2043.81,8,1
CUST_03043,54,Female,34,315,63,8056.66,9,1
CUST_03044,50,Female,46,217,27,3195.17,5,0
CUST_03045,20,Male,32,280,118,9673.04,4,0
CUST_03046,36,Female,16,131,12,899.84,6,0
CUST_03047,40,Male,39,86,38,2509.64,9,0
CUST_03048,46,Male,1,328,118,1986.09,0,0
CUST_03049,47,Female,57,313,100,13916.31,7,0
CUST_03050,56,Female,20,93,56,3043.7,6,0
CUST_03051,61,Female,42,71,65,8362.65,4,0
CUST_03052,64,Male,34,326,90,10351.14,5,0
CUST_03053,42,Male,50,326,40,1217.82,8,1
CUST_03054,54,Male,11,332,104,5957.77,0,0
CUST_03055,64,Male,43,191,21,1688.99,2,0
CUST_03056,25,Male,10,214,32,1612.53,8,1
CUST_03057,59,Female,8,47,89,6166.35,2,0
CUST_03058,33,Female,19,218,12,637.54,5,0
CUST_03059,25,Male,65,89,89,8973.17,9,0
CUST_03060,18,Female,55,275,26,1655.92,1,0
CUST_03061,61,Male,52,227,36,2223.0,8,0
CUST_03062,22,Female,3,217,16,826.6,4,0
CUST_03063,20,Male,53,240,78,9610.07,7,0
CUST_03064,18,Female,44,301,110,11242.13,1,0
CUST_03065,21,Female,48,341,34,3819.23,7,0
CUST_03066,57,Female,54,170,113,7703.43,4,0
CUST_03067,52,Male,16,232,24,3079.89,2,0
CUST_03068,49,Female,30,108,72,5127.16,5,0
CUST_03069,59,Male,28,328,91,3533.27,5,1
CUST_03070,51,Male,16,233,39,3273.64,7,0
CUST_03071,60,Male,51,170,64,4804.02,6,0
CUST_03072,42,Female,33,135,77,2108.63,8,0
CUST_03073,27,Female,25,131,29,3029.37,0,0
CUST_03074,38,Male,18,37,31,3863.2,7,0
CUST_03075,63,Female,26,259,63,3974.13,0,0
CUST_03076,56,Female,6,124,43,5052.23,8,1
CUST_03077,44,Female,38,263,19,1787.71,9,1
CUST_03078,44,Male,44,353,115,5963.3,2,0
CUST_03079,19,Female,67,217,10,614.37,2,0
CUST_03080,58,Female,43,170,56,7992.71,2,0
CUST_03081,65,Male,6,98,60,2647.9,0,0
CUST_03082,30,Female,64,358,43,1526.89,6,0
CUST_03083,26,Male,13,186,48,1210.35,3,0
CUST_03084,69,Male,65,213,40,5328.16,2,0
CUST_03085,53,Male,38,358,34,3595.03,4,1
CUST_03086,39,Male,64,312,110,3382.48,0,0
CUST_03087,59,Female,14,232,113,13375.09,4,0
CUST_03088,43,Male,17,167,113,11296.7,1,0
CUST_03089,29,Female,13,306,107,15850.87,7,1
CUST_03090,34,Male,6,161,1,84.04,8,0
CUST_03091,31,Female,6,284,19,1609.62,8,1
CUST_03092,31,Female,37,184,1,48.65,2,0
CUST_03093,51,Female,57,25,88,3588.17,7,0
CUST_03094,37,Female,53,142,25,2850.67,1,0
CUST_03095,28,Female,46,183,68,4441.03,0,0
CUST_03096,33,Male,4,84,88,9925.6,0,0
CUST_03097,68,Female,34,231,103,12313.61,6,0
CUST_03098,48,Female,66,223,84,11503.32,0,0
CUST_03099,23,Female,63,158,97,7052.3,5,0
CUST_03100,36,Female,61,318,28,782.28,7,1
CUST_03101,54,Female,42,185,107,1918.77,9,0
CUST_03102,21,Male,64,183,45,2448.18,3,0
CUST_03103,64,Female,17,85,99,13947.55,1,0
CUST_03104,21,Male,61,65,24,2782.87,3,0
CUST_03105,37,Male,30,52,104,9410.45,8,0
CUST_03106,27,Female,43,3,44,2083.32,1,0
CUST_03107,41,Male,7,77,2,222.47,4,0
CUST_03108,52,Male,46,135,23,2645.33,1,0
CUST_03109,43,Female,23,326,97,4472.69,0,0
CUST_03110,54,Female,36,70,116,12829.24,8,0
CUST_03111,55,Female,14,162,78,2436.06,4,0
CUST_03112,38,Female,20,96,62,1781.08,5,0
CUST_03113,57,Female,56,16,15,336.85,5,0
CUST_03114,56,Male,32,230,32,3980.06,7,0
CUST_03115,38,Female,25,267,87,4483.33,3,0
CUST_03116,27,Male,49,306,4,386.26,0,0
CUST_03117,55,Male,57,343,84,2898.44,6,1
CUST_03118,63,Female,27,6,31,2316.55,5,0
CUST_03119,21,Female,27,110,59,1105.64,6,0
CUST_03120,62,Male,46,143,71,9307.64,7,0
CUST_03121,37,Male,45,155,1,87.87,4,0
CUST_03122,34,Female,26,207,69,9330.1,5,0
CUST_03123,24,Female,14,166,14,1094.11,1,0
CUST_03124,21,Female,48,260,94,5424.2,4,0
CUST_03125,46,Male,15,173,102,7049.05,2,0
CUST_03126,31,Female,51,121,23,1102.15,4,0
CUST_03127,20,Male,54,140,71,9553.11,8,0
CUST_03128,41,Male,11,168,108,5930.09,2,0
CUST_03129,54,Female,28,84,103,5608.14,2,0
CUST_03130,33,Female,55,194,114,11430.61,0,0
CUST_03131,69,Male,69,276,118,3725.07,0,0
CUST_03132,21,Male,26,268,16,713.43,6,1
CUST_03133,41,Female,70,38,9,657.33,8,0
CUST_03134,51,Male,32,303,103,4084.18,1,0
CUST_03135,47,Male,48,338,119,5918.92,1,0
CUST_03136,35,Male,12,242,110,12043.93,0,0
CUST_03137,36,Male,70,330,98,5172.3,4,0
CUST_03138,48,Male,61,199,31,3131.67,9,0
CUST_03139,36,Female,34,298,61,4986.44,6,1
CUST_03140,66,Female,45,5,45,5338.32,0,0
CUST_03141,63,Female,60,355,7,814.43,7,1
CUST_03142,36,Female,65,103,57,2375.13,0,0
CUST_03143,39,Female,71,138,115,16368.8,0,0
CUST_03144,41,Female,13,293,64,7891.07,3,1
CUST_03145,62,Female,48,66,2,173.81,1,0
CUST_03146,29,Male,49,67,6,543.4,8,0
CUST_03147,47,Female,58,270,108,13704.44,9,1
CUST_03148,55,Male,70,47,61,4902.0,1,0
CUST_03149,48,Female,61,180,34,2706.26,6,0
CUST_03150,53,Female,26,68,17,1701.27,1,0
CUST_03151,36,Female,39,115,26,699.96,0,0
CUST_03152,65,Female,58,26,76,7112.76,8,0
CUST_03153,62,Male,27,47,20,904.55,3,0
CUST_03154,53,Male,40,207,41,1260.96,6,0
CUST_03155,47,Male,31,73,58,7254.69,0,0
CUST_03156,66,Male,3,259,110,7319.98,7,0
CUST_03157,50,Male,15,30,99,8205.11,5,0
CUST_03158,35,Male,54,3,99,5407.05,1,0
CUST_03159,69,Male,70,9,54,1035.3,8,0
CUST_03160,66,Female,11,8,29,2166.96,0,0
CUST_03161,45,Male,30,9,48,5581.69,8,0
CUST_03162,64,Male,35,152,102,11972.22,9,1
CUST_03163,28,Male,43,142,95,13250.24,1,0
CUST_03164,62,Female,61,336,104,13359.27,5,0
CUST_03165,50,Male,40,274,77,11366.36,8,1
CUST_03166,34,Female,42,27,90,8295.29,2,0
CUST_03167,23,Male,42,348,22,481.28,2,0
CUST_03168,21,Female,3,71,72,9472.21,2,0
CUST_03169,37,Female,21,219,104,14926.57,8,0
CUST_03170,65,Male,53,290,71,5514.1,1,0
CUST_03171,64,Male,44,256,5,151.91,3,0
CUST_03172,44,Male,46,103,52,952.86,7,0
CUST_03173,32,Female,37,147,1,97.82,7,0
CUST_03174,23,Male,38,158,45,4730.81,4,0
CUST_03175,64,Female,38,348,118,2028.31,1,0
CUST_03176,31,Female,11,140,40,5726.01,5,0
CUST_03177,28,Female,45,143,64,5644.93,7,0
CUST_03178,56,Male,64,109,11,1074.23,1,0
CUST_03179,26,Male,44,359,52,4740.34,3,0
CUST_03180,43,Female,62,320,96,5547.49,3,0
CUST_03181,33,Female,61,64,7,956.05,8,0
CUST_03182,22,Female,12,271,51,791.23,9,1
CUST_03183,69,Female,9,186,93,10776.01,0,0
CUST_03184,27,Female,67,356,94,5988.94,8,0
CUST_03185,67,Female,2,323,21,854.28,7,1
CUST_03186,20,Female,8,1,39,2881.1,0,0
CUST_03187,30,Male,43,7,112,4674.29,9,0
CUST_03188,60,Female,18,1,44,5820.85,5,0
CUST_03189,66,Male,52,261,107,13097.53,9,1
CUST_03190,47,Male,39,47,57,7449.59,1,0
CUST_03191,62,Female,31,356,41,5241.55,2,0
CUST_03192,23,Male,14,266,39,4927.64,4,1
CUST_03193,34,Male,64,2,20,1869.84,7,0
CUST_03194,62,Male,44,23,22,3008.84,5,0
CUST_03195,68,Female,60,359,29,666.57,8,0
CUST_03196,36,Female,2,303,46,2465.28,0,0
CUST_03197,59,Female,32,84,68,2971.34,4,0
CUST_03198,52,Male,36,204,3,94.04,3,0
CUST_03199,63,Male,55,227,73,1157.59,7,1
CUST_03200,43,Male,63,252,5,346.79,4,0
CUST_03201,68,Male,69,305,56,6313.45,8,0
CUST_03202,22,Female,40,151,67,6838.0,1,0
CUST_03203,46,Male,24,247,89,9157.32,7,0
CUST_03204,54,Male,58,306,32,4316.68,0,0
CUST_03205,37,Male,28,17,97,13991.54,7,0
CUST_03206,66,Male,62,304,82,8764.15,8,1
CUST_03207,38,Male,25,2,109,2884.66,2,0
CUST_03208,27,Female,7,197,100,10635.49,1,0
CUST_03209,22,Female,38,341,114,10247.99,4,0
CUST_03210,53,Female,71,269,41,971.45,8,1
CUST_03211,23,Female,45,61,29,1441.61,7,0
CUST_03212,43,Male,32,267,103,4850.22,0,0
CUST_03213,21,Female,32,97,111,13245.5,0,0
CUST_03214,56,Female,1,283,109,6714.72,7,1
CUST_03215,56,Male,45,247,66,5450.92,2,0
CUST_03216,67,Female,64,35,11,1331.8,0,0
CUST_03217,52,Female,68,274,59,8344.34,9,0
CUST_03218,18,Male,7,68,95,8327.6,0,0
CUST_03219,41,Female,38,189,4,359.86,3,0
CUST_03220,53,Female,70,41,93,2598.6,5,0
CUST_03221,23,Female,53,96,54,4413.58,8,1
CUST_03222,58,Female,30,171,114,12274.72,4,0
CUST_03223,63,Male,22,67,67,2714.97,6,0
CUST_03224,61,Male,58,308,2,60.04,8,0
CUST_03225,48,Female,55,119,108,14207.44,4,0
CUST_03226,37,Female,46,341,100,3050.83,6,1
CUST_03227,41,Female,26,171,78,10784.69,8,0
CUST_03228,42,Male,64,186,48,2493.29,5,0
CUST_03229,53,Male,9,70,117,6966.78,8,0
CUST_03230,38,Male,15,245,68,5844.82,5,0
CUST_03231,47,Male,19,159,44,1777.34,5,0
CUST_03232,41,Male,16,284,62,6693.19,2,0
CUST_03233,61,Male,25,107,94,8058.19,4,0
CUST_03234,59,Male,51,36,83,11846.2,6,0
CUST_03235,47,Male,46,348,19,2622.27,1,0
CUST_03236,39,Male,7,195,44,5232.1,5,0
CUST_03237,45,Female,34,268,31,1238.44,1,0
CUST_03238,24,Female,58,76,62,2719.44,8,0
CUST_03239,52,Male,23,280,15,768.66,9,1
CUST_03240,45,Female,23,321,29,3700.68,2,0
CUST_03241,31,Female,17,348,67,6865.67,6,1
CUST_03242,27,Female,13,80,83,3212.38,6,1
CUST_03243,33,Male,27,98,86,6610.38,4,0
CUST_03244,33,Male,66,282,47,6890.74,9,0
CUST_03245,48,Female,30,118,84,9563.72,1,0
CUST_03246,59,Male,4,223,119,16794.3,4,0
CUST_03247,42,Female,67,252,7,869.35,1,0
CUST_03248,30,Female,14,80,68,7676.05,2,0
CUST_03249,23,Female,11,314,1,127.04,7,1
CUST_03250,61,Male,40,170,105,11392.18,5,0
CUST_03251,26,Male,3,157,71,6503.21,9,1
CUST_03252,62,Male,1,334,22,2515.58,9,1
CUST_03253,53,Female,9,328,101,4643.75,9,1
CUST_03254,60,Male,1,2,57,4628.24,3,0
CUST_03255,37,Female,16,203,94,13483.14,7,0
CUST_03256,35,Male,46,258,73,9063.88,9,1
CUST_03257,60,Male,10,251,58,8122.93,8,0
CUST_03258,38,Male,33,146,27,3931.35,4,0
CUST_03259,21,Female,41,325,38,3582.16,0,0
CUST_03260,67,Female,51,275,87,3609.08,5,0
CUST_03261,50,Male,22,19,76,8743.17,8,0
CUST_03262,44,Female,16,252,13,207.87,5,1
CUST_03263,24,Female,62,284,97,2622.31,5,0
CUST_03264,23,Female,53,331,15,804.38,4,1
CUST_03265,32,Female,14,50,80,1364.02,6,0
CUST_03266,35,Male,59,311,98,10510.76,3,0
CUST_03267,49,Male,26,137,73,9142.44,3,0
CUST_03268,28,Female,44,226,106,12376.43,3,0
CUST_03269,37,Male,20,221,116,4002.57,8,0
CUST_03270,41,Male,5,113,91,11240.98,9,1
CUST_03271,32,Male,65,149,48,6088.62,2,0
CUST_03272,65,Female,11,48,15,420.47,9,1
CUST_03273,24,Male,47,58,99,8065.75,2,0
CUST_03274,38,Female,10,197,98,10573.9,2,0
CUST_03275,59,Male,61,225,40,2796.1,2,0
CUST_03276,43,Female,45,137,30,4051.53,7,0
CUST_03277,61,Male,47,195,112,9680.62,8,0
CUST_03278,31,Female,34,206,23,724.18,7,1
CUST_03279,54,Female,13,18,9,779.48,3,0
CUST_03280,38,Female,23,268,32,2974.54,9,1
CUST_03281,35,Male,36,215,35,5030.9,6,0
CUST_03282,22,Female,63,206,49,3526.45,3,0
CUST_03283,20,Male,47,124,96,13013.7,9,0
CUST_03284,40,Male,66,16,45,2618.82,0,0
CUST_03285,43,Female,14,165,16,1216.98,6,1
CUST_03286,54,Female,53,148,32,3397.17,2,0
CUST_03287,41,Female,66,276,25,3363.58,4,0
CUST_03288,66,Female,49,233,94,11233.55,2,0
CUST_03289,36,Male,16,25,37,1331.53,0,0
CUST_03290,68,Female,68,268,37,1522.52,8,0
CUST_03291,42,Male,43,295,35,847.32,1,0
CUST_03292,38,Female,65,71,45,4450.48,1,0
CUST_03293,29,Female,9,200,8,595.56,5,0
CUST_03294,58,Female,21,47,104,13856.74,0,0
CUST_03295,50,Male,43,25,113,16788.43,7,0
CUST_03296,67,Female,66,213,47,6279.45,3,0
CUST_03297,21,Male,4,33,36,766.59,2,0
CUST_03298,59,Male,7,214,118,16813.64,4,0
CUST_03299,24,Male,58,211,89,2572.41,7,0
CUST_03300,39,Female,4,29,82,6180.56,0,0
CUST_03301,50,Male,20,259,103,5679.38,4,0
CUST_03302,34,Male,35,39,10,361.2,8,1
CUST_03303,41,Male,59,260,1,38.12,1,0
CUST_03304,51,Male,45,165,68,4194.76,7,0
CUST_03305,45,Female,14,95,90,1658.54,1,0
CUST_03306,60,Female,22,220,75,1779.65,6,0
CUST_03307,58,Male,48,268,15,1671.42,8,1
CUST_03308,56,Female,30,118,96,9555.98,4,0
CUST_03309,39,Female,29,66,79,2244.65,8,0
CUST_03310,66,Female,36,193,92,6749.72,0,0
CUST_03311,34,Female,42,320,87,8442.55,6,0
CUST_03312,51,Male,29,35,3,84.55,3,0
CUST_03313,23,Female,7,175,115,16815.25,6,0
CUST_03314,63,Male,32,112,32,4145.53,0,0
CUST_03315,23,Male,13,308,20,913.57,6,1
CUST_03316,51,Female,13,290,56,4762.61,6,0
CUST_03317,18,Female,54,340,78,6515.92,9,1
CUST_03318,27,Male,14,80,99,5951.73,9,0
CUST_03319,38,Male,6,111,104,12225.29,6,0
CUST_03320,22,Female,16,92,42,4362.48,9,0
CUST_03321,19,Female,41,186,73,9611.86,1,0
CUST_03322,39,Female,52,41,60,941.31,5,0
CUST_03323,65,Male,16,87,56,5406.26,2,0
CUST_03324,19,Female,5,224,47,7004.05,5,1
CUST_03325,27,Male,24,51,24,2917.02,4,0
CUST_03326,51,Male,43,126,41,2520.79,3,0
CUST_03327,33,Male,65,146,4,144.29,7,0
CUST_03328,65,Female,10,41,76,5534.15,1,0
CUST_03329,68,Female,59,355,51,3686.1,6,0
CUST_03330,56,Female,35,363,88,8273.05,3,0
CUST_03331,39,Female,31,24,1,23.92,6,0
CUST_03332,29,Male,11,303,14,941.79,4,0
CUST_03333,41,Male,9,284,95,12387.74,4,1
CUST_03334,64,Male,66,36,10,1018.89,8,0
CUST_03335,57,Female,44,277,97,7147.36,4,0
CUST_03336,55,Female,16,184,36,2047.81,7,0
CUST_03337,27,Female,48,325,42,2216.35,6,0
CUST_03338,52,Female,53,154,99,11487.62,3,0
CUST_03339,68,Female,65,182,48,3497.84,7,0
CUST_03340,66,Female,48,300,18,868.33,6,0
CUST_03341,49,Female,70,154,89,11099.85,3,0
CUST_03342,24,Female,46,150,76,3865.13,5,0
CUST_03343,38,Female,33,2,60,1421.96,6,0
CUST_03344,37,Female,52,297,28,2491.79,9,1
CUST_03345,43,Female,55,54,53,2791.62,6,0
CUST_03346,21,Male,51,246,115,1800.82,7,1
CUST_03347,63,Male,40,46,9,744.39,8,0
CUST_03348,69,Male,25,75,24,3258.32,4,0
CUST_03349,39,Male,63,149,20,2039.16,1,0
CUST_03350,32,Female,22,3,90,1570.58,9,0
CUST_03351,57,Male,38,9,69,4563.21,4,0
CUST_03352,38,Male,9,2,27,1305.46,6,0
CUST_03353,32,Male,37,238,92,9706.9,2,0
CUST_03354,39,Female,5,28,101,7744.97,9,0
CUST_03355,69,Male,22,290,40,1532.76,4,0
CUST_03356,45,Male,12,181,71,5438.52,5,0
CUST_03357,31,Male,60,315,83,11681.27,5,0
CUST_03358,44,Male,44,266,54,3804.72,3,0
CUST_03359,58,Female,22,83,86,11394.54,2,0
CUST_03360,57,Male,6,349,82,6493.12,3,0
CUST_03361,45,Female,27,253,15,1759.24,0,0
CUST_03362,43,Female,55,258,97,11745.7,7,0
CUST_03363,66,Female,15,48,103,12123.16,2,0
CUST_03364,19,Male,64,134,51,5161.06,3,0
CUST_03365,42,Male,17,300,69,9907.43,8,0
CUST_03366,20,Male,3,199,40,5614.32,9,1
CUST_03367,25,Male,10,292,101,5643.46,8,0
CUST_03368,61,Female,63,136,69,7505.77,5,0
CUST_03369,50,Male,63,83,101,10579.41,3,0
CUST_03370,59,Male,62,266,43,1807.52,7,0
CUST_03371,69,Female,9,358,64,3250.19,6,0
CUST_03372,52,Female,24,219,7,398.66,5,0
CUST_03373,23,Male,32,349,2,119.53,5,1
CUST_03374,56,Male,3,19,30,3910.17,8,0
CUST_03375,69,Male,33,18,113,13248.42,3,0
CUST_03376,40,Female,43,179,75,9303.31,5,0
CUST_03377,42,Female,12,23,52,7189.43,1,0
CUST_03378,67,Female,32,315,101,8528.05,8,0
CUST_03379,60,Female,20,244,103,13161.68,6,0
CUST_03380,36,Female,67,107,33,3592.73,7,0
CUST_03381,22,Male,68,131,9,699.72,1,0
CUST_03382,68,Male,17,10,11,452.87,4,0
CUST_03383,28,Female,19,199,76,5554.59,8,0
CUST_03384,29,Female,4,305,10,428.88,2,0
CUST_03385,27,Male,17,312,116,6237.02,6,1
CUST_03386,25,Female,64,90,54,2876.82,4,0
CUST_03387,41,Female,22,144,75,8830.46,5,0
CUST_03388,45,Male,66,295,97,8104.5,4,0
CUST_03389,58,Female,42,109,20,2441.49,5,0
CUST_03390,53,Male,45,352,5,667.25,8,1
CUST_03391,54,Female,11,204,111,10830.87,6,0
CUST_03392,38,Male,53,44,24,1679.34,0,0
CUST_03393,25,Female,60,8,32,4181.26,8,0
CUST_03394,26,Female,29,301,118,10810.84,1,0
CUST_03395,64,Male,20,353,31,4051.28,3,1
CUST_03396,32,Female,5,153,106,5388.19,3,0
CUST_03397,65,Female,25,17,44,4020.61,4,0
CUST_03398,63,Female,34,339,78,3399.71,9,1
CUST_03399,57,Male,12,237,19,2076.29,3,0
CUST_03400,35,Female,28,335,106,9988.41,7,1
CUST_03401,59,Male,6,56,24,2161.44,8,1
CUST_03402,37,Male,19,44,118,11950.99,1,0
CUST_03403,23,Male,12,309,96,6305.22,8,1
CUST_03404,29,Male,25,241,12,491.0,1,0
CUST_03405,19,Female,13,39,50,6193.29,2,0
CUST_03406,24,Male,3,130,85,5685.64,5,0
CUST_03407,33,Male,24,98,115,17078.23,8,0
CUST_03408,20,Female,8,281,100,7993.53,6,1
CUST_03409,62,Female,45,80,25,2028.8,7,1
CUST_03410,20,Female,1,288,51,5431.78,1,0
CUST_03411,44,Male,3,335,117,12286.11,8,1
CUST_03412,67,Female,65,234,14,551.18,5,0
CUST_03413,60,Male,15,334,72,3726.86,2,0
CUST_03414,57,Female,50,169,29,1341.39,1,0
CUST_03415,55,Female,20,79,25,555.24,1,0
CUST_03416,50,Female,3,71,87,1568.22,9,1
CUST_03417,45,Male,61,263,59,6022.36,8,1
CUST_03418,18,Male,15,200,100,8230.98,3,0
CUST_03419,25,Male,59,211,57,7738.91,7,0
CUST_03420,54,Male,54,18,112,6227.66,6,0
CUST_03421,49,Male,60,273,12,1455.77,4,0
CUST_03422,65,Female,37,210,50,1446.29,3,0
CUST_03423,60,Male,21,117,12,1502.64,5,1
CUST_03424,54,Female,23,104,82,11427.3,9,0
CUST_03425,21,Male,18,77,100,9969.05,7,0
CUST_03426,47,Male,17,315,48,5489.02,4,0
CUST_03427,23,Female,31,11,50,7417.61,1,0
CUST_03428,63,Female,64,51,19,1255.05,3,0
CUST_03429,36,Male,48,7,112,2123.94,0,0
CUST_03430,49,Male,26,37,53,5679.02,8,0
CUST_03431,26,Female,22,261,35,587.98,5,1
CUST_03432,29,Male,45,62,113,10364.59,6,0
CUST_03433,28,Male,36,200,27,2582.81,0,0
CUST_03434,63,Female,64,330,67,6291.81,4,0
CUST_03435,33,Male,35,90,77,2879.73,8,0
CUST_03436,18,Male,27,79,102,2585.83,0,0
CUST_03437,62,Female,68,55,51,7014.82,0,0
CUST_03438,38,Female,17,221,105,9252.2,1,0
CUST_03439,47,Male,70,92,19,1113.71,2,0
CUST_03440,30,Female,11,74,43,5124.98,5,0
CUST_03441,51,Male,5,56,35,4879.82,5,0
CUST_03442,21,Female,58,232,15,1043.54,9,1
CUST_03443,45,Female,57,179,16,452.34,9,0
CUST_03444,55,Male,14,61,99,10741.82,0,0
CUST_03445,48,Male,1,360,69,9488.62,2,0
CUST_03446,44,Male,16,117,71,10462.2,8,1
CUST_03447,22,Female,26,78,85,10610.39,7,0
CUST_03448,42,Female,49,236,41,2099.58,8,0
CUST_03449,20,Male,42,33,54,3421.43,7,0
CUST_03450,50,Male,70,55,65,2174.89,8,0
CUST_03451,21,Male,66,243,89,9898.64,6,0
CUST_03452,42,Male,53,274,30,1135.48,9,1
CUST_03453,37,Male,9,74,19,1392.99,8,1
CUST_03454,51,Female,69,21,88,7637.26,2,0
CUST_03455,43,Female,40,353,46,3065.53,5,1
CUST_03456,22,Female,56,201,60,2112.54,5,0
CUST_03457,52,Female,5,154,79,4275.94,0,0
CUST_03458,45,Female,56,254,99,9941.9,9,1
CUST_03459,46,Female,5,207,24,2714.91,9,1
CUST_03460,26,Female,69,149,36,3527.13,6,0
CUST_03461,69,Male,52,183,49,7123.45,2,0
CUST_03462,55,Male,33,302,59,5772.57,1,0
CUST_03463,67,Male,22,297,14,635.89,6,0
CUST_03464,23,Female,15,261,86,6991.12,9,1
CUST_03465,36,Female,65,44,39,4987.75,3,0
CUST_03466,61,Male,71,144,8,471.87,6,0
CUST_03467,28,Female,23,244,48,5495.96,0,0
CUST_03468,19,Female,6,5,118,14278.11,9,0
CUST_03469,64,Male,58,62,80,11286.82,7,0
CUST_03470,61,Male,26,346,110,7607.45,1,1
CUST_03471,61,Male,12,26,81,4051.8,7,0
CUST_03472,26,Male,2,317,69,5766.54,7,1
CUST_03473,38,Female,32,325,41,6115.04,8,1
CUST_03474,41,Female,50,184,35,4787.56,3,0
CUST_03475,51,Female,61,306,64,3413.37,0,0
CUST_03476,39,Female,11,36,53,2202.5,9,0
CUST_03477,20,Female,68,30,54,4287.02,7,0
CUST_03478,29,Female,34,69,37,1383.04,8,0
CUST_03479,45,Female,8,232,52,6101.38,8,1
CUST_03480,47,Female,8,176,18,358.97,5,0
CUST_03481,43,Female,15,278,21,952.1,7,1
CUST_03482,65,Male,5,33,42,733.31,7,0
CUST_03483,38,Female,19,69,65,2964.63,4,0
CUST_03484,45,Male,9,352,81,1787.03,3,0
CUST_03485,43,Female,57,255,8,847.44,9,0
CUST_03486,50,Male,54,50,93,8554.79,9,0
CUST_03487,38,Male,29,23,84,3685.78,1,0
CUST_03488,52,Female,19,254,113,4823.45,2,0
CUST_03489,69,Male,46,164,114,6191.47,2,0
CUST_03490,51,Male,62,273,101,12398.63,5,1
CUST_03491,58,Male,60,181,39,1377.4,6,0
CUST_03492,68,Female,5,347,61,1917.21,5,1
CUST_03493,64,Female,33,250,60,5015.21,0,0
CUST_03494,35,Female,55,237,69,9092.01,6,0
CUST_03495,28,Female,19,232,59,2670.04,8,1
CUST_03496,40,Male,17,122,10,293.45,7,0
CUST_03497,65,Male,42,242,63,5126.81,4,0
CUST_03498,39,Male,22,134,70,7968.86,3,0
CUST_03499,34,Female,39,71,7,689.31,4,0
CUST_03500,22,Female,27,346,35,2500.83,2,0
CUST_03501,61,Male,46,310,91,1861.29,8,1
CUST_03502,28,Male,28,279,42,2334.36,4,1
CUST_03503,47,Male,52,219,85,11823.41,6,0
CUST_03504,32,Female,65,185,88,3967.61,6,0
CUST_03505,44,Male,39,307,29,2838.63,0,0
CUST_03506,52,Male,18,314,27,3712.63,5,0
CUST_03507,50,Male,22,217,38,3074.0,3,0
CUST_03508,37,Female,68,281,2,150.5,2,0
CUST_03509,33,Female,11,281,25,851.09,2,0
CUST_03510,51,Male,64,125,66,9727.25,5,0
CUST_03511,19,Female,71,179,38,1476.32,0,0
CUST_03512,52,Female,57,327,59,4719.81,4,1
CUST_03513,57,Female,35,35,82,3126.62,3,0
CUST_03514,45,Male,37,70,106,6575.37,9,0
CUST_03515,64,Female,50,360,7,940.39,7,1
CUST_03516,56,Female,30,178,49,4990.57,8,0
CUST_03517,23,Male,17,49,68,1110.37,7,0
CUST_03518,26,Female,33,68,108,15715.4,6,0
CUST_03519,37,Male,16,7,104,12566.06,2,0
CUST_03520,18,Male,15,94,41,6136.36,7,0
CUST_03521,25,Male,13,81,74,8731.04,0,0
CUST_03522,40,Male,3,250,51,6031.02,3,0
CUST_03523,20,Male,24,38,105,11488.69,2,0
CUST_03524,21,Male,23,350,92,6636.72,2,0
CUST_03525,42,Female,59,45,94,5406.66,1,0
CUST_03526,64,Female,55,359,24,2061.61,6,0
CUST_03527,55,Male,65,137,36,1406.23,9,0
CUST_03528,32,Female,32,311,80,9002.26,2,0
CUST_03529,38,Female,60,308,97,14514.89,6,0
CUST_03530,52,Male,30,305,10,961.26,1,0
CUST_03531,63,Male,66,229,112,14629.64,2,0
CUST_03532,69,Female,18,183,21,803.55,2,0
CUST_03533,31,Female,59,326,27,3412.38,6,0
CUST_03534,53,Male,53,204,55,7562.69,9,0
CUST_03535,29,Male,64,111,85,10901.01,3,0
CUST_03536,34,Female,30,68,91,9070.88,9,0
CUST_03537,56,Female,18,357,96,13445.89,6,0
CUST_03538,26,Male,5,38,5,723.99,2,0
CUST_03539,52,Female,69,198,117,14633.67,9,0
CUST_03540,30,Male,8,305,99,8797.19,8,1
CUST_03541,32,Male,9,92,86,10987.82,1,0
CUST_03542,35,Male,32,264,59,3847.51,2,0
CUST_03543,68,Female,14,243,36,2224.43,5,0
CUST_03544,50,Male,13,116,74,4585.6,5,0
CUST_03545,23,Male,18,95,34,1424.41,5,0
CUST_03546,44,Female,68,213,52,5153.07,9,0
CUST_03547,40,Female,22,246,118,12307.35,7,0
CUST_03548,44,Male,20,173,6,786.31,7,0
CUST_03549,51,Male,15,285,14,1522.63,5,1
CUST_03550,63,Female,7,79,59,7097.2,7,0
CUST_03551,55,Female,30,280,57,6155.56,0,0
CUST_03552,31,Male,5,149,37,4036.74,6,0
CUST_03553,53,Female,1,279,58,3536.49,2,0
CUST_03554,25,Male,60,351,83,12067.74,2,0
CUST_03555,52,Female,31,226,32,3239.58,8,1
CUST_03556,36,Male,20,323,20,1885.27,0,0
CUST_03557,47,Female,64,118,85,10996.81,8,0
CUST_03558,31,Male,64,73,79,5674.5,4,0
CUST_03559,37,Female,29,6,81,2267.52,8,0
CUST_03560,66,Female,10,321,61,2892.24,0,0
CUST_03561,42,Male,29,22,108,13401.98,5,0
CUST_03562,57,Female,31,179,57,6486.31,0,0
CUST_03563,41,Male,30,196,109,3359.43,0,0
CUST_03564,31,Female,25,109,52,1268.96,4,0
CUST_03565,43,Female,58,185,88,8708.25,4,0
CUST_03566,55,Female,57,55,85,12045.99,0,0
CUST_03567,40,Female,63,229,48,1853.49,1,0
CUST_03568,39,Female,37,19,79,7040.32,2,0
CUST_03569,65,Male,58,364,11,1370.77,2,0
CUST_03570,36,Male,28,216,101,8723.72,6,0
CUST_03571,63,Female,27,48,30,1872.06,1,0
CUST_03572,68,Female,70,160,60,7303.64,2,0
CUST_03573,20,Female,37,273,18,2144.08,0,0
CUST_03574,59,Female,6,96,92,11694.63,0,0
CUST_03575,36,Male,62,30,77,10979.33,0,0
CUST_03576,26,Male,33,121,107,3780.87,0,0
CUST_03577,45,Male,40,354,74,4514.4,3,0
CUST_03578,37,Female,41,190,47,6961.09,0,0
CUST_03579,62,Male,42,152,103,9812.03,3,0
CUST_03580,24,Male,9,255,12,1265.61,5,0
CUST_03581,31,Female,18,191,50,6717.64,2,0
CUST_03582,26,Female,15,142,102,11045.68,2,0
CUST_03583,36,Female,4,246,105,11259.84,4,0
CUST_03584,64,Female,34,34,112,3260.09,9,0
CUST_03585,69,Female,62,187,40,3336.94,1,0
CUST_03586,31,Male,38,86,90,9529.3,3,0
CUST_03587,55,Female,71,161,108,13390.31,0,0
CUST_03588,53,Male,23,364,64,4530.38,9,1
CUST_03589,57,Female,20,118,19,601.87,8,1
CUST_03590,34,Female,56,111,87,5601.62,2,0
CUST_03591,47,Female,53,58,112,8177.6,7,0
CUST_03592,26,Male,2,18,100,11638.62,3,0
CUST_03593,50,Male,21,359,27,477.1,5,0
CUST_03594,69,Female,42,140,52,3488.3,9,0
CUST_03595,42,Male,57,194,80,6037.14,3,0
CUST_03596,31,Female,49,130,7,624.86,3,0
CUST_03597,28,Female,10,212,63,9194.85,5,0
CUST_03598,52,Female,61,284,77,8853.56,7,1
CUST_03599,58,Female,21,120,55,2476.54,8,0
CUST_03600,31,Female,60,42,76,7641.38,1,0
CUST_03601,47,Male,13,3,91,5617.18,5,0
CUST_03602,58,Male,48,229,97,12080.47,0,0
CUST_03603,21,Female,40,229,31,1180.93,6,0
CUST_03604,21,Female,63,343,11,379.59,9,1
CUST_03605,45,Female,9,141,17,487.7,2,0
CUST_03606,25,Female,57,57,102,9022.32,8,0
CUST_03607,19,Male,51,216,66,2088.2,5,0
CUST_03608,58,Male,40,131,67,1382.66,8,0
CUST_03609,63,Male,64,114,98,5868.39,5,0
CUST_03610,39,Female,70,191,114,13993.78,3,0
CUST_03611,58,Male,64,243,32,1154.24,5,0
CUST_03612,33,Male,25,294,24,1519.56,0,0
CUST_03613,46,Female,28,315,88,6496.57,9,1
CUST_03614,66,Male,10,28,13,1732.33,7,1
CUST_03615,65,Female,28,26,22,1744.8,9,1
CUST_03616,47,Female,36,84,19,1598.17,7,0
CUST_03617,29,Male,11,347,53,2616.84,2,0
CUST_03618,52,Male,21,321,94,9893.81,4,1
CUST_03619,28,Female,26,330,39,720.11,4,1
CUST_03620,63,Male,18,202,21,3049.19,2,0
CUST_03621,67,Male,68,61,112,9211.58,5,0
CUST_03622,38,Male,41,185,87,2031.0,8,0
CUST_03623,38,Male,15,246,16,1447.81,2,0
CUST_03624,22,Female,23,1,106,8945.08,8,0
CUST_03625,65,Male,41,243,7,332.46,7,1
CUST_03626,37,Female,6,32,84,3627.9,4,0
CUST_03627,54,Male,71,235,112,5773.98,8,0
CUST_03628,20,Female,60,17,106,3446.47,6,0
CUST_03629,61,Female,52,89,78,6765.88,2,0
CUST_03630,50,Female,9,52,26,3475.07,9,0
CUST_03631,26,Female,30,164,86,12007.51,1,0
CUST_03632,26,Male,44,303,105,15083.59,4,0
CUST_03633,21,Female,62,32,100,9605.05,2,0
CUST_03634,52,Male,43,198,90,8901.82,9,1
CUST_03635,34,Male,28,351,76,4325.9,8,1
CUST_03636,51,Female,8,201,113,15200.95,9,1
CUST_03637,41,Male,51,107,31,2507.89,6,0
CUST_03638,49,Female,30,336,104,5481.49,9,1
CUST_03639,18,Male,11,345,68,9884.83,9,1
CUST_03640,25,Female,20,296,40,4409.04,7,1
CUST_03641,62,Female,31,28,27,2098.65,5,0
CUST_03642,40,Female,34,337,9,218.39,8,1
CUST_03643,64,Female,12,287,76,2578.06,5,0
CUST_03644,57,Female,48,119,93,3861.76,2,0
CUST_03645,29,Female,28,343,92,12593.28,1,0
CUST_03646,29,Male,67,31,16,2338.63,0,0
CUST_03647,63,Female,63,154,72,3675.03,8,0
CUST_03648,64,Male,48,260,111,9132.25,5,0
CUST_03649,32,Male,42,107,113,13775.21,3,0
CUST_03650,58,Male,52,251,13,870.04,4,0
CUST_03651,36,Male,5,363,78,6354.73,7,1
CUST_03652,43,Female,12,107,60,8089.75,0,0
CUST_03653,69,Female,59,117,79,3398.11,7,0
CUST_03654,46,Female,65,245,60,8950.2,6,0
CUST_03655,39,Female,52,79,9,689.41,8,0
CUST_03656,57,Male,43,229,53,2643.16,3,0
CUST_03657,38,Male,63,23,108,14632.56,4,0
CUST_03658,68,Male,50,197,32,810.5,7,0
CUST_03659,55,Female,39,361,86,8747.33,2,0
CUST_03660,37,Male,42,188,55,1283.04,9,1
CUST_03661,46,Female,17,217,115,16414.64,0,0
CUST_03662,68,Female,43,247,25,2534.05,0,0
CUST_03663,21,Female,49,154,41,2817.77,9,0
CUST_03664,24,Female,5,195,26,1879.65,5,1
CUST_03665,45,Female,1,116,109,4064.98,1,0
CUST_03666,45,Male,67,196,29,1844.43,8,0
CUST_03667,21,Male,24,55,82,11235.05,4,0
CUST_03668,39,Female,29,175,36,4454.12,8,0
CUST_03669,29,Female,15,144,84,8761.21,7,0
CUST_03670,62,Female,4,314,97,14128.11,7,1
CUST_03671,20,Male,44,363,84,7762.77,4,0
CUST_03672,39,Female,65,217,3,116.39,1,0
CUST_03673,61,Male,31,257,59,6568.94,5,1
CUST_03674,19,Male,20,127,107,10155.21,4,0
CUST_03675,41,Male,10,173,34,2513.75,2,0
CUST_03676,51,Male,11,94,6,209.06,9,0
CUST_03677,44,Male,28,219,31,3301.0,8,1
CUST_03678,58,Male,38,52,99,7419.94,6,0
CUST_03679,18,Female,24,19,32,2979.7,8,0
CUST_03680,25,Female,39,358,42,2418.33,9,1
CUST_03681,40,Female,51,237,57,2053.32,3,0
CUST_03682,55,Male,50,171,73,4641.89,2,0
CUST_03683,23,Female,7,275,46,5981.57,1,0
CUST_03684,39,Male,68,295,112,4092.64,4,0
CUST_03685,42,Male,53,364,91,7154.1,0,0
CUST_03686,35,Female,37,160,88,4855.59,5,0
CUST_03687,34,Male,54,240,56,8115.23,1,0
CUST_03688,29,Female,55,65,50,1321.55,8,0
CUST_03689,23,Female,31,217,86,4138.5,4,0
CUST_03690,43,Female,65,47,30,2270.7,1,0
CUST_03691,44,Female,59,74,36,1741.77,3,0
CUST_03692,25,Female,47,164,26,2870.14,5,0
CUST_03693,36,Male,49,198,50,3253.47,3,0
CUST_03694,59,Female,18,328,2,240.81,4,1
CUST_03695,18,Male,3,148,106,9478.72,3,0
CUST_03696,46,Female,18,86,108,7843.09,3,0
CUST_03697,62,Female,58,9,7,449.81,2,0
CUST_03698,66,Male,71,253,27,1214.26,8,0
CUST_03699,52,Female,25,232,80,3927.63,2,0
CUST_03700,57,Male,18,247,49,1901.75,3,0
CUST_03701,31,Male,52,1,46,5979.34,7,0
CUST_03702,52,Female,43,267,93,8278.7,4,0
CUST_03703,65,Male,67,105,85,6815.99,6,0
CUST_03704,62,Male,7,234,26,1521.1,5,1
CUST_03705,37,Male,44,257,82,6951.74,0,0
CUST_03706,66,Female,44,81,65,8719.41,1,0
CUST_03707,30,Male,51,123,2,261.15,9,0
CUST_03708,55,Male,21,172,78,7478.43,4,0
CUST_03709,66,Female,37,307,102,8827.51,9,1
CUST_03710,63,Male,28,273,79,3592.96,2,0
CUST_03711,66,Male,32,359,64,6946.9,7,1
CUST_03712,25,Female,57,247,64,8332.67,7,0
CUST_03713,60,Female,41,363,100,5626.83,1,0
CUST_03714,37,Female,54,194,88,6494.22,5,0
CUST_03715,50,Male,27,112,60,1764.35,6,0
CUST_03716,43,Female,40,23,89,11646.24,6,0
CUST_03717,56,Female,41,315,9,253.72,2,0
CUST_03718,38,Male,70,202,15,1651.28,8,0
CUST_03719,66,Male,24,106,37,1488.96,6,0
CUST_03720,59,Female,18,94,6,684.26,0,0
CUST_03721,60,Female,56,25,43,4375.75,8,0
CUST_03722,58,Female,15,145,45,4869.15,5,0
CUST_03723,26,Female,35,19,76,7663.29,5,0
CUST_03724,41,Female,27,210,91,6238.1,6,0
CUST_03725,54,Female,3,82,71,7009.55,1,0
CUST_03726,66,Male,21,46,28,1306.99,1,0
CUST_03727,58,Male,39,35,52,2703.04,3,0
CUST_03728,34,Female,32,202,76,1808.27,1,0
CUST_03729,41,Female,50,23,106,10359.56,6,0
CUST_03730,38,Female,9,300,35,4497.76,9,1
CUST_03731,68,Female,50,265,66,4361.99,8,0
CUST_03732,56,Female,1,346,26,1122.46,1,0
CUST_03733,58,Male,4,349,20,2524.61,0,0
CUST_03734,56,Female,4,187,89,9074.18,0,0
CUST_03735,30,Male,34,298,62,8408.84,1,0
CUST_03736,28,Male,27,190,85,1346.65,2,0
CUST_03737,63,Male,15,240,1,69.16,0,0
CUST_03738,36,Female,32,349,92,12569.9,7,0
CUST_03739,28,Female,41,127,53,5627.36,5,0
CUST_03740,30,Male,71,291,102,7986.29,2,0
CUST_03741,63,Male,61,111,77,5464.23,8,0
CUST_03742,62,Female,63,43,30,4075.4,3,0
CUST_03743,18,Female,61,301,60,7637.54,8,1
CUST_03744,57,Female,14,134,10,166.62,4,0
CUST_03745,61,Female,23,13,109,3416.84,8,0
CUST_03746,36,Female,65,11,22,1851.58,7,0
CUST_03747,29,Male,32,102,29,883.8,1,0
CUST_03748,25,Male,41,197,69,3594.43,4,0
CUST_03749,25,Male,26,55,8,1021.7,0,0
CUST_03750,62,Female,48,183,53,3557.83,0,0
CUST_03751,29,Male,16,19,11,834.61,2,0
CUST_03752,65,Female,31,363,26,1001.41,0,0
CUST_03753,50,Male,66,262,19,1829.94,5,0
CUST_03754,62,Male,32,9,19,593.6,5,0
CUST_03755,43,Male,10,148,30,3002.4,4,0
CUST_03756,56,Male,25,25,36,4169.14,8,0
CUST_03757,45,Male,45,306,42,5583.36,3,0
CUST_03758,22,Female,24,72,56,5243.31,2,0
CUST_03759,25,Male,3,322,9,538.32,2,0
CUST_03760,42,Female,62,57,7,909.83,0,0
CUST_03761,44,Male,67,22,18,1719.8,3,0
CUST_03762,63,Female,55,312,9,570.14,6,1
CUST_03763,40,Female,10,36,6,351.26,7,0
CUST_03764,47,Female,55,179,70,4079.8,5,0
CUST_03765,62,Male,22,68,45,1017.29,6,0
CUST_03766,64,Male,14,1,22,630.96,4,0
CUST_03767,40,Female,8,48,81,2195.95,7,0
CUST_03768,66,Male,15,152,79,4514.48,9,0
CUST_03769,64,Female,15,197,73,5766.04,2,0
CUST_03770,37,Male,52,58,70,2444.63,7,0
CUST_03771,35,Female,70,48,87,11029.29,9,0
CUST_03772,35,Male,54,355,81,1932.52,6,0
CUST_03773,19,Female,42,234,96,13691.24,8,1
CUST_03774,21,Female,19,188,32,801.56,5,0
CUST_03775,47,Male,40,114,101,13713.77,9,0
CUST_03776,50,Male,69,90,67,3363.11,9,0
CUST_03777,53,Male,27,169,16,2371.37,1,0
CUST_03778,35,Female,43,363,2,170.76,4,1
CUST_03779,54,Male,52,361,116,2026.7,8,1
CUST_03780,36,Male,46,177,67,3561.74,6,0
CUST_03781,64,Female,14,192,41,5818.8,2,0
CUST_03782,45,Male,64,133,51,2828.2,1,0
CUST_03783,57,Male,61,172,14,889.66,7,0
CUST_03784,37,Male,58,18,78,1634.88,7,0
CUST_03785,66,Female,49,251,94,4623.82,0,0
CUST_03786,50,Female,29,112,49,2450.4,1,0
CUST_03787,29,Male,26,40,104,11612.27,4,0
CUST_03788,68,Female,27,102,49,4080.66,4,0
CUST_03789,32,Male,67,174,27,991.87,6,0
CUST_03790,58,Male,67,314,81,9914.88,4,1
CUST_03791,56,Female,35,341,39,3804.65,8,1
CUST_03792,19,Male,60,302,73,3740.67,0,0
CUST_03793,46,Female,61,196,36,1627.59,4,1
CUST_03794,58,Female,70,72,10,1398.63,2,0
CUST_03795,27,Female,3,182,93,9393.24,9,1
CUST_03796,19,Male,33,241,4,496.01,5,1
CUST_03797,68,Male,42,289,85,3862.81,0,0
CUST_03798,28,Female,13,323,101,9542.42,1,1
CUST_03799,30,Male,29,113,2,44.44,8,0
CUST_03800,27,Female,9,340,79,7527.69,8,1
CUST_03801,31,Male,32,163,28,1189.54,1,0
CUST_03802,35,Male,22,39,89,9374.15,3,0
CUST_03803,68,Male,58,235,26,3661.2,9,0
CUST_03804,26,Female,57,71,73,5615.58,2,0
CUST_03805,56,Female,10,219,30,1686.86,7,0
CUST_03806,45,Male,25,5,9,284.77,0,0
CUST_03807,20,Female,62,241,1,105.53,8,0
CUST_03808,37,Male,63,165,56,5256.38,3,0
CUST_03809,23,Male,3,1,56,4956.95,7,0
CUST_03810,44,Female,47,184,76,10743.01,7,0
CUST_03811,19,Female,55,8,61,8970.11,5,0
CUST_03812,46,Male,26,108,45,5030.68,9,0
CUST_03813,55,Male,13,185,116,4809.19,8,1
CUST_03814,20,Female,7,284,13,1856.57,7,1
CUST_03815,33,Female,34,154,14,861.91,2,0
CUST_03816,47,Female,22,34,10,256.86,5,0
CUST_03817,57,Male,23,352,17,808.29,1,1
CUST_03818,19,Female,48,22,17,2160.71,0,0
CUST_03819,34,Male,14,148,31,1317.76,4,0
CUST_03820,58,Female,52,151,46,3143.37,6,0
CUST_03821,29,Male,39,67,49,2544.24,5,0
CUST_03822,52,Male,41,78,115,2467.37,3,0
CUST_03823,60,Male,36,232,90,8174.89,3,0
CUST_03824,18,Female,6,39,99,9888.34,8,0
CUST_03825,62,Female,23,165,100,12180.49,2,0
CUST_03826,32,Male,10,99,75,5323.44,1,0
CUST_03827,43,Female,60,129,80,2726.37,5,0
CUST_03828,54,Female,30,19,93,9582.82,0,0
CUST_03829,38,Male,70,271,109,14732.31,1,0
CUST_03830,66,Female,5,1,18,561.17,3,0
CUST_03831,48,Female,57,287,75,2974.0,8,1
CUST_03832,42,Male,43,180,11,653.86,3,0
CUST_03833,40,Male,52,256,73,7503.67,9,0
CUST_03834,41,Male,6,174,89,7628.61,2,0
CUST_03835,55,Male,2,342,55,6114.34,0,0
CUST_03836,45,Male,17,50,96,1846.14,7,0
CUST_03837,38,Female,12,20,98,12192.36,3,0
CUST_03838,60,Female,44,105,3,444.93,1,0
CUST_03839,35,Male,54,190,78,1661.38,6,0
CUST_03840,53,Female,7,239,112,9170.68,0,0
CUST_03841,52,Female,32,43,104,11948.4,2,0
CUST_03842,62,Female,29,5,89,7058.94,9,1
CUST_03843,26,Male,46,248,16,1520.75,4,0
CUST_03844,55,Female,53,66,100,13932.51,6,0
CUST_03845,47,Female,25,251,9,790.91,2,0
CUST_03846,61,Female,53,128,68,3191.94,3,0
CUST_03847,51,Male,29,185,45,5162.16,4,0
CUST_03848,49,Male,6,188,2,131.37,9,1
CUST_03849,20,Female,38,183,119,6365.37,1,0
CUST_03850,20,Male,3,71,89,4319.59,8,0
CUST_03851,45,Female,35,66,114,2931.41,6,1
CUST_03852,61,Female,55,329,22,3100.73,1,0
CUST_03853,32,Male,47,250,69,6282.68,5,0
CUST_03854,58,Female,33,155,49,7052.99,6,0
CUST_03855,40,Male,3,79,21,2758.17,9,1
CUST_03856,57,Male,69,19,74,1411.98,3,0
CUST_03857,28,Female,59,269,87,4209.37,3,0
CUST_03858,65,Female,18,45,91,5239.21,7,0
CUST_03859,49,Male,66,262,94,7625.84,1,0
CUST_03860,53,Female,25,222,55,6142.25,1,0
CUST_03861,50,Male,20,129,4,427.61,1,0
CUST_03862,41,Male,71,106,58,8600.34,1,0
CUST_03863,56,Male,69,251,70,9775.4,6,0
CUST_03864,51,Male,29,121,118,4737.23,3,0
CUST_03865,45,Female,18,230,59,7733.84,4,0
CUST_03866,54,Female,27,281,26,3348.7,7,1
CUST_03867,24,Female,42,227,74,6852.24,6,0
CUST_03868,21,Female,66,275,113,6853.03,7,0
CUST_03869,54,Male,26,138,69,2978.27,4,0
CUST_03870,18,Male,23,173,39,1703.59,7,1
CUST_03871,18,Female,5,327,101,6121.26,0,0
CUST_03872,64,Female,11,271,104,8635.41,4,0
CUST_03873,37,Female,19,215,1,93.82,9,1
CUST_03874,36,Male,12,228,57,3356.18,1,0
CUST_03875,46,Male,2,107,98,6187.54,4,0
CUST_03876,27,Male,43,159,48,807.61,1,0
CUST_03877,35,Male,22,136,72,1100.6,5,0
CUST_03878,45,Male,26,251,21,2886.86,8,1
CUST_03879,52,Female,33,30,31,523.65,1,0
CUST_03880,60,Male,24,98,58,1129.34,9,0
CUST_03881,64,Female,69,97,47,2009.76,1,0
CUST_03882,48,Female,21,257,23,2653.25,9,1
CUST_03883,44,Male,46,272,75,7999.07,2,0
CUST_03884,28,Female,18,11,80,8189.51,9,0
CUST_03885,66,Male,5,342,91,8428.3,4,0
CUST_03886,66,Female,8,168,7,295.61,9,1
CUST_03887,55,Female,57,211,49,3367.33,8,0
CUST_03888,22,Female,5,172,88,6999.83,2,0
CUST_03889,25,Female,13,326,96,8988.46,8,1
CUST_03890,51,Male,66,120,99,4137.01,8,0
CUST_03891,65,Female,37,185,31,3516.01,8,0
CUST_03892,69,Female,29,39,47,2665.06,3,0
CUST_03893,29,Female,69,257,93,9684.11,9,1
CUST_03894,55,Female,32,279,68,5738.37,5,0
CUST_03895,18,Female,48,230,35,3323.21,1,0
CUST_03896,48,Female,2,115,75,5308.13,0,0
CUST_03897,21,Male,69,304,34,2552.87,1,0
CUST_03898,66,Male,51,91,103,13617.15,3,0
CUST_03899,62,Female,35,309,58,4596.1,6,0
CUST_03900,67,Female,15,61,15,1832.62,1,0
CUST_03901,22,Female,65,103,78,5329.61,9,0
CUST_03902,47,Male,38,215,85,9313.61,0,0
CUST_03903,41,Male,17,102,71,3297.3,2,0
CUST_03904,20,Female,45,143,81,11242.6,6,0
CUST_03905,28,Female,1,90,42,6114.46,2,0
CUST_03906,62,Female,3,118,18,2460.22,1,0
CUST_03907,21,Male,70,139,78,4817.77,0,0
CUST_03908,43,Male,52,303,38,1988.39,2,0
CUST_03909,44,Male,53,240,64,2536.28,6,0
CUST_03910,63,Male,3,136,29,3852.77,2,0
CUST_03911,60,Female,47,5,118,3659.56,4,0
CUST_03912,44,Male,6,209,115,11697.18,5,0
CUST_03913,59,Male,46,87,10,597.48,4,0
CUST_03914,68,Male,61,347,17,686.27,0,0
CUST_03915,67,Male,43,319,32,1276.98,4,0
CUST_03916,23,Female,56,277,61,8087.44,2,0
CUST_03917,32,Male,70,121,115,15073.71,7,0
CUST_03918,47,Male,20,245,84,4344.81,4,0
CUST_03919,59,Female,47,358,81,1584.24,7,1
CUST_03920,54,Male,54,90,46,6087.03,8,0
CUST_03921,54,Female,41,140,71,1614.46,1,0
CUST_03922,59,Male,66,112,115,3040.28,3,0
CUST_03923,54,Female,31,240,56,7053.72,9,1
CUST_03924,52,Male,64,272,61,7644.8,0,0
CUST_03925,40,Male,58,143,103,4360.62,9,0
CUST_03926,23,Female,55,207,44,887.02,8,1
CUST_03927,21,Male,46,119,94,2209.24,9,0
CUST_03928,35,Female,24,84,38,2895.89,7,0
CUST_03929,26,Male,37,251,104,7432.01,1,0
CUST_03930,66,Female,41,278,105,4158.95,5,0
CUST_03931,46,Female,25,163,50,6886.02,4,0
CUST_03932,30,Male,29,142,74,6628.57,4,0
CUST_03933,64,Male,31,350,32,3967.7,2,0
CUST_03934,69,Female,2,31,90,2610.27,0,0
CUST_03935,34,Female,12,326,53,7760.1,5,1
CUST_03936,62,Male,5,91,48,5967.1,5,0
CUST_03937,49,Female,61,128,81,4362.36,4,0
CUST_03938,65,Male,56,267,1,17.81,8,0
CUST_03939,39,Male,71,36,103,3832.49,9,0
CUST_03940,21,Female,37,336,118,8436.8,8,1
CUST_03941,22,Female,36,280,90,1386.27,9,1
CUST_03942,54,Female,29,213,30,615.4,0,0
CUST_03943,58,Male,38,233,9,254.84,6,1
CUST_03944,66,Male,41,228,108,13425.67,5,0
CUST_03945,30,Female,33,298,33,2931.29,2,0
CUST_03946,51,Male,13,237,26,1060.34,3,0
CUST_03947,62,Male,6,21,42,2129.52,3,0
CUST_03948,39,Male,66,96,74,7525.37,3,0
CUST_03949,40,Female,8,51,42,2436.52,6,0
CUST_03950,68,Male,64,337,96,10280.44,3,0
CUST_03951,20,Male,9,311,39,4682.37,9,1
CUST_03952,59,Female,23,62,61,3440.05,5,0
CUST_03953,51,Female,71,343,47,3030.52,0,0
CUST_03954,49,Male,21,153,42,913.92,7,0
CUST_03955,62,Female,1,224,48,6032.29,3,0
CUST_03956,68,Male,46,142,112,10843.78,2,0
CUST_03957,66,Male,62,41,52,7015.64,8,1
CUST_03958,38,Female,2,166,33,1336.64,1,0
CUST_03959,63,Male,44,190,27,3906.39,7,0
CUST_03960,61,Male,5,297,43,4747.6,5,1
CUST_03961,38,Female,39,45,29,1204.73,5,0
CUST_03962,61,Female,66,208,19,1472.52,9,0
CUST_03963,28,Female,45,96,82,8967.39,5,0
CUST_03964,56,Male,13,275,99,1711.84,1,0
CUST_03965,21,Male,32,293,111,13357.6,6,0
CUST_03966,68,Male,43,235,28,4002.23,7,0
CUST_03967,18,Male,8,341,102,2652.2,7,1
CUST_03968,45,Male,59,207,10,1362.46,9,1
CUST_03969,41,Female,11,26,67,5205.9,6,0
CUST_03970,52,Male,28,350,106,8968.22,6,0
CUST_03971,30,Male,39,360,93,11942.56,4,0
CUST_03972,64,Female,26,207,16,1513.66,3,0
CUST_03973,51,Male,26,141,100,6244.25,3,0
CUST_03974,28,Female,32,347,1,113.9,1,0
CUST_03975,53,Male,46,87,118,3973.55,3,0
CUST_03976,68,Female,28,98,82,8605.67,6,0
CUST_03977,34,Female,7,23,4,478.3,1,0
CUST_03978,52,Female,35,250,69,4153.38,6,1
CUST_03979,35,Male,66,364,85,12408.42,8,0
CUST_03980,57,Female,22,250,4,405.93,9,1
CUST_03981,39,Male,22,148,115,3210.41,2,0
CUST_03982,41,Male,3,54,20,2908.97,7,0
CUST_03983,36,Male,46,315,63,7272.66,4,0
CUST_03984,54,Male,50,39,83,9039.7,9,0
CUST_03985,56,Male,8,334,35,1721.61,9,1
CUST_03986,38,Male,4,218,116,9149.48,9,1
CUST_03987,25,Male,15,347,45,6148.88,3,0
CUST_03988,45,Female,44,237,57,3226.25,7,0
CUST_03989,22,Male,39,325,24,1731.6,9,1
CUST_03990,34,Female,29,324,20,993.23,0,0
CUST_03991,54,Female,62,343,114,5032.73,6,0
CUST_03992,53,Male,34,277,28,585.24,8,1
CUST_03993,36,Female,26,225,38,4350.3,6,0
CUST_03994,44,Female,18,144,24,654.06,8,0
CUST_03995,51,Male,63,288,84,7285.22,6,0
CUST_03996,28,Male,52,211,24,521.34,1,0
CUST_03997,62,Female,54,154,70,10347.64,4,0
CUST_03998,64,Female,42,259,102,11299.07,3,0
CUST_03999,29,Female,54,227,118,11812.03,9,0
CUST_04000,38,Male,52,82,25,1004.08,7,0
CUST_04001,28,Female,13,88,96,8283.58,9,0
CUST_04002,56,Male,32,309,81,6721.41,8,1
CUST_04003,45,Male,66,4,81,5136.82,8,0
CUST_04004,22,Male,58,173,69,2489.18,2,0
CUST_04005,34,Male,39,32,17,1097.57,2,0
CUST_04006,37,Female,27,234,58,5639.28,4,0
CUST_04007,58,Female,54,226,73,5897.84,1,1
CUST_04008,63,Female,43,339,20,1839.12,3,0
CUST_04009,29,Male,52,206,2,184.44,2,0
CUST_04010,23,Female,14,102,83,3986.58,5,0
CUST_04011,34,Female,8,58,9,269.83,0,0
CUST_04012,68,Male,35,269,63,5382.5,4,0
CUST_04013,36,Female,18,150,104,14088.91,3,0
CUST_04014,43,Female,55,252,83,12398.08,0,0
CUST_04015,65,Female,52,44,109,13199.51,3,0
CUST_04016,61,Male,49,30,68,3049.85,6,0
CUST_04017,61,Female,8,12,6,600.56,2,0
CUST_04018,69,Female,37,14,100,4724.7,4,0
CUST_04019,49,Male,66,292,11,1021.03,7,0
CUST_04020,23,Female,41,45,21,1677.75,2,0
CUST_04021,53,Male,27,200,106,7050.06,2,0
CUST_04022,55,Female,20,24,63,6402.14,7,0
CUST_04023,28,Female,38,251,112,14648.6,2,0
CUST_04024,50,Female,12,119,89,5389.78,1,0
CUST_04025,41,Female,42,78,30,2419.33,1,0
CUST_04026,40,Male,50,242,82,6275.98,7,0
CUST_04027,32,Male,31,203,89,4329.43,5,0
CUST_04028,44,Female,65,237,115,8262.76,9,1
CUST_04029,28,Male,53,294,21,376.19,2,0
CUST_04030,68,Male,40,348,23,1951.63,9,1
CUST_04031,67,Male,39,87,61,6850.73,9,0
CUST_04032,34,Male,10,210,30,1938.83,0,0
CUST_04033,68,Female,29,276,108,12505.05,5,0
CUST_04034,31,Female,40,97,46,5351.57,8,0
CUST_04035,44,Male,30,2,60,8871.33,5,0
CUST_04036,35,Male,2,229,18,1596.64,0,0
CUST_04037,45,Male,28,243,62,4312.02,5,0
CUST_04038,68,Male,47,258,116,11754.95,8,1
CUST_04039,64,Male,32,42,97,9660.02,5,0
CUST_04040,64,Male,32,213,45,6673.1,2,0
CUST_04041,21,Female,27,296,61,6742.86,1,0
CUST_04042,24,Female,54,3,59,3326.91,7,0
CUST_04043,62,Male,56,16,35,1410.98,1,0
CUST_04044,52,Female,31,279,110,13421.98,6,0
CUST_04045,65,Female,24,102,22,863.89,2,0
CUST_04046,26,Male,35,77,114,11366.34,4,0
CUST_04047,25,Male,30,202,24,788.7,2,0
CUST_04048,69,Female,55,55,87,9746.2,2,0
CUST_04049,62,Male,64,209,51,6155.23,6,0
CUST_04050,34,Female,33,329,65,9666.99,6,1
CUST_04051,34,Female,46,354,15,2157.29,6,1
CUST_04052,66,Male,33,81,112,12472.76,3,0
CUST_04053,50,Female,68,244,28,1469.06,7,0
CUST_04054,49,Female,64,235,42,877.88,8,1
CUST_04055,25,Male,30,114,20,1799.15,0,0
CUST_04056,36,Male,29,67,100,11840.74,6,0
CUST_04057,55,Female,62,297,43,706.67,7,0
CUST_04058,20,Female,30,40,80,6867.85,1,0
CUST_04059,22,Female,12,221,69,9259.1,5,0
CUST_04060,30,Female,67,103,115,11617.81,4,0
CUST_04061,64,Male,15,295,63,6760.56,3,0
CUST_04062,63,Male,10,53,43,3398.5,3,0
CUST_04063,48,Male,61,296,114,16225.08,9,1
CUST_04064,33,Male,23,52,79,5180.61,5,0
CUST_04065,67,Female,11,37,2,132.36,0,0
CUST_04066,49,Female,16,67,88,7470.72,0,0
CUST_04067,39,Female,49,162,77,7245.77,3,0
CUST_04068,46,Female,14,206,23,2013.7,2,0
CUST_04069,39,Male,6,341,12,1506.18,4,1
CUST_04070,60,Male,42,322,46,5872.33,9,1
CUST_04071,20,Male,17,52,33,1081.57,9,0
CUST_04072,27,Female,42,209,44,4201.21,4,0
CUST_04073,59,Male,10,2,109,16113.08,0,0
CUST_04074,38,Female,46,129,25,2398.85,4,0
CUST_04075,33,Female,49,178,35,3776.58,5,0
CUST_04076,29,Male,9,164,35,4594.97,3,0
CUST_04077,19,Male,39,353,65,8579.43,9,1
CUST_04078,58,Female,2,22,43,744.79,1,0
CUST_04079,41,Male,68,227,68,3217.99,9,1
CUST_04080,52,Female,52,82,62,8152.29,8,1
CUST_04081,47,Female,11,164,31,3256.82,8,0
CUST_04082,47,Male,37,3,28,2807.85,8,0
CUST_04083,64,Male,22,172,11,1442.02,8,0
CUST_04084,52,Male,52,118,32,3964.3,9,1
CUST_04085,36,Female,5,144,66,7684.53,6,1
CUST_04086,67,Male,2,252,60,1283.56,1,0
CUST_04087,25,Female,5,266,51,6146.69,6,1
CUST_04088,43,Female,32,170,108,4544.88,0,0
CUST_04089,66,Female,19,213,59,1092.16,5,0
CUST_04090,57,Male,4,281,77,6268.2,5,0
CUST_04091,24,Female,46,227,17,2417.72,4,0
CUST_04092,47,Female,26,262,115,15487.19,6,1
CUST_04093,24,Female,50,255,68,10035.29,2,0
CUST_04094,20,Female,26,8,95,4586.77,6,0
CUST_04095,18,Female,71,41,38,4137.37,5,0
CUST_04096,53,Female,32,257,64,1442.51,2,0
CUST_04097,42,Male,44,131,3,370.4,5,1
CUST_04098,54,Female,26,52,107,9170.77,0,0
CUST_04099,18,Male,61,102,54,8072.93,1,0
CUST_04100,32,Female,51,219,76,3602.34,9,0
CUST_04101,54,Female,59,244,44,5320.81,3,0
CUST_04102,30,Male,38,333,82,3122.48,4,1
CUST_04103,57,Female,26,303,30,1613.09,2,0
CUST_04104,25,Female,45,339,110,6039.11,3,0
CUST_04105,22,Male,31,275,75,6975.9,1,0
CUST_04106,26,Female,70,70,88,5657.5,7,0
CUST_04107,18,Male,45,47,85,6309.26,4,0
CUST_04108,53,Female,31,117,113,9655.15,0,0
CUST_04109,52,Female,61,78,54,1219.84,3,0
CUST_04110,19,Female,48,5,48,5031.55,9,0
CUST_04111,57,Female,45,254,35,3592.79,1,0
CUST_04112,40,Female,60,320,68,9876.88,8,1
CUST_04113,26,Male,61,107,26,858.19,4,0
CUST_04114,51,Male,52,244,72,1381.0,5,0
CUST_04115,63,Female,52,173,88,2902.74,8,0
CUST_04116,31,Female,62,36,107,7707.5,8,0
CUST_04117,21,Female,26,173,109,4783.03,2,0
CUST_04118,47,Female,67,180,56,2475.36,8,0
CUST_04119,48,Female,49,267,76,10060.02,3,0
CUST_04120,55,Male,44,255,69,4051.49,0,0
CUST_04121,28,Female,36,320,80,5701.41,7,0
CUST_04122,52,Male,53,321,64,6871.06,1,0
CUST_04123,25,Male,44,73,96,5845.65,9,0
CUST_04124,20,Female,22,57,29,2605.31,3,0
CUST_04125,31,Female,2,66,97,8302.07,2,0
CUST_04126,30,Male,7,132,105,5282.03,8,0
CUST_04127,62,Female,16,260,78,8721.0,4,0
CUST_04128,49,Female,44,124,59,7528.71,1,0
CUST_04129,51,Female,65,92,25,3019.16,3,0
CUST_04130,62,Female,71,274,72,4922.22,4,0
CUST_04131,36,Male,69,141,27,3805.63,5,0
CUST_04132,55,Female,61,232,99,13499.66,7,0
CUST_04133,33,Female,30,70,22,1122.5,8,1
CUST_04134,19,Female,42,175,71,2252.98,8,1
CUST_04135,57,Female,25,359,100,13566.41,0,0
CUST_04136,34,Male,71,86,47,5431.12,0,0
CUST_04137,51,Male,57,253,76,4330.76,2,0
CUST_04138,59,Female,32,30,55,3088.71,7,0
CUST_04139,33,Female,50,155,9,526.43,4,0
CUST_04140,55,Female,10,200,54,7089.12,9,0
CUST_04141,19,Male,22,363,114,5407.16,5,0
CUST_04142,19,Male,41,156,64,6585.39,7,0
CUST_04143,43,Male,47,245,118,15062.69,3,0
CUST_04144,30,Female,14,20,109,7334.79,8,0
CUST_04145,64,Male,3,203,99,2306.83,9,0
CUST_04146,48,Female,53,334,39,4580.37,3,0
CUST_04147,51,Male,16,152,83,1467.64,9,0
CUST_04148,56,Female,61,77,92,11699.51,9,0
CUST_04149,20,Male,28,328,93,5925.61,4,0
CUST_04150,25,Male,35,172,8,985.43,5,0
CUST_04151,40,Female,2,329,107,9482.74,5,1
CUST_04152,31,Female,61,250,27,1714.34,7,0
CUST_04153,44,Male,56,186,69,9412.24,8,0
CUST_04154,46,Female,55,362,112,13277.71,0,0
CUST_04155,56,Male,18,128,93,2408.28,2,0
CUST_04156,56,Male,71,363,99,13922.35,6,0
CUST_04157,18,Male,49,11,33,2575.52,2,0
CUST_04158,34,Male,42,336,96,3370.56,4,0
CUST_04159,58,Female,7,242,85,10124.65,3,0
CUST_04160,47,Male,4,181,10,848.78,4,1
CUST_04161,30,Female,43,265,106,11216.82,2,0
CUST_04162,38,Male,59,195,16,1739.12,2,0
CUST_04163,36,Female,49,246,11,457.83,9,0
CUST_04164,36,Male,60,100,19,2775.27,7,0
CUST_04165,42,Male,6,52,64,1871.89,2,0
CUST_04166,39,Male,20,75,52,5032.68,7,0
CUST_04167,48,Female,31,133,77,2676.1,4,0
CUST_04168,34,Female,22,256,15,2001.53,0,0
CUST_04169,40,Female,32,209,42,1612.31,1,0
CUST_04170,49,Male,47,143,100,7454.0,6,0
CUST_04171,27,Female,34,68,96,2565.86,0,0
CUST_04172,27,Female,27,54,83,6265.21,1,0
CUST_04173,53,Male,44,267,79,1228.32,0,0
CUST_04174,25,Male,30,242,38,2845.0,9,1
CUST_04175,69,Female,33,47,86,9276.43,6,0
CUST_04176,37,Female,27,115,49,1944.42,1,0
CUST_04177,49,Male,56,196,77,6903.29,9,1
CUST_04178,67,Female,23,294,84,6639.51,2,0
CUST_04179,31,Female,43,130,49,2950.9,6,0
CUST_04180,67,Female,54,45,79,8339.07,0,0
CUST_04181,45,Male,68,155,71,10603.4,3,0
CUST_04182,63,Female,53,317,55,7788.01,6,0
CUST_04183,69,Male,40,82,22,3211.21,1,0
CUST_04184,41,Male,60,267,43,762.34,3,0
CUST_04185,32,Female,9,157,50,2480.66,8,1
CUST_04186,39,Male,10,25,84,11724.06,6,0
CUST_04187,47,Male,10,334,19,408.87,2,0
CUST_04188,21,Male,30,182,91,5846.68,2,0
CUST_04189,30,Male,10,174,72,7419.41,3,0
CUST_04190,40,Male,58,297,18,2658.66,3,0
CUST_04191,25,Male,36,41,10,522.29,7,0
CUST_04192,35,Female,44,357,50,5908.24,5,1
CUST_04193,29,Male,57,288,49,5103.34,5,0
CUST_04194,48,Female,43,49,41,4010.55,7,0
CUST_04195,31,Male,23,262,99,11414.32,7,1
CUST_04196,51,Male,4,244,15,739.2,7,1
CUST_04197,35,Female,12,57,23,1396.62,0,0
CUST_04198,51,Male,49,6,76,6890.36,7,0
CUST_04199,28,Female,24,47,113,8391.66,4,0
CUST_04200,58,Female,13,63,27,3036.66,2,0
CUST_04201,29,Male,68,67,6,738.51,6,0
CUST_04202,66,Female,34,183,24,2070.75,1,0
CUST_04203,32,Male,9,162,86,5863.83,9,0
CUST_04204,48,Female,10,297,9,1242.89,9,1
CUST_04205,66,Female,65,105,74,8600.99,5,0
CUST_04206,46,Female,54,263,62,6565.04,3,0
CUST_04207,43,Male,43,57,67,1523.27,0,0
CUST_04208,35,Male,59,16,70,6038.13,5,0
CUST_04209,49,Male,59,59,90,2826.25,2,0
CUST_04210,39,Male,67,166,109,11354.36,3,0
CUST_04211,55,Female,61,250,78,4325.07,3,0
CUST_04212,34,Female,38,34,100,11469.81,7,0
CUST_04213,40,Male,8,46,42,5042.12,6,0
CUST_04214,41,Female,65,299,60,3333.32,8,1
CUST_04215,67,Female,5,47,83,12184.07,6,0
CUST_04216,25,Female,43,252,48,4068.18,8,0
CUST_04217,58,Male,60,166,56,2487.1,0,0
CUST_04218,23,Male,26,317,103,12324.11,3,0
CUST_04219,22,Female,11,132,87,10239.93,0,0
CUST_04220,61,Female,34,70,5,354.38,5,0
CUST_04221,46,Female,2,60,108,11222.57,1,0
CUST_04222,45,Female,21,205,79,1416.71,9,0
CUST_04223,28,Male,26,238,94,5105.71,8,0
CUST_04224,18,Female,5,344,97,12997.89,3,0
CUST_04225,60,Male,9,348,54,2502.1,3,1
CUST_04226,36,Female,50,333,38,5215.66,5,0
CUST_04227,26,Female,10,106,19,1772.38,4,0
CUST_04228,44,Female,58,184,69,9445.62,5,0
CUST_04229,51,Female,10,338,73,2384.74,8,1
CUST_04230,61,Female,36,7,71,5511.76,5,0
CUST_04231,21,Male,56,31,24,1320.53,5,0
CUST_04232,53,Male,62,216,105,14147.12,3,0
CUST_04233,35,Female,37,341,118,7211.04,6,1
CUST_04234,32,Male,41,304,80,7555.4,3,0
CUST_04235,68,Male,48,298,101,12799.9,4,1
CUST_04236,30,Male,22,346,10,459.18,3,0
CUST_04237,36,Female,61,286,85,1799.87,8,1
CUST_04238,66,Male,48,126,21,1715.89,5,0
CUST_04239,23,Female,64,51,111,11909.72,9,0
CUST_04240,65,Female,37,190,15,1681.51,5,0
CUST_04241,29,Female,41,51,64,4564.58,4,0
CUST_04242,68,Male,5,232,13,332.98,8,1
CUST_04243,54,Female,52,178,116,8053.3,4,0
CUST_04244,34,Female,17,158,114,3587.44,7,0
CUST_04245,40,Female,62,147,119,2945.2,5,0
CUST_04246,43,Female,52,306,71,3973.43,5,0
CUST_04247,46,Female,20,251,40,4796.99,2,0
CUST_04248,50,Male,16,339,8,949.81,8,1
CUST_04249,44,Female,7,342,107,10388.09,9,1
CUST_04250,42,Male,66,132,105,13286.95,2,0
CUST_04251,27,Male,12,237,38,3139.22,8,1
CUST_04252,64,Female,43,12,52,2488.98,1,0
CUST_04253,40,Male,40,143,2,183.89,7,0
CUST_04254,38,Male,1,118,101,14103.46,6,0
CUST_04255,38,Female,58,61,22,437.3,2,0
CUST_04256,60,Female,3,181,119,17285.45,6,0
CUST_04257,30,Male,8,313,118,13626.97,7,1
CUST_04258,54,Female,61,265,4,430.57,3,0
CUST_04259,50,Male,5,29,52,5089.11,8,0
CUST_04260,41,Male,26,263,111,5527.19,7,0
CUST_04261,61,Male,17,200,7,942.03,9,1
CUST_04262,28,Male,66,105,1,146.15,1,0
CUST_04263,34,Male,51,79,83,11599.92,5,0
CUST_04264,21,Male,47,144,58,1722.01,0,0
CUST_04265,64,Female,40,199,62,7094.61,0,0
CUST_04266,42,Female,27,106,94,8473.96,9,1
CUST_04267,47,Female,40,339,114,13842.51,0,0
CUST_04268,26,Female,1,89,66,4128.87,6,0
CUST_04269,38,Male,46,332,55,7930.49,6,1
CUST_04270,37,Female,11,266,117,6692.65,0,0
CUST_04271,36,Female,39,251,13,1490.15,4,1
CUST_04272,36,Male,18,152,28,2324.4,4,0
CUST_04273,29,Male,47,306,14,1375.91,5,0
CUST_04274,54,Female,21,196,3,91.85,3,0
CUST_04275,59,Female,28,126,16,1559.41,1,0
CUST_04276,34,Female,1,43,89,8105.87,3,0
CUST_04277,54,Male,14,173,46,5154.53,4,0
CUST_04278,65,Male,20,54,111,5976.24,2,0
CUST_04279,56,Female,45,253,3,382.08,1,0
CUST_04280,45,Female,61,299,98,13975.99,5,0
CUST_04281,58,Male,27,196,3,402.22,9,1
CUST_04282,52,Male,56,293,41,2781.14,3,0
CUST_04283,64,Female,52,217,29,3419.03,6,0
CUST_04284,65,Female,68,169,40,2571.16,5,0
CUST_04285,35,Male,37,222,19,2498.89,7,0
CUST_04286,31,Female,31,128,20,1313.55,4,0
CUST_04287,52,Female,49,349,21,842.43,5,0
CUST_04288,61,Female,53,16,20,1620.47,8,0
CUST_04289,58,Male,39,37,92,3057.79,4,0
CUST_04290,24,Male,10,296,47,4429.03,8,1
CUST_04291,58,Female,9,320,91,8448.11,2,0
CUST_04292,30,Male,13,225,44,3575.42,8,1
CUST_04293,35,Female,18,114,110,10615.39,1,0
CUST_04294,54,Female,12,22,114,16720.1,7,0
CUST_04295,30,Male,5,299,89,5940.08,0,0
CUST_04296,53,Female,7,62,2,144.15,8,1
CUST_04297,48,Female,15,182,117,6083.27,6,0
CUST_04298,19,Female,67,285,43,1715.76,9,0
CUST_04299,33,Male,18,16,57,3080.3,0,0
CUST_04300,26,Female,38,277,88,3846.14,0,0
CUST_04301,26,Male,26,137,97,7118.18,7,0
CUST_04302,55,Female,38,283,19,883.45,8,0
CUST_04303,28,Female,59,127,90,7635.78,1,0
CUST_04304,39,Male,52,86,64,3433.72,2,0
CUST_04305,50,Female,33,207,46,3327.25,1,0
CUST_04306,53,Female,21,363,41,1330.45,0,0
CUST_04307,62,Male,17,151,67,2487.94,1,0
CUST_04308,40,Male,62,51,91,8909.42,7,0
CUST_04309,62,Female,59,231,14,1278.47,1,0
CUST_04310,62,Male,2,80,20,762.29,8,0
CUST_04311,51,Male,64,131,35,1917.97,0,0
CUST_04312,26,Female,25,136,87,3906.28,5,0
CUST_04313,41,Female,41,346,25,3066.42,5,0
CUST_04314,25,Female,19,170,4,257.0,5,0
CUST_04315,24,Male,38,163,57,3978.89,6,0
CUST_04316,53,Male,25,199,2,209.52,0,0
CUST_04317,35,Male,39,227,66,3890.63,8,0
CUST_04318,20,Female,4,48,89,5874.34,4,0
CUST_04319,45,Female,3,310,111,13621.55,7,1
CUST_04320,23,Male,34,253,87,10636.77,1,0
CUST_04321,61,Male,10,103,21,2028.96,4,0
CUST_04322,61,Female,27,36,117,10584.05,6,0
CUST_04323,38,Female,1,6,109,4298.55,2,0
CUST_04324,45,Male,44,199,89,7020.29,6,0
CUST_04325,57,Female,52,12,91,4735.49,6,0
CUST_04326,18,Male,25,103,52,5902.85,9,0
CUST_04327,53,Female,65,187,75,7482.89,1,0
CUST_04328,38,Female,11,321,78,5146.85,7,1
CUST_04329,60,Female,68,178,81,7066.26,8,0
CUST_04330,52,Male,15,171,118,8477.73,5,0
CUST_04331,30,Male,57,177,15,521.53,5,0
CUST_04332,66,Female,64,89,46,5538.59,7,0
CUST_04333,27,Male,11,204,115,15670.35,4,0
CUST_04334,61,Female,20,347,31,4358.5,0,0
CUST_04335,64,Female,30,343,62,7535.54,9,1
CUST_04336,27,Female,10,211,34,4281.3,8,1
CUST_04337,63,Female,54,213,36,810.82,2,0
CUST_04338,30,Female,58,21,104,12537.75,6,0
CUST_04339,54,Female,29,88,44,2462.28,5,0
CUST_04340,55,Male,1,13,63,2117.17,3,0
CUST_04341,41,Male,58,120,77,6580.12,6,0
CUST_04342,19,Male,21,178,119,10948.27,8,1
CUST_04343,39,Male,15,129,18,1448.09,3,0
CUST_04344,34,Female,67,51,81,8353.2,5,0
CUST_04345,53,Female,33,42,45,5013.88,2,0
CUST_04346,31,Female,38,318,108,3619.11,2,0
CUST_04347,27,Female,19,95,39,3833.11,6,0
CUST_04348,52,Female,4,242,92,2056.29,8,1
CUST_04349,42,Female,58,356,26,1965.16,4,1
CUST_04350,20,Male,70,61,112,3192.75,2,0
CUST_04351,64,Female,12,349,78,5904.45,5,1
CUST_04352,55,Male,17,228,101,3907.17,7,1
CUST_04353,34,Female,1,277,75,8561.11,3,0
CUST_04354,29,Male,14,18,96,13098.57,6,0
CUST_04355,69,Female,2,244,24,909.31,6,1
CUST_04356,41,Female,4,311,117,13390.49,4,1
CUST_04357,46,Female,66,324,58,2014.39,9,1
CUST_04358,60,Female,46,47,117,8605.59,1,0
CUST_04359,42,Female,50,310,95,9447.48,3,0
CUST_04360,53,Male,60,18,104,9109.68,4,0
CUST_04361,43,Male,52,201,105,2385.13,2,0
CUST_04362,55,Female,48,253,50,3197.86,3,0
CUST_04363,18,Male,39,192,72,5649.97,4,0
CUST_04364,37,Male,70,49,39,2645.71,0,0
CUST_04365,45,Female,60,94,72,7548.65,2,0
CUST_04366,33,Male,30,237,111,14974.27,8,0
CUST_04367,64,Male,27,222,31,3259.16,8,0
CUST_04368,34,Male,55,167,83,7855.53,8,0
CUST_04369,57,Male,70,254,36,1264.46,8,0
CUST_04370,45,Female,26,57,39,2421.68,8,0
CUST_04371,29,Female,42,6,96,8545.8,3,0
CUST_04372,44,Female,67,238,21,2963.02,6,1
CUST_04373,59,Male,67,221,23,1291.35,0,0
CUST_04374,64,Female,52,224,54,3273.71,4,0
CUST_04375,47,Male,6,78,36,3405.26,1,0
CUST_04376,58,Female,10,20,15,2046.89,9,0
CUST_04377,51,Female,38,306,2,176.66,3,1
CUST_04378,54,Female,12,265,76,2929.46,8,1
CUST_04379,23,Female,46,204,102,2569.34,4,0
CUST_04380,24,Male,49,142,70,9450.98,1,0
CUST_04381,49,Male,63,304,110,11598.65,0,0
CUST_04382,49,Female,69,80,38,1701.29,1,0
CUST_04383,42,Male,43,210,65,7332.49,9,1
CUST_04384,50,Male,60,256,102,11438.57,0,0
CUST_04385,24,Male,29,312,50,5961.84,2,0
CUST_04386,69,Male,11,40,90,12189.92,7,0
CUST_04387,29,Female,35,353,117,4156.35,6,0
CUST_04388,33,Female,23,202,112,16145.97,0,0
CUST_04389,33,Male,21,86,87,13032.65,9,0
CUST_04390,60,Male,37,43,1,16.96,2,0
CUST_04391,53,Female,28,236,21,573.85,6,0
CUST_04392,30,Female,58,70,57,4194.26,4,0
CUST_04393,24,Female,53,356,19,373.28,5,1
CUST_04394,53,Female,28,131,29,3312.12,4,0
CUST_04395,64,Female,42,132,50,5142.43,7,0
CUST_04396,68,Female,61,248,90,10776.66,0,0
CUST_04397,26,Female,33,155,34,5092.73,6,0
CUST_04398,49,Male,55,230,115,16216.29,8,0
CUST_04399,28,Female,37,89,81,4493.85,8,0
CUST_04400,25,Male,47,229,82,5618.86,2,0
CUST_04401,50,Female,36,27,54,6466.8,3,0
CUST_04402,40,Female,28,361,32,2156.81,3,1
CUST_04403,42,Female,10,356,4,437.26,7,1
CUST_04404,25,Male,23,238,30,4170.42,6,0
CUST_04405,62,Female,5,175,95,6630.38,7,0
CUST_04406,39,Male,6,316,18,1632.06,4,0
CUST_04407,21,Male,42,292,69,8873.21,2,0
CUST_04408,57,Male,47,61,96,7630.6,8,0
CUST_04409,20,Male,28,170,29,1566.95,8,0
CUST_04410,46,Male,13,263,12,598.23,9,1
CUST_04411,58,Female,25,306,15,370.56,9,1
CUST_04412,46,Female,7,116,79,4708.32,1,0
CUST_04413,51,Male,66,175,99,10651.51,7,0
CUST_04414,51,Male,58,221,53,1216.01,2,0
CUST_04415,45,Female,66,128,35,1821.03,8,0
CUST_04416,30,Female,36,5,107,3217.09,1,0
CUST_04417,32,Male,2,326,52,3619.44,8,1
CUST_04418,40,Female,38,186,53,1463.21,1,0
CUST_04419,61,Female,14,172,14,1620.04,6,1
CUST_04420,43,Male,27,199,103,14449.18,6,0
CUST_04421,21,Male,15,231,18,737.37,7,1
CUST_04422,43,Female,12,288,38,1855.46,3,1
CUST_04423,57,Male,43,335,86,3149.4,3,0
CUST_04424,26,Female,57,115,38,1531.52,7,0
CUST_04425,22,Male,48,333,55,3138.38,5,1
CUST_04426,49,Female,61,330,11,582.54,5,1
CUST_04427,37,Female,44,313,67,4488.87,9,1
CUST_04428,67,Male,52,11,53,4550.97,4,0
CUST_04429,28,Female,62,104,78,8830.93,9,0
CUST_04430,32,Female,2,175,44,5913.86,2,0
CUST_04431,49,Female,71,120,25,1925.41,1,0
CUST_04432,45,Female,31,237,62,8538.11,7,0
CUST_04433,39,Male,33,236,14,1494.74,0,0
CUST_04434,58,Female,5,305,47,5329.93,0,0
CUST_04435,34,Male,58,38,95,8122.77,4,0
CUST_04436,43,Male,11,272,89,7621.49,4,1
CUST_04437,61,Male,23,344,55,4774.9,1,0
CUST_04438,24,Male,45,251,105,8548.79,9,0
CUST_04439,59,Male,27,334,83,6386.73,6,0
CUST_04440,43,Female,56,27,12,1434.79,0,0
CUST_04441,42,Female,59,330,7,471.36,3,0
CUST_04442,27,Male,40,123,49,2102.55,3,0
CUST_04443,62,Male,18,156,14,466.23,1,0
CUST_04444,36,Female,51,217,29,3878.55,2,0
CUST_04445,28,Male,61,194,47,6179.99,1,0
CUST_04446,30,Male,23,301,14,670.48,5,0
CUST_04447,25,Female,36,161,87,2693.32,1,0
CUST_04448,57,Male,38,128,51,7377.76,6,0
CUST_04449,21,Male,56,316,115,9208.31,5,0
CUST_04450,64,Female,39,178,14,386.48,9,1
CUST_04451,48,Female,69,126,87,3833.79,1,0
CUST_04452,45,Male,28,174,8,880.06,2,0
CUST_04453,28,Female,21,35,77,2000.28,7,0
CUST_04454,60,Female,62,239,100,7346.37,0,0
CUST_04455,18,Male,23,41,108,7854.16,8,0
CUST_04456,66,Male,21,186,65,6991.83,1,0
CUST_04457,64,Male,16,183,37,1551.02,7,1
CUST_04458,69,Male,62,261,90,13302.81,7,1
CUST_04459,55,Male,65,34,68,2445.46,7,0
CUST_04460,41,Male,5,187,16,1532.47,3,0
CUST_04461,64,Male,46,307,89,5277.15,1,0
CUST_04462,48,Female,64,137,83,2733.92,1,0
CUST_04463,58,Female,41,202,20,1754.99,6,1
CUST_04464,63,Female,44,143,90,3409.59,0,0
CUST_04465,67,Female,15,109,115,12279.65,1,0
CUST_04466,43,Female,68,157,96,1860.3,2,0
CUST_04467,66,Female,51,255,67,5621.52,6,0
CUST_04468,67,Male,54,181,112,4991.02,7,0
CUST_04469,22,Male,68,341,71,10170.7,3,0
CUST_04470,37,Female,42,219,32,3549.5,3,0
CUST_04471,69,Male,46,28,69,8070.45,9,0
CUST_04472,58,Male,25,151,85,9368.89,0,0
CUST_04473,28,Female,67,359,30,3146.88,0,0
CUST_04474,50,Female,35,100,20,672.73,6,0
CUST_04475,67,Female,22,3,58,8679.86,8,0
CUST_04476,55,Male,9,33,29,3008.63,1,0
CUST_04477,44,Male,24,199,24,3267.51,8,0
CUST_04478,51,Female,23,69,1,83.01,6,0
CUST_04479,32,Male,61,90,107,5735.85,7,0
CUST_04480,49,Male,37,17,89,6588.31,4,0
CUST_04481,38,Female,45,337,27,1859.94,0,0
CUST_04482,63,Female,15,323,89,1526.75,7,1
CUST_04483,22,Female,57,323,21,2228.45,9,1
CUST_04484,23,Female,14,34,17,1947.9,2,0
CUST_04485,55,Male,52,264,92,1888.14,4,0
CUST_04486,39,Male,36,301,32,1542.48,6,1
CUST_04487,35,Male,27,60,44,4606.75,6,0
CUST_04488,31,Female,17,184,114,6663.96,6,1
CUST_04489,27,Female,41,326,98,13824.83,1,0
CUST_04490,63,Male,4,357,22,664.41,1,0
CUST_04491,30,Female,3,199,42,5892.25,2,0
CUST_04492,48,Male,19,241,83,11485.92,5,0
CUST_04493,47,Female,41,232,62,8929.76,9,1
CUST_04494,20,Female,40,211,48,1220.44,1,0
CUST_04495,47,Male,58,52,8,414.19,6,0
CUST_04496,23,Male,39,119,2,97.86,8,0
CUST_04497,46,Male,7,330,5,672.57,8,1
CUST_04498,25,Male,36,215,28,3471.13,1,0
CUST_04499,61,Male,20,322,4,145.8,7,1
CUST_04500,62,Female,29,149,53,1807.27,7,0
CUST_04501,60,Male,68,176,100,7900.77,7,0
CUST_04502,61,Female,66,269,1,38.4,1,0
CUST_04503,50,Male,47,320,79,6260.48,2,0
CUST_04504,34,Male,23,5,77,9935.6,3,0
CUST_04505,65,Male,6,116,95,7836.4,5,1
CUST_04506,28,Female,18,203,81,9136.81,1,0
CUST_04507,30,Male,53,37,6,292.56,4,0
CUST_04508,67,Female,22,54,88,4477.56,8,0
CUST_04509,28,Female,68,288,55,5233.84,5,0
CUST_04510,48,Female,35,284,52,6764.06,7,0
CUST_04511,45,Female,9,86,77,6675.89,1,0
CUST_04512,61,Male,31,45,85,3550.28,3,0
CUST_04513,23,Female,43,284,24,1065.77,5,0
CUST_04514,58,Female,17,321,62,6094.41,3,1
CUST_04515,33,Female,51,70,118,3417.05,8,0
CUST_04516,21,Male,66,42,56,1335.01,1,0
CUST_04517,52,Female,24,272,86,2483.42,6,0
CUST_04518,65,Male,15,141,93,6320.89,8,1
CUST_04519,43,Male,28,59,24,1508.16,1,0
CUST_04520,29,Female,3,240,108,1651.3,5,0
CUST_04521,28,Female,29,47,76,2798.76,1,0
CUST_04522,54,Female,52,167,20,1238.28,4,0
CUST_04523,42,Female,54,110,106,7742.74,7,0
CUST_04524,35,Male,58,126,34,2356.54,2,0
CUST_04525,36,Male,45,299,15,872.23,4,0
CUST_04526,40,Female,50,109,51,6355.08,2,0
CUST_04527,55,Male,22,165,117,8326.04,2,0
CUST_04528,35,Female,52,259,4,408.02,0,0
CUST_04529,43,Male,53,76,53,6751.49,1,0
CUST_04530,23,Male,31,7,14,1823.53,6,0
CUST_04531,21,Female,71,186,65,8495.32,3,0
CUST_04532,61,Male,48,276,33,2698.65,0,0
CUST_04533,68,Female,31,79,50,5213.92,3,0
CUST_04534,46,Male,4,65,111,6380.35,8,0
CUST_04535,51,Male,35,115,107,14054.34,7,0
CUST_04536,34,Female,67,202,63,2759.2,5,0
CUST_04537,60,Male,64,142,50,6067.01,5,0
CUST_04538,60,Female,9,98,93,7293.18,1,0
CUST_04539,33,Male,46,305,74,4094.88,4,0
CUST_04540,19,Male,56,217,36,2385.14,8,0
CUST_04541,51,Female,56,74,78,7364.48,7,0
CUST_04542,25,Female,26,293,86,12087.11,3,0
CUST_04543,30,Male,60,134,114,3211.19,6,0
CUST_04544,59,Female,48,262,97,13495.56,8,1
CUST_04545,25,Female,58,284,92,11511.1,4,0
CUST_04546,47,Male,63,102,71,6694.5,1,0
CUST_04547,49,Male,58,206,100,3259.72,1,0
CUST_04548,53,Female,3,141,100,12468.15,7,1
CUST_04549,64,Male,7,13,50,5411.77,7,0
CUST_04550,47,Male,52,249,41,3367.66,7,1
CUST_04551,18,Female,62,123,98,13190.02,4,0
CUST_04552,60,Male,2,10,101,10574.84,1,0
CUST_04553,56,Female,33,80,70,3777.58,9,0
CUST_04554,34,Female,12,167,99,2067.98,7,0
CUST_04555,37,Female,48,99,27,3172.77,3,0
CUST_04556,41,Female,53,207,30,1484.65,8,0
CUST_04557,67,Male,41,151,32,1691.84,9,0
CUST_04558,39,Male,58,37,83,6284.04,5,0
CUST_04559,46,Male,68,264,22,2557.4,9,1
CUST_04560,39,Female,23,342,85,11881.57,6,1
CUST_04561,61,Male,36,5,69,3049.57,2,0
CUST_04562,26,Male,21,226,21,2815.52,1,0
CUST_04563,54,Female,55,27,105,10141.98,1,0
CUST_04564,27,Female,56,124,56,7308.18,2,0
CUST_04565,53,Male,13,299,84,10878.68,6,1
CUST_04566,54,Male,22,35,102,6933.13,7,0
CUST_04567,45,Female,7,237,31,3302.99,3,0
CUST_04568,45,Female,24,311,101,14421.98,2,0
CUST_04569,59,Male,61,317,59,6240.54,6,1
CUST_04570,60,Male,5,303,70,5379.61,2,0
CUST_04571,38,Female,50,102,95,6195.4,7,0
CUST_04572,41,Female,62,77,111,3812.55,3,0
CUST_04573,59,Female,55,312,43,6443.01,7,1
CUST_04574,57,Male,26,82,88,9134.88,1,0
CUST_04575,19,Male,10,146,54,2826.1,7,0
CUST_04576,25,Female,11,193,118,2955.97,7,0
CUST_04577,65,Male,40,224,18,2102.02,9,1
CUST_04578,44,Male,11,53,55,7173.91,2,0
CUST_04579,39,Male,4,345,29,2109.82,1,0
CUST_04580,54,Female,2,85,61,8788.33,6,0
CUST_04581,44,Female,39,129,51,3026.59,8,0
CUST_04582,46,Female,23,211,76,8897.19,9,1
CUST_04583,20,Female,45,352,12,606.03,0,0
CUST_04584,61,Female,42,264,93,5612.69,4,1
CUST_04585,30,Female,42,183,61,5900.39,2,0
CUST_04586,62,Male,29,272,71,1416.45,8,1
CUST_04587,27,Male,16,227,16,695.37,7,1
CUST_04588,53,Female,67,322,12,465.68,8,0
CUST_04589,26,Male,60,12,62,3675.26,8,0
CUST_04590,44,Female,4,93,85,10196.41,9,0
CUST_04591,51,Male,16,330,68,9351.78,2,0
CUST_04592,68,Male,41,190,106,1771.34,6,0
CUST_04593,18,Female,6,86,60,2983.66,4,0
CUST_04594,49,Female,42,354,81,1492.63,5,1
CUST_04595,42,Female,57,277,28,3675.5,7,0
CUST_04596,46,Female,28,293,64,2677.06,9,1
CUST_04597,24,Male,23,261,95,11309.2,7,0
CUST_04598,66,Male,42,198,111,2164.08,6,0
CUST_04599,20,Female,12,323,72,4952.29,0,0
CUST_04600,37,Male,64,10,110,6975.58,0,0
CUST_04601,37,Male,58,88,50,2973.0,5,0
CUST_04602,47,Male,51,340,26,2391.32,8,1
CUST_04603,52,Male,29,318,40,2713.07,7,1
CUST_04604,52,Female,19,37,110,7637.97,0,0
CUST_04605,66,Female,45,223,55,2229.84,7,0
CUST_04606,56,Female,54,175,112,7947.33,4,0
CUST_04607,44,Female,66,209,31,3566.47,1,0
CUST_04608,43,Male,13,49,83,4865.19,6,0
CUST_04609,31,Male,65,24,71,9280.16,1,0
CUST_04610,34,Male,12,338,113,4229.33,3,0
CUST_04611,35,Male,71,106,5,646.48,3,0
CUST_04612,62,Male,14,311,13,1275.67,4,0
CUST_04613,69,Male,42,263,18,1299.78,5,0
CUST_04614,46,Female,48,206,82,1620.07,1,0
CUST_04615,37,Female,24,169,115,3689.96,7,0
CUST_04616,44,Female,65,158,119,8440.06,8,0
CUST_04617,35,Female,17,241,50,6676.01,2,0
CUST_04618,21,Male,38,123,84,12110.47,6,0
CUST_04619,18,Male,28,20,116,16298.74,3,0
CUST_04620,67,Male,33,56,113,5876.13,9,0
CUST_04621,18,Male,24,280,87,4318.01,3,0
CUST_04622,43,Male,70,108,36,4134.04,0,0
CUST_04623,62,Male,4,140,113,16043.13,4,0
CUST_04624,37,Female,33,91,115,3795.2,5,0
CUST_04625,69,Female,10,271,104,6861.28,4,1
CUST_04626,40,Female,36,329,52,6651.53,5,1
CUST_04627,27,Male,31,210,33,2686.8,2,0
CUST_04628,28,Female,4,176,64,8238.02,1,0
CUST_04629,58,Female,8,61,71,2184.07,4,0
CUST_04630,58,Female,27,284,104,12469.49,5,0
CUST_04631,22,Male,36,3,69,4664.17,9,0
CUST_04632,18,Female,9,272,96,10421.98,5,0
CUST_04633,34,Female,43,164,73,3984.02,4,0
CUST_04634,39,Male,24,9,30,3252.19,1,0
CUST_04635,51,Male,37,12,96,10539.27,0,0
CUST_04636,62,Male,41,74,103,7375.88,9,0
CUST_04637,58,Female,26,238,68,9917.14,5,0
CUST_04638,46,Female,4,300,89,1340.87,0,0
CUST_04639,21,Male,1,108,22,2332.4,0,0
CUST_04640,22,Male,20,13,59,8122.95,5,0
CUST_04641,28,Female,45,234,8,1046.08,0,0
CUST_04642,68,Male,69,245,66,6021.63,1,0
CUST_04643,38,Male,52,321,37,5029.28,0,0
CUST_04644,52,Male,64,92,99,2927.52,6,0
CUST_04645,29,Female,21,360,101,8925.35,3,1
CUST_04646,43,Female,25,198,56,8258.71,3,0
CUST_04647,68,Male,67,116,61,9080.47,3,0
CUST_04648,36,Female,26,131,86,9175.04,4,0
CUST_04649,62,Female,27,153,65,2446.14,8,0
CUST_04650,24,Male,52,121,103,3115.22,4,0
CUST_04651,64,Female,63,108,42,5860.27,9,0
CUST_04652,24,Male,45,16,112,14995.56,1,0
CUST_04653,43,Female,58,299,97,5585.18,7,0
CUST_04654,57,Male,38,56,49,6897.28,7,0
CUST_04655,22,Female,35,103,68,2218.23,8,0
CUST_04656,38,Male,46,208,112,6132.71,3,0
CUST_04657,31,Female,71,151,9,917.61,2,0
CUST_04658,21,Male,3,262,8,304.32,9,1
CUST_04659,40,Female,6,43,58,8614.37,5,0
CUST_04660,59,Male,13,300,115,5180.36,0,0
CUST_04661,37,Female,46,118,86,4138.17,5,0
CUST_04662,32,Female,33,336,113,8934.97,4,0
CUST_04663,67,Male,62,279,106,12730.33,0,0
CUST_04664,69,Female,63,144,113,3533.09,5,0
CUST_04665,62,Male,56,228,54,5675.67,2,0
CUST_04666,46,Female,39,204,85,2415.29,7,1
CUST_04667,25,Female,60,229,48,1333.79,2,0
CUST_04668,58,Male,24,265,54,1111.77,2,0
CUST_04669,65,Female,50,137,105,9294.97,6,0
CUST_04670,36,Male,33,240,28,2067.96,0,0
CUST_04671,65,Male,7,186,101,5705.79,9,1
CUST_04672,56,Female,46,315,66,5686.56,9,1
CUST_04673,63,Female,62,151,110,9102.45,7,0
CUST_04674,45,Male,1,325,81,6396.89,3,0
CUST_04675,63,Male,65,291,31,1186.71,4,0
CUST_04676,44,Female,45,353,109,14833.63,4,0
CUST_04677,21,Male,55,110,13,1283.14,3,0
CUST_04678,32,Female,66,40,59,1898.88,0,0
CUST_04679,52,Female,67,142,109,5394.13,2,0
CUST_04680,54,Male,54,340,82,9693.96,7,1
CUST_04681,18,Male,63,13,88,10543.77,1,0
CUST_04682,20,Female,54,53,31,3502.22,7,0
CUST_04683,64,Male,52,80,33,4016.53,3,0
CUST_04684,41,Female,54,233,118,11299.36,8,0
CUST_04685,44,Female,67,351,53,2861.16,7,1
CUST_04686,57,Female,37,39,95,6012.03,7,0
CUST_04687,53,Male,12,227,91,7625.91,3,0
CUST_04688,51,Male,59,340,36,1735.67,1,0
CUST_04689,46,Female,20,121,85,11066.77,7,1
CUST_04690,41,Female,32,65,69,7992.89,6,0
CUST_04691,41,Female,71,296,75,11047.56,1,0
CUST_04692,59,Male,44,205,98,6963.85,6,0
CUST_04693,21,Female,66,135,34,4506.81,0,0
CUST_04694,20,Male,55,45,61,7331.1,5,0
CUST_04695,51,Female,16,278,60,7638.7,6,1
CUST_04696,66,Female,71,135,112,12084.81,1,0
CUST_04697,40,Female,68,52,3,186.36,1,0
CUST_04698,69,Male,52,229,6,287.58,7,0
CUST_04699,40,Female,37,356,20,1035.24,1,0
CUST_04700,62,Male,46,68,4,366.17,9,1
CUST_04701,22,Female,41,198,101,13509.09,1,0
CUST_04702,48,Male,5,67,53,4008.18,4,0
CUST_04703,58,Male,66,3,103,9872.0,3,0
CUST_04704,23,Male,5,58,71,8098.48,0,0
CUST_04705,54,Female,63,256,62,8088.57,7,0
CUST_04706,27,Female,3,356,81,8306.18,3,1
CUST_04707,57,Female,8,265,38,3798.34,8,1
CUST_04708,24,Female,26,16,36,5339.7,1,0
CUST_04709,56,Female,53,268,34,4468.49,1,0
CUST_04710,55,Male,29,102,6,684.07,5,0
CUST_04711,38,Female,14,287,103,13113.16,1,0
CUST_04712,37,Female,5,222,66,9899.06,1,0
CUST_04713,20,Male,27,21,18,1498.9,5,0
CUST_04714,68,Male,68,21,106,11686.18,5,0
CUST_04715,39,Male,29,92,27,3369.88,7,0
CUST_04716,64,Male,3,284,39,2923.67,9,1
CUST_04717,21,Male,30,133,105,15111.23,0,0
CUST_04718,45,Male,9,327,51,3396.56,0,0
CUST_04719,29,Female,1,329,19,908.48,6,1
CUST_04720,55,Male,23,175,96,10215.11,8,1
CUST_04721,68,Male,67,213,88,2279.28,6,0
CUST_04722,53,Female,32,148,34,1091.29,3,0
CUST_04723,64,Female,6,232,89,12995.34,8,1
CUST_04724,58,Male,49,165,119,6309.72,5,0
CUST_04725,22,Female,15,314,24,467.4,9,1
CUST_04726,30,Male,58,145,25,1976.92,0,0
CUST_04727,40,Male,53,298,76,10038.95,5,0
CUST_04728,67,Male,30,223,94,5639.78,9,0
CUST_04729,47,Female,40,353,115,8235.0,5,1
CUST_04730,54,Female,59,62,70,2532.22,0,0
CUST_04731,42,Female,63,96,30,1851.68,7,0
CUST_04732,65,Female,48,112,97,14097.08,4,0
CUST_04733,44,Female,68,87,79,10540.46,3,0
CUST_04734,68,Female,7,255,93,10683.83,9,1
CUST_04735,31,Female,47,113,54,6541.53,0,0
CUST_04736,65,Male,43,254,115,12116.62,4,0
CUST_04737,64,Male,16,348,78,2412.04,0,0
CUST_04738,53,Female,22,322,25,771.38,2,0
CUST_04739,56,Female,63,32,109,9539.7,9,0
CUST_04740,33,Female,46,64,5,476.93,0,0
CUST_04741,39,Male,45,154,2,292.39,9,0
CUST_04742,38,Female,41,5,111,8425.87,2,0
CUST_04743,38,Female,25,330,80,11108.76,1,0
CUST_04744,25,Male,50,210,103,15315.61,3,0
CUST_04745,66,Female,67,92,63,8127.48,6,0
CUST_04746,33,Female,52,222,54,3718.57,0,0
CUST_04747,48,Female,31,190,38,4435.14,6,0
CUST_04748,59,Female,37,60,17,1506.83,5,0
CUST_04749,27,Male,22,205,31,1297.05,3,0
CUST_04750,49,Male,27,212,1,32.51,8,0
CUST_04751,51,Female,2,258,6,146.77,6,1
CUST_04752,26,Female,22,89,95,5611.51,9,1
CUST_04753,34,Female,53,236,70,7558.79,9,1
CUST_04754,28,Male,17,363,36,4981.34,4,0
CUST_04755,49,Male,56,332,8,466.07,1,0
CUST_04756,27,Male,31,196,93,8061.97,0,0
CUST_04757,39,Male,43,332,73,5715.14,1,0
CUST_04758,34,Female,53,183,86,2552.74,8,0
CUST_04759,21,Female,5,251,10,1176.38,1,0
CUST_04760,65,Male,2,224,24,2042.76,4,0
CUST_04761,69,Male,59,171,63,8746.71,7,0
CUST_04762,64,Male,4,198,40,5111.43,7,0
CUST_04763,42,Male,34,249,2,105.13,8,1
CUST_04764,38,Female,67,181,20,1144.07,3,0
CUST_04765,54,Female,6,277,81,7086.94,9,1
CUST_04766,55,Female,58,275,33,1052.53,6,0
CUST_04767,66,Male,47,161,14,684.62,8,0
CUST_04768,18,Female,5,248,96,12081.37,6,1
CUST_04769,42,Male,61,319,54,1925.4,0,0
CUST_04770,68,Female,56,188,55,4880.84,5,0
CUST_04771,53,Female,35,19,37,2522.86,1,0
CUST_04772,34,Female,13,244,88,3707.06,6,1
CUST_04773,58,Male,26,113,105,15321.54,8,0
CUST_04774,41,Male,64,278,84,10616.9,6,0
CUST_04775,19,Female,11,51,113,5763.26,7,0
CUST_04776,57,Male,62,344,6,726.08,1,0
CUST_04777,32,Male,47,123,33,523.59,9,0
CUST_04778,49,Female,70,238,50,2623.57,4,0
CUST_04779,56,Male,58,319,92,2721.34,9,1
CUST_04780,23,Female,10,62,75,5418.83,0,0
CUST_04781,18,Male,16,74,100,10111.82,2,0
CUST_04782,64,Female,12,245,84,3202.67,0,0
CUST_04783,40,Male,71,32,70,3309.25,1,0
CUST_04784,56,Female,50,153,72,4897.08,3,0
CUST_04785,34,Male,15,144,83,8312.84,5,0
CUST_04786,51,Female,59,15,79,4498.9,0,0
CUST_04787,58,Female,70,304,86,8273.45,8,0
CUST_04788,46,Male,62,274,51,3169.59,0,0
CUST_04789,26,Male,62,245,66,3287.54,7,1
CUST_04790,30,Male,50,279,61,7956.34,0,0
CUST_04791,23,Male,54,55,28,1867.65,0,0
CUST_04792,23,Female,54,42,100,13898.05,7,0
CUST_04793,37,Male,28,359,100,5625.26,1,0
CUST_04794,69,Female,51,52,44,3884.66,0,0
CUST_04795,20,Female,33,11,82,1823.31,6,0
CUST_04796,34,Male,1,311,12,1282.04,0,0
CUST_04797,66,Female,69,88,83,10158.27,3,0
CUST_04798,29,Male,1,227,57,8330.03,9,1
CUST_04799,65,Male,55,114,26,3326.51,9,0
CUST_04800,64,Male,45,25,25,1429.75,8,1
CUST_04801,62,Female,40,92,92,8293.01,9,0
CUST_04802,18,Male,61,87,15,1423.54,2,0
CUST_04803,34,Female,36,81,74,1677.29,5,0
CUST_04804,20,Male,24,250,103,2555.29,9,1
CUST_04805,43,Female,14,250,98,5780.42,8,0
CUST_04806,32,Female,1,210,77,8893.29,3,0
CUST_04807,53,Male,47,9,80,4283.76,2,0
CUST_04808,49,Female,21,99,53,7049.37,4,0
CUST_04809,49,Female,39,36,104,10615.67,6,0
CUST_04810,21,Male,3,57,95,7428.87,4,0
CUST_04811,35,Male,16,63,65,5718.4,3,0
CUST_04812,66,Male,68,338,113,6750.95,0,0
CUST_04813,36,Female,26,276,111,16259.13,5,0
CUST_04814,60,Female,54,213,54,2092.72,3,0
CUST_04815,69,Male,13,303,87,11410.36,5,0
CUST_04816,52,Male,61,20,78,8310.93,5,0
CUST_04817,57,Female,20,247,39,4331.37,3,0
CUST_04818,31,Female,27,6,94,12016.44,7,0
CUST_04819,50,Female,2,73,51,1702.9,3,0
CUST_04820,31,Female,10,107,106,11537.75,4,0
CUST_04821,51,Male,60,93,20,2395.93,4,0
CUST_04822,21,Male,19,285,64,9467.06,1,0
CUST_04823,41,Male,15,356,89,10316.92,7,1
CUST_04824,46,Female,47,219,11,1578.35,7,0
CUST_04825,36,Male,24,49,90,11674.26,9,0
CUST_04826,23,Male,16,364,52,6927.28,7,1
CUST_04827,50,Female,60,295,85,11796.67,0,0
CUST_04828,66,Male,49,288,54,4682.15,6,0
CUST_04829,57,Male,4,177,119,13207.53,2,0
CUST_04830,36,Female,66,299,69,2189.68,0,0
CUST_04831,18,Male,49,108,7,441.84,4,0
CUST_04832,22,Male,31,284,12,1604.64,3,0
CUST_04833,44,Female,66,301,2,293.97,6,0
CUST_04834,33,Male,54,65,103,3097.76,0,0
CUST_04835,23,Male,2,306,21,1976.68,0,0
CUST_04836,57,Female,61,54,96,10960.39,7,0
CUST_04837,30,Male,15,307,69,5842.28,3,0
CUST_04838,65,Female,60,299,91,4226.94,8,1
CUST_04839,52,Male,43,320,95,1960.05,9,0
CUST_04840,36,Male,40,30,118,16927.35,9,0
CUST_04841,29,Male,30,246,76,3569.87,4,0
CUST_04842,33,Male,63,210,36,1993.65,5,0
CUST_04843,60,Male,24,221,21,2137.3,1,0
CUST_04844,27,Male,44,170,53,3861.84,2,0
CUST_04845,42,Female,14,343,19,1371.2,6,1
CUST_04846,37,Male,28,214,3,78.45,6,1
CUST_04847,48,Female,14,322,60,8934.2,5,1
CUST_04848,21,Male,56,69,81,4324.95,3,0
CUST_04849,61,Male,34,234,94,2806.14,9,1
CUST_04850,40,Male,12,15,100,10701.2,3,0
CUST_04851,19,Female,56,134,73,8507.99,7,0
CUST_04852,39,Female,61,206,34,626.38,8,0
CUST_04853,68,Female,61,24,29,1489.11,7,0
CUST_04854,54,Male,40,85,74,3051.71,7,0
CUST_04855,25,Male,20,142,116,14091.9,4,0
CUST_04856,24,Female,42,140,57,2268.98,1,0
CUST_04857,31,Male,7,324,73,3413.2,9,1
CUST_04858,20,Male,68,122,40,5928.9,1,0
CUST_04859,67,Male,31,300,50,5489.25,1,0
CUST_04860,33,Male,70,341,75,5050.05,5,0
CUST_04861,36,Male,47,179,19,2218.65,9,1
CUST_04862,68,Female,51,208,22,1715.43,4,0
CUST_04863,35,Female,58,166,114,4982.95,3,0
CUST_04864,69,Female,22,41,51,4124.69,3,0
CUST_04865,33,Male,24,122,49,5841.94,7,0
CUST_04866,25,Female,34,44,52,2031.93,9,0
CUST_04867,50,Female,63,75,22,1772.03,1,0
CUST_04868,66,Female,60,348,113,3515.24,4,0
CUST_04869,29,Male,19,272,62,7983.24,6,0
CUST_04870,28,Female,24,166,111,13934.8,6,0
CUST_04871,22,Male,64,250,60,6354.99,7,0
CUST_04872,44,Female,20,86,80,11136.24,2,0
CUST_04873,29,Male,27,137,81,5588.45,1,0
CUST_04874,34,Male,58,333,104,3412.95,7,0
CUST_04875,23,Male,44,39,119,17458.53,8,0
CUST_04876,50,Female,65,87,7,589.86,0,0
CUST_04877,22,Male,46,155,119,9424.15,8,0
CUST_04878,45,Female,54,160,53,1250.94,7,0
CUST_04879,31,Female,39,64,31,2852.03,6,0
CUST_04880,22,Female,7,223,4,408.16,7,1
CUST_04881,50,Female,54,362,93,7335.88,2,0
CUST_04882,67,Female,43,346,7,965.34,1,0
CUST_04883,65,Female,20,146,107,12328.64,3,0
CUST_04884,58,Male,25,204,94,1900.1,6,1
CUST_04885,36,Female,43,67,3,264.74,1,0
CUST_04886,39,Female,27,5,25,3728.65,6,0
CUST_04887,22,Male,25,59,34,1426.84,6,0
CUST_04888,19,Female,36,76,33,3244.51,9,0
CUST_04889,47,Male,66,260,95,4932.57,8,0
CUST_04890,64,Male,9,248,88,5733.22,2,0
CUST_04891,56,Male,53,16,38,742.54,8,0
CUST_04892,21,Male,21,75,110,11865.57,6,0
CUST_04893,50,Female,50,356,4,473.49,7,1
CUST_04894,30,Female,16,176,48,5728.5,2,0
CUST_04895,37,Female,66,322,74,10805.72,4,0
CUST_04896,24,Female,26,136,89,11402.1,6,0
CUST_04897,32,Male,44,277,101,4345.71,7,0
CUST_04898,40,Male,29,282,61,2813.63,5,0
CUST_04899,31,Female,46,168,107,12698.61,5,0
CUST_04900,40,Female,71,30,65,7792.35,4,0
CUST_04901,36,Male,49,322,81,2560.47,3,0
CUST_04902,46,Female,15,336,110,1748.49,6,0
CUST_04903,37,Female,17,269,71,4912.23,9,1
CUST_04904,46,Female,9,1,78,8484.92,4,0
CUST_04905,41,Male,32,171,61,8051.98,7,0
CUST_04906,35,Male,66,129,1,37.32,0,0
CUST_04907,27,Female,59,168,6,750.39,7,0
CUST_04908,58,Female,32,61,103,11062.34,4,0
CUST_04909,25,Male,43,117,107,4002.22,3,0
CUST_04910,43,Female,59,322,74,9834.1,5,0
CUST_04911,46,Female,30,123,21,2960.02,6,0
CUST_04912,27,Male,11,260,67,3409.22,2,0
CUST_04913,34,Male,26,226,83,2911.08,3,0
CUST_04914,19,Female,2,292,28,4077.63,6,1
CUST_04915,23,Male,34,352,66,1193.9,6,1
CUST_04916,22,Female,41,186,27,3861.92,2,0
CUST_04917,45,Male,31,85,108,4772.56,8,0
CUST_04918,58,Female,63,218,32,2372.72,2,0
CUST_04919,22,Female,55,143,12,679.53,7,0
CUST_04920,35,Male,61,90,65,2323.79,7,0
CUST_04921,43,Female,36,341,46,2878.88,2,0
CUST_04922,37,Male,40,268,107,9394.43,6,0
CUST_04923,58,Male,23,76,40,1106.66,2,0
CUST_04924,66,Female,26,69,93,11554.22,1,0
CUST_04925,44,Female,18,298,9,1107.46,6,1
CUST_04926,66,Male,34,160,82,10058.12,7,0
CUST_04927,29,Male,28,8,62,6675.58,8,0
CUST_04928,24,Male,49,219,109,8334.19,0,0
CUST_04929,20,Male,64,310,100,12755.28,8,0
CUST_04930,27,Male,71,88,16,2079.99,1,0
CUST_04931,51,Female,63,141,99,5300.13,2,0
CUST_04932,42,Male,62,29,100,7992.83,7,0
CUST_04933,52,Female,42,13,68,2883.2,1,0
CUST_04934,33,Male,24,314,40,1981.27,6,0
CUST_04935,19,Female,35,63,107,5056.69,7,0
CUST_04936,41,Female,55,343,35,4432.33,9,1
CUST_04937,27,Female,49,175,83,4055.39,4,0
CUST_04938,55,Male,59,216,60,5325.14,2,0
CUST_04939,39,Female,22,235,70,6986.93,8,1
CUST_04940,43,Female,61,87,95,10975.56,7,0
CUST_04941,60,Female,30,74,91,1721.35,2,0
CUST_04942,56,Female,69,294,3,237.68,7,1
CUST_04943,44,Male,60,69,53,2888.62,2,0
CUST_04944,46,Female,6,69,100,12758.65,5,0
CUST_04945,64,Female,11,223,59,1177.71,0,0
CUST_04946,55,Female,24,285,36,1545.99,3,0
CUST_04947,37,Female,51,122,66,3803.41,7,0
CUST_04948,44,Female,19,263,112,2856.96,5,1
CUST_04949,58,Female,50,221,37,2530.11,4,0
CUST_04950,37,Female,3,311,79,9117.29,5,0
CUST_04951,61,Female,3,164,101,4409.9,6,1
CUST_04952,36,Male,31,263,87,10166.23,0,0
CUST_04953,37,Female,47,92,44,3802.34,2,0
CUST_04954,52,Female,8,266,64,3938.41,0,0
CUST_04955,64,Male,17,336,51,3304.23,8,1
CUST_04956,19,Male,45,74,111,3407.83,3,0
CUST_04957,47,Female,60,314,6,292.32,1,0
CUST_04958,51,Female,21,90,97,11030.38,4,0
CUST_04959,39,Male,70,354,69,9071.48,1,0
CUST_04960,20,Female,21,296,21,1067.97,6,1
CUST_04961,23,Female,58,129,57,5384.81,3,0
CUST_04962,32,Male,55,49,28,551.27,4,0
CUST_04963,44,Male,28,86,85,2163.24,8,0
CUST_04964,27,Female,46,144,24,3484.55,1,0
CUST_04965,26,Female,44,135,115,15643.26,4,0
CUST_04966,50,Male,25,115,92,2389.53,3,0
CUST_04967,49,Male,71,277,75,9451.07,2,0
CUST_04968,65,Male,49,66,63,1816.79,0,0
CUST_04969,23,Female,46,187,22,2790.66,5,0
CUST_04970,58,Male,63,345,110,15215.49,6,0
CUST_04971,53,Female,12,201,110,3923.32,0,0
CUST_04972,19,Male,57,138,34,1185.8,5,0
CUST_04973,46,Female,64,52,118,16530.3,0,0
CUST_04974,21,Male,31,213,37,2060.65,5,0
CUST_04975,18,Female,4,158,41,3231.15,3,0
CUST_04976,36,Female,54,290,81,4544.05,5,1
CUST_04977,43,Male,65,350,115,13358.44,0,0
CUST_04978,42,Male,6,206,79,3436.24,0,0
CUST_04979,27,Female,65,342,93,7598.68,2,0
CUST_04980,32,Male,22,321,98,12721.63,5,0
CUST_04981,39,Female,17,316,105,14937.04,2,0
CUST_04982,68,Male,59,136,43,2692.63,6,0
CUST_04983,65,Male,29,75,22,668.49,3,0
CUST_04984,38,Female,67,69,91,11312.0,8,0
CUST_04985,39,Female,17,301,102,3055.03,6,0
CUST_04986,53,Female,2,49,15,1803.06,3,0
CUST_04987,51,Male,32,202,21,2268.28,8,1
CUST_04988,47,Male,22,62,52,4834.47,4,0
CUST_04989,42,Female,58,167,4,567.32,3,0
CUST_04990,62,Male,53,205,47,2750.58,1,0
CUST_04991,45,Male,47,149,18,496.79,8,1
CUST_04992,18,Male,4,121,71,10473.68,9,0
CUST_04993,66,Male,38,309,80,5964.4,7,1
CUST_04994,62,Female,13,97,118,8673.92,5,0
CUST_04995,21,Female,61,53,35,948.03,0,0
CUST_04996,24,Female,64,9,76,8768.85,7,0
CUST_04997,66,Female,33,331,7,785.51,3,1
CUST_04998,26,Female,38,251,41,1419.22,0,0
CUST_04999,53,Female,29,360,10,465.64,2,0
CUST_05000,36,Female,61,349,62,1067.39,5,0
CUST_05001,18,Male,32,124,65,8782.37,1,0
CUST_05002,27,Male,11,122,12,576.14,7,0
CUST_05003,53,Female,18,199,91,12753.7,4,0
CUST_05004,26,Male,45,317,28,2579.02,4,0
CUST_05005,62,Male,21,95,58,4200.94,0,0
CUST_05006,63,Female,12,30,56,899.2,8,0
CUST_05007,59,Female,20,92,18,494.22,1,0
CUST_05008,49,Female,7,84,65,2367.45,8,1
CUST_05009,49,Male,71,15,57,1668.33,9,0
CUST_05010,23,Female,2,143,50,2479.37,9,0
CUST_05011,65,Female,43,309,87,3120.6,0,0
CUST_05012,55,Female,21,209,103,10775.61,9,0
CUST_05013,34,Male,29,23,81,4463.04,7,0
CUST_05014,27,Male,32,326,45,5038.62,2,0
CUST_05015,67,Male,45,144,62,2064.07,2,0
CUST_05016,44,Male,59,87,106,4582.33,6,0
CUST_05017,67,Male,3,193,110,13343.63,6,0
CUST_05018,52,Male,39,173,65,6539.02,6,0
CUST_05019,69,Female,51,263,55,1541.12,6,0
CUST_05020,38,Female,8,295,38,5491.81,2,0
CUST_05021,42,Female,46,360,4,471.77,7,0
CUST_05022,45,Male,66,50,115,10304.82,0,0
CUST_05023,64,Male,6,48,15,919.39,2,0
CUST_05024,32,Male,58,49,21,581.32,7,0
CUST_05025,21,Male,41,168,21,1330.5,1,0
CUST_05026,46,Male,54,167,51,2989.01,6,0
CUST_05027,26,Female,41,82,86,2199.89,3,0
CUST_05028,44,Female,48,63,108,13047.2,5,0
CUST_05029,43,Female,70,228,78,5543.48,8,1
CUST_05030,36,Female,27,214,35,4727.96,7,0
CUST_05031,45,Female,47,130,4,145.3,3,0
CUST_05032,34,Female,23,154,99,5729.36,6,0
CUST_05033,60,Female,14,242,32,1685.44,2,0
CUST_05034,58,Female,61,96,92,12125.31,8,0
CUST_05035,59,Female,67,232,12,1002.53,1,0
CUST_05036,67,Female,25,238,54,1843.88,5,1
CUST_05037,37,Male,65,18,30,1897.66,4,0
CUST_05038,62,Female,24,344,9,1280.97,3,0
CUST_05039,57,Female,53,324,19,1699.56,1,0
CUST_05040,56,Female,50,246,80,1596.72,8,1
CUST_05041,66,Male,1,60,30,684.27,4,0
CUST_05042,40,Male,39,130,65,3043.1,0,0
CUST_05043,64,Female,44,350,110,10876.67,4,0
CUST_05044,49,Female,5,49,45,2164.96,6,0
CUST_05045,69,Male,68,166,23,2984.61,2,0
CUST_05046,64,Female,65,168,76,7597.87,6,0
CUST_05047,50,Female,15,253,5,277.99,5,0
CUST_05048,63,Male,50,336,84,5727.22,6,0
CUST_05049,22,Female,6,309,67,4399.21,8,1
CUST_05050,60,Male,66,64,119,6832.36,1,0
CUST_05051,65,Female,69,33,66,6602.29,1,0
CUST_05052,51,Female,39,58,43,1815.72,0,0
CUST_05053,57,Female,29,306,84,4572.53,1,0
CUST_05054,28,Female,46,64,2,53.01,2,0
CUST_05055,67,Male,31,125,48,3156.72,6,0
CUST_05056,20,Female,24,61,58,1374.13,2,0
CUST_05057,50,Female,15,249,40,696.69,7,0
CUST_05058,28,Female,20,138,99,10118.52,2,0
CUST_05059,33,Male,4,66,53,1957.36,1,0
CUST_05060,35,Male,58,179,59,1165.35,9,0
CUST_05061,47,Female,61,286,68,1647.3,9,0
CUST_05062,65,Female,10,281,63,2639.28,3,0
CUST_05063,27,Male,41,171,117,13141.32,3,0
CUST_05064,35,Female,53,243,36,597.65,4,0
CUST_05065,55,Female,71,120,40,4523.21,4,0
CUST_05066,36,Female,48,344,6,573.62,2,0
CUST_05067,53,Female,15,192,14,1181.29,0,0
CUST_05068,30,Female,7,187,79,10882.51,7,1
CUST_05069,63,Female,71,227,113,14350.36,9,0
CUST_05070,20,Male,43,266,101,7224.94,1,0
CUST_05071,27,Female,4,192,33,524.85,4,0
CUST_05072,55,Female,51,240,108,11980.2,1,0
CUST_05073,18,Female,71,94,19,407.42,5,0
CUST_05074,44,Female,59,126,76,3992.83,6,0
CUST_05075,63,Male,41,99,43,3507.07,6,0
CUST_05076,25,Male,61,344,54,1534.2,0,0
CUST_05077,68,Female,30,243,73,7789.22,8,1
CUST_05078,63,Male,18,20,83,4845.94,0,0
CUST_05079,59,Female,30,117,96,6127.12,7,0
CUST_05080,34,Male,7,359,92,9432.19,0,0
CUST_05081,26,Male,52,99,92,6326.16,2,0
CUST_05082,23,Male,48,330,95,4305.11,9,1
CUST_05083,60,Female,23,155,61,2370.6,3,0
CUST_05084,42,Female,37,307,100,11274.57,8,1
CUST_05085,56,Female,71,185,13,1512.28,7,0
CUST_05086,66,Female,53,335,42,1739.62,4,0
CUST_05087,45,Male,45,3,97,5632.39,3,0
CUST_05088,50,Male,49,157,106,15279.06,9,0
CUST_05089,54,Female,49,175,18,2661.68,8,1
CUST_05090,26,Female,47,336,93,8743.54,0,0
CUST_05091,35,Male,25,69,109,12773.45,5,0
CUST_05092,38,Female,27,21,103,11949.46,7,0
CUST_05093,19,Female,12,298,72,4924.86,6,0
CUST_05094,60,Male,23,118,113,2433.78,7,0
CUST_05095,55,Male,17,277,86,9889.57,2,0
CUST_05096,57,Female,44,130,65,2166.41,4,0
CUST_05097,53,Male,71,206,48,2602.43,0,0
CUST_05098,67,Male,24,197,95,5471.85,7,0
CUST_05099,60,Female,71,135,84,5218.7,1,0
CUST_05100,54,Male,60,203,36,2803.21,9,0
CUST_05101,32,Female,53,35,87,7196.42,2,0
CUST_05102,45,Male,16,30,81,6502.33,9,0
CUST_05103,35,Female,25,311,45,1664.32,1,0
CUST_05104,51,Female,66,257,10,1025.88,0,0
CUST_05105,39,Male,50,182,9,1095.12,1,0
CUST_05106,28,Male,69,208,46,3557.41,9,0
CUST_05107,30,Female,40,129,17,2178.94,1,0
CUST_05108,21,Female,6,63,67,5023.3,5,0
CUST_05109,39,Female,64,342,33,3026.86,3,0
CUST_05110,24,Male,28,77,65,1585.3,9,0
CUST_05111,60,Female,9,15,20,696.48,3,0
CUST_05112,41,Female,6,325,66,7826.94,0,0
CUST_05113,21,Female,17,59,16,778.23,9,1
CUST_05114,45,Female,40,151,73,2019.17,1,0
CUST_05115,32,Male,45,108,14,1283.99,2,0
CUST_05116,18,Female,43,107,1,27.74,8,0
CUST_05117,20,Male,46,139,35,3757.25,4,0
CUST_05118,31,Male,63,280,82,8859.16,3,0
CUST_05119,55,Female,1,72,1,76.16,9,0
CUST_05120,67,Female,59,111,43,4625.88,2,0
CUST_05121,18,Male,63,226,69,8481.17,9,1
CUST_05122,55,Female,18,106,75,3126.46,0,0
CUST_05123,55,Male,65,159,102,10474.07,0,0
CUST_05124,38,Female,20,150,88,9545.09,9,0
CUST_05125,65,Female,56,14,103,4248.85,7,0
CUST_05126,46,Male,54,5,109,12330.99,9,0
CUST_05127,22,Male,48,127,96,10765.32,8,0
CUST_05128,66,Male,54,273,55,1992.6,2,0
CUST_05129,27,Male,16,338,16,925.64,8,1
CUST_05130,45,Male,20,211,67,9517.72,7,0
CUST_05131,38,Female,47,327,111,2731.09,0,0
CUST_05132,67,Male,7,346,63,2892.19,5,0
CUST_05133,24,Female,23,217,72,6705.94,8,0
CUST_05134,20,Male,33,79,96,13994.36,3,0
CUST_05135,62,Female,40,93,22,1093.72,8,0
CUST_05136,64,Male,5,238,56,7014.86,1,0
CUST_05137,37,Male,45,234,52,3358.83,9,1
CUST_05138,36,Female,41,177,112,7009.59,8,0
CUST_05139,52,Male,8,255,81,12106.88,0,0
CUST_05140,21,Female,50,321,27,3383.76,3,0
CUST_05141,22,Female,31,132,64,3107.29,4,0
CUST_05142,18,Female,4,265,45,1802.84,1,0
CUST_05143,21,Male,66,292,67,1765.51,5,0
CUST_05144,29,Male,56,179,26,2084.28,7,1
CUST_05145,44,Female,5,344,99,5955.71,1,0
CUST_05146,59,Female,54,146,13,863.34,8,1
CUST_05147,40,Male,1,143,81,5932.46,1,0
CUST_05148,42,Male,61,20,30,4463.73,0,0
CUST_05149,38,Male,7,58,93,1431.07,5,0
CUST_05150,69,Female,30,296,78,5656.46,4,0
CUST_05151,41,Male,15,66,30,713.14,9,0
CUST_05152,42,Female,4,345,101,10691.57,2,0
CUST_05153,62,Male,63,13,44,959.55,2,0
CUST_05154,63,Male,70,62,48,5689.07,7,0
CUST_05155,49,Male,38,46,102,13479.4,3,0
CUST_05156,49,Female,47,93,9,1314.52,0,0
CUST_05157,22,Male,60,223,48,1503.24,3,0
CUST_05158,53,Male,2,23,96,14126.43,5,0
CUST_05159,63,Male,69,357,56,3957.26,1,0
CUST_05160,59,Male,8,67,68,6827.07,6,0
CUST_05161,66,Male,51,114,6,90.04,0,0
CUST_05162,59,Female,19,206,115,7473.27,9,1
CUST_05163,56,Female,31,66,65,4071.67,8,0
CUST_05164,33,Male,22,50,89,7388.23,1,0
CUST_05165,50,Female,33,141,104,3421.6,8,0
CUST_05166,66,Male,37,258,102,11033.86,0,0
CUST_05167,38,Male,12,34,67,6393.13,3,0
CUST_05168,26,Female,69,296,21,917.4,4,0
CUST_05169,23,Female,64,253,78,11527.69,7,1
CUST_05170,68,Female,25,69,30,472.65,4,0
CUST_05171,62,Male,54,189,57,3439.89,0,0
CUST_05172,52,Male,29,153,55,2768.31,0,0
CUST_05173,56,Female,13,203,2,181.21,1,0
CUST_05174,39,Female,26,77,48,6476.83,8,0
CUST_05175,58,Male,22,191,22,2283.59,0,0
CUST_05176,22,Female,10,28,13,278.53,2,0
CUST_05177,59,Female,48,213,89,11708.73,7,1
CUST_05178,40,Male,42,56,112,5688.01,0,0
CUST_05179,34,Female,59,112,43,1285.43,3,0
CUST_05180,29,Female,53,243,75,5504.61,7,1
CUST_05181,40,Male,40,154,112,15268.52,5,0
CUST_05182,33,Female,62,155,74,1455.49,5,0
CUST_05183,20,Male,6,282,49,4873.75,0,0
CUST_05184,47,Male,4,271,108,6467.8,6,1
CUST_05185,39,Female,55,50,37,3664.75,0,0
CUST_05186,26,Female,69,68,89,4535.15,2,0
CUST_05187,46,Female,3,132,108,15720.26,0,0
CUST_05188,64,Female,7,158,35,1062.85,7,0
CUST_05189,54,Female,12,333,19,690.25,3,1
CUST_05190,40,Female,17,265,28,592.62,4,0
CUST_05191,30,Male,67,170,106,12966.42,0,0
CUST_05192,49,Female,70,270,112,3100.63,0,0
CUST_05193,63,Female,36,220,57,2983.62,9,1
CUST_05194,69,Male,17,40,115,4916.96,0,0
CUST_05195,64,Female,1,289,61,3826.35,2,0
CUST_05196,65,Female,67,79,43,5090.36,5,0
CUST_05197,40,Female,49,239,112,16046.9,4,0
CUST_05198,62,Male,51,60,60,8018.85,9,0
CUST_05199,34,Female,71,320,10,1285.57,6,1
CUST_05200,57,Male,43,318,79,5637.32,0,0
CUST_05201,38,Male,31,335,96,11831.57,7,1
CUST_05202,19,Female,24,237,67,8034.33,4,0
CUST_05203,54,Female,37,76,24,1162.0,5,0
CUST_05204,23,Male,65,306,74,3731.33,1,0
CUST_05205,61,Male,63,39,44,3624.02,8,0
CUST_05206,35,Female,56,199,30,4352.08,2,0
CUST_05207,47,Female,18,105,105,3104.51,4,0
CUST_05208,39,Female,65,70,115,17069.91,9,0
CUST_05209,50,Female,29,282,97,3536.18,7,1
CUST_05210,47,Male,4,58,45,3625.08,0,0
CUST_05211,34,Male,12,329,89,4987.22,3,0
CUST_05212,60,Male,56,179,103,7381.68,4,0
CUST_05213,49,Male,48,308,118,17028.29,5,0
CUST_05214,59,Male,19,222,60,6017.6,2,0
CUST_05215,68,Male,26,144,116,6399.04,3,0
CUST_05216,31,Female,38,304,53,5291.4,2,0
CUST_05217,27,Male,25,27,103,7832.2,3,0
CUST_05218,64,Female,56,161,25,3558.84,6,0
CUST_05219,68,Female,28,151,102,6388.68,8,0
CUST_05220,53,Female,61,173,76,7136.71,8,0
CUST_05221,51,Female,51,211,4,518.69,4,0
CUST_05222,26,Female,12,356,92,13288.82,5,1
CUST_05223,59,Male,8,22,84,10322.57,8,1
CUST_05224,45,Male,58,298,74,10455.99,3,0
CUST_05225,28,Male,23,33,31,2405.9,6,0
CUST_05226,31,Male,37,109,19,2245.94,2,0
CUST_05227,56,Female,11,47,2,55.56,8,0
CUST_05228,64,Female,17,96,4,380.66,8,1
CUST_05229,36,Female,56,125,79,1329.01,9,0
CUST_05230,32,Male,53,335,38,1904.04,4,0
CUST_05231,45,Female,67,295,33,3460.07,3,0
CUST_05232,41,Male,2,302,18,686.9,9,1
CUST_05233,25,Female,29,328,104,4370.0,9,1
CUST_05234,60,Male,57,307,32,746.62,8,0
CUST_05235,26,Male,34,25,96,11126.15,4,0
CUST_05236,64,Male,2,82,77,5811.39,0,0
CUST_05237,50,Female,31,58,115,15510.42,1,0
CUST_05238,50,Male,44,26,80,5112.4,9,0
CUST_05239,36,Male,56,297,33,2434.07,6,0
CUST_05240,20,Female,54,44,34,2781.69,2,0
CUST_05241,27,Female,53,85,51,6692.37,0,0
CUST_05242,57,Male,46,22,63,3430.05,8,0
CUST_05243,64,Female,54,226,78,1713.13,3,0
CUST_05244,59,Male,31,37,47,4684.53,2,0
CUST_05245,18,Male,24,101,66,8346.99,4,0
CUST_05246,46,Male,25,142,13,1171.23,0,0
CUST_05247,67,Male,35,4,52,3029.76,0,0
CUST_05248,51,Female,57,24,93,9310.54,0,0
CUST_05249,68,Female,69,191,52,7736.84,6,0
CUST_05250,30,Male,28,321,43,3977.31,6,0
CUST_05251,18,Female,33,322,106,6100.75,8,0
CUST_05252,51,Female,53,269,98,4693.03,4,0
CUST_05253,46,Male,16,27,61,9135.4,1,0
CUST_05254,65,Male,26,81,81,10514.36,8,0
CUST_05255,64,Female,12,121,3,158.19,3,0
CUST_05256,30,Female,31,69,94,4740.44,4,0
CUST_05257,65,Female,27,313,68,8397.69,0,0
CUST_05258,66,Female,36,72,95,14151.06,1,0
CUST_05259,46,Male,59,246,59,4593.53,7,0
CUST_05260,56,Female,3,246,54,2466.77,1,0
CUST_05261,41,Male,32,253,69,3180.65,7,1
CUST_05262,43,Female,15,364,2,245.28,0,1
CUST_05263,34,Female,66,73,68,6574.06,8,0
CUST_05264,24,Male,63,274,44,4424.48,8,1
CUST_05265,30,Male,1,16,38,1566.89,8,0
CUST_05266,22,Female,5,179,60,1956.84,5,1
CUST_05267,43,Male,6,352,116,1906.64,1,0
CUST_05268,66,Female,5,40,27,3740.91,0,0
CUST_05269,20,Female,28,39,91,5726.05,5,0
CUST_05270,24,Female,69,56,15,1759.9,3,0
CUST_05271,66,Male,44,233,39,5241.67,7,1
CUST_05272,56,Female,16,54,38,3640.64,7,0
CUST_05273,18,Female,71,172,54,3902.83,1,0
CUST_05274,66,Female,22,302,63,1273.87,1,0
CUST_05275,34,Female,23,189,58,3509.71,3,0
CUST_05276,60,Female,43,43,62,3622.02,8,0
CUST_05277,42,Female,68,4,78,7133.63,5,0
CUST_05278,20,Male,43,261,18,2126.68,6,0
CUST_05279,32,Female,26,58,29,3218.96,2,0
CUST_05280,46,Male,41,37,71,9403.18,6,0
CUST_05281,60,Male,70,235,57,1215.48,2,0
CUST_05282,49,Male,31,265,102,9860.9,1,0
CUST_05283,43,Female,17,15,24,972.38,1,0
CUST_05284,33,Female,9,88,38,5559.12,8,0
CUST_05285,42,Female,55,99,6,421.38,6,0
CUST_05286,45,Male,6,105,20,1984.41,4,0
CUST_05287,26,Male,70,217,118,7370.71,2,0
CUST_05288,18,Male,64,191,42,1878.4,7,0
CUST_05289,46,Female,4,215,100,10786.32,1,0
CUST_05290,39,Male,67,198,74,10493.2,2,0
CUST_05291,33,Male,56,105,22,506.66,4,0
CUST_05292,58,Male,18,27,33,4171.45,0,0
CUST_05293,68,Female,32,182,87,5317.01,5,0
CUST_05294,61,Female,48,83,46,1440.93,1,0
CUST_05295,68,Female,29,159,114,12687.29,6,0
CUST_05296,58,Male,32,230,54,1411.2,6,1
CUST_05297,24,Male,25,235,105,11890.67,0,0
CUST_05298,31,Male,63,288,42,3100.97,3,0
CUST_05299,46,Male,9,18,51,1899.22,0,0
CUST_05300,36,Male,71,284,68,2463.02,9,1
CUST_05301,36,Male,14,71,85,9860.62,6,0
CUST_05302,19,Male,20,215,56,7101.76,4,0
CUST_05303,58,Male,10,117,77,8282.07,7,0
CUST_05304,62,Male,11,100,42,4717.19,0,0
CUST_05305,32,Female,39,88,13,1683.49,9,0
CUST_05306,20,Female,19,348,54,3934.15,3,0
CUST_05307,28,Female,19,153,12,451.65,8,0
CUST_05308,63,Male,43,295,88,5801.97,9,0
CUST_05309,47,Male,61,177,35,5152.13,0,0
CUST_05310,57,Female,70,132,83,6270.32,2,0
CUST_05311,35,Male,65,308,9,1257.53,1,0
CUST_05312,68,Female,23,122,13,1428.3,8,0
CUST_05313,65,Female,60,211,22,2521.1,9,1
CUST_05314,19,Female,10,68,40,1627.15,4,0
CUST_05315,49,Female,63,57,36,2332.03,5,0
CUST_05316,25,Female,2,13,117,13323.03,7,0
CUST_05317,39,Female,36,193,92,9522.11,8,1
CUST_05318,23,Male,57,63,41,5389.53,7,0
CUST_05319,29,Male,66,327,7,303.44,7,1
CUST_05320,64,Male,20,153,94,10906.04,0,0
CUST_05321,57,Male,42,23,95,1930.86,9,0
CUST_05322,53,Male,21,30,117,6490.35,0,0
CUST_05323,32,Male,66,189,55,5506.42,7,0
CUST_05324,45,Female,38,310,75,11047.95,0,0
CUST_05325,69,Male,69,109,94,13965.15,4,0
CUST_05326,66,Male,24,353,79,5868.52,3,0
CUST_05327,62,Male,26,60,13,1537.01,4,0
CUST_05328,35,Female,2,66,99,9510.65,7,0
CUST_05329,19,Male,46,166,99,10962.07,9,0
CUST_05330,30,Female,34,141,20,2276.26,7,0
CUST_05331,62,Female,62,52,107,9511.01,3,0
CUST_05332,32,Female,41,180,58,7243.13,7,0
CUST_05333,37,Male,15,32,23,2159.85,9,0
CUST_05334,46,Female,55,214,53,1514.9,4,0
CUST_05335,59,Female,3,265,37,5496.07,3,0
CUST_05336,46,Male,38,17,20,1120.4,6,0
CUST_05337,20,Male,51,126,19,2758.14,2,0
CUST_05338,36,Male,17,82,108,5886.39,4,0
CUST_05339,20,Female,49,40,18,2343.16,4,0
CUST_05340,31,Male,21,104,68,7350.4,4,0
CUST_05341,57,Female,24,219,61,3853.83,1,0
CUST_05342,21,Male,40,182,72,10197.4,9,1
CUST_05343,69,Female,20,156,46,4311.34,6,1
CUST_05344,28,Female,35,178,94,11939.69,9,1
CUST_05345,48,Male,48,18,48,5884.17,6,0
CUST_05346,60,Male,33,141,20,425.24,7,0
CUST_05347,49,Male,56,161,72,3693.33,6,0
CUST_05348,44,Male,41,214,69,5433.69,0,0
CUST_05349,47,Female,54,222,105,14800.56,8,0
CUST_05350,60,Male,44,262,34,796.7,3,0
CUST_05351,19,Female,11,45,104,4166.44,0,0
CUST_05352,66,Male,14,187,7,695.17,9,1
CUST_05353,26,Male,42,354,50,5155.72,1,0
CUST_05354,45,Female,12,241,53,1968.29,7,1
CUST_05355,48,Female,17,225,86,12299.77,7,0
CUST_05356,51,Male,25,334,73,2837.71,8,0
CUST_05357,32,Female,26,48,11,435.78,8,0
CUST_05358,65,Male,47,111,76,7660.72,9,0
CUST_05359,42,Female,25,83,8,575.18,7,0
CUST_05360,53,Male,60,104,32,592.37,3,0
CUST_05361,25,Male,60,74,63,8773.93,9,0
CUST_05362,26,Female,27,55,55,1382.93,6,0
CUST_05363,54,Male,43,317,59,2130.07,8,1
CUST_05364,65,Male,20,2,63,8574.87,5,0
CUST_05365,62,Male,63,242,17,886.84,5,0
CUST_05366,56,Female,25,258,26,3260.05,0,0
CUST_05367,49,Female,27,332,51,1940.37,9,1
CUST_05368,69,Female,52,10,33,709.66,8,0
CUST_05369,34,Female,10,76,26,1213.9,1,0
CUST_05370,52,Female,50,258,22,2533.79,2,0
CUST_05371,54,Male,30,121,67,6998.16,4,0
CUST_05372,36,Male,1,321,95,5408.69,4,0
CUST_05373,61,Female,54,215,78,7840.54,4,0
CUST_05374,46,Male,4,245,82,8591.36,3,0
CUST_05375,24,Male,7,337,98,8940.75,4,0
CUST_05376,45,Female,30,180,104,14694.76,2,0
CUST_05377,26,Female,65,341,63,7694.74,0,0
CUST_05378,45,Male,29,300,17,2127.66,6,0
CUST_05379,23,Male,25,290,41,2972.33,9,1
CUST_05380,46,Female,40,73,76,8156.81,1,0
CUST_05381,34,Female,26,209,39,1550.34,7,0
CUST_05382,33,Male,17,241,33,1813.48,0,0
CUST_05383,40,Male,31,362,32,2650.45,5,0
CUST_05384,48,Female,61,173,21,2629.07,0,0
CUST_05385,20,Male,8,5,53,3205.75,7,0
CUST_05386,38,Female,69,217,64,4760.0,1,0
CUST_05387,43,Male,1,214,78,11250.8,7,1
CUST_05388,53,Male,71,325,66,3521.31,3,0
CUST_05389,59,Male,46,310,49,4823.5,2,0
CUST_05390,54,Female,20,38,71,2028.71,1,0
CUST_05391,39,Female,40,61,79,5575.53,3,0
CUST_05392,59,Male,2,95,31,1846.43,9,1
CUST_05393,29,Female,61,233,92,1542.36,9,1
CUST_05394,59,Male,71,277,41,3854.14,1,0
CUST_05395,30,Female,30,36,72,4301.42,2,0
CUST_05396,28,Male,30,1,71,3477.29,1,0
CUST_05397,33,Female,45,150,36,4878.02,1,0
CUST_05398,25,Male,24,215,74,3403.91,9,1
CUST_05399,57,Female,56,46,39,2719.88,8,0
CUST_05400,57,Female,61,65,111,15892.19,0,0
CUST_05401,62,Male,13,6,94,2429.1,2,0
CUST_05402,19,Male,56,81,109,15444.07,0,0
CUST_05403,47,Male,15,189,104,7038.62,2,0
CUST_05404,47,Female,11,151,41,4992.78,0,0
CUST_05405,29,Male,12,148,41,2584.89,8,1
CUST_05406,27,Female,3,28,5,355.5,4,0
CUST_05407,61,Female,24,165,85,6298.51,3,0
CUST_05408,28,Male,9,135,6,856.91,7,0
CUST_05409,32,Male,46,254,62,5535.63,0,0
CUST_05410,33,Female,71,305,16,708.45,8,1
CUST_05411,34,Female,60,212,80,7804.32,1,0
CUST_05412,43,Female,11,280,88,11886.92,7,0
CUST_05413,19,Male,10,80,110,4833.56,6,0
CUST_05414,67,Male,3,269,19,1150.83,9,1
CUST_05415,29,Female,19,348,83,7648.24,1,0
CUST_05416,68,Female,2,15,112,16607.34,9,0
CUST_05417,43,Female,17,87,37,2879.47,9,1
CUST_05418,40,Male,2,223,64,6008.78,5,0
CUST_05419,35,Male,53,325,59,1962.73,4,0
CUST_05420,49,Male,16,91,97,11383.04,6,1
CUST_05421,66,Female,10,316,69,3083.1,1,0
CUST_05422,55,Male,68,266,73,4326.67,9,0
CUST_05423,64,Female,43,307,85,9417.26,8,0
CUST_05424,20,Female,58,320,7,778.47,2,0
CUST_05425,55,Male,60,106,42,2437.6,0,0
CUST_05426,20,Male,24,253,25,3244.82,7,0
CUST_05427,47,Female,16,199,56,6847.97,6,0
CUST_05428,18,Male,9,56,47,4612.12,6,0
CUST_05429,47,Male,6,239,85,3325.55,3,1
CUST_05430,62,Male,65,347,108,14813.15,9,1
CUST_05431,49,Female,24,341,77,6637.55,2,0
CUST_05432,45,Female,10,363,50,3290.73,8,1
CUST_05433,38,Female,27,218,85,11915.54,2,0
CUST_05434,63,Female,3,212,74,10816.68,6,1
CUST_05435,30,Female,38,189,88,9840.25,6,0
CUST_05436,44,Female,17,335,91,11087.05,9,1
CUST_05437,53,Female,48,102,33,1594.34,6,0
CUST_05438,24,Male,49,143,26,1298.37,0,0
CUST_05439,39,Male,43,285,100,9184.2,9,1
CUST_05440,27,Female,7,70,17,2511.45,1,0
CUST_05441,56,Female,68,336,21,2422.04,1,0
CUST_05442,32,Male,21,65,109,12612.25,2,0
CUST_05443,32,Female,25,198,2,99.55,3,0
CUST_05444,21,Male,61,16,79,5661.97,0,0
CUST_05445,49,Male,28,310,44,2694.63,4,0
CUST_05446,40,Female,52,353,66,3683.12,0,0
CUST_05447,23,Male,13,263,71,8072.61,6,1
CUST_05448,41,Female,34,60,36,1025.29,6,0
CUST_05449,37,Male,67,10,46,1717.4,1,0
CUST_05450,54,Male,4,309,50,3533.0,3,1
CUST_05451,37,Female,44,8,107,5977.9,8,0
CUST_05452,29,Female,15,341,96,13147.69,0,0
CUST_05453,50,Male,8,90,67,2818.01,9,0
CUST_05454,45,Female,5,37,3,145.78,5,0
CUST_05455,25,Female,66,84,114,4450.73,9,0
CUST_05456,18,Male,46,234,119,15574.4,0,0
CUST_05457,54,Male,65,250,33,1395.17,5,0
CUST_05458,39,Female,66,240,45,2813.87,0,0
CUST_05459,23,Female,26,104,25,2633.93,2,0
CUST_05460,38,Male,31,211,37,942.77,3,0
CUST_05461,49,Male,51,225,36,4508.91,9,1
CUST_05462,52,Male,41,279,35,3862.03,4,0
CUST_05463,32,Male,51,166,19,954.56,6,0
CUST_05464,22,Female,19,301,45,3055.15,1,0
CUST_05465,63,Female,3,46,112,11055.46,5,0
CUST_05466,67,Male,38,2,83,11850.06,3,0
CUST_05467,65,Female,70,176,97,9695.17,5,0
CUST_05468,23,Female,45,273,18,884.89,6,1
CUST_05469,42,Female,71,118,27,2163.7,6,0
CUST_05470,63,Female,41,272,94,7115.61,4,0
CUST_05471,57,Female,25,173,31,2693.96,6,0
CUST_05472,46,Female,50,304,39,3317.79,2,0
CUST_05473,24,Male,1,152,67,4297.85,9,0
CUST_05474,57,Female,54,351,22,2919.32,4,0
CUST_05475,30,Female,13,193,52,3097.38,4,0
CUST_05476,55,Male,40,92,10,865.44,1,0
CUST_05477,35,Male,21,161,117,5875.33,3,0
CUST_05478,19,Male,41,106,8,589.59,1,0
CUST_05479,25,Female,61,229,34,3637.58,8,1
CUST_05480,28,Female,33,103,106,12434.92,8,0
CUST_05481,50,Female,29,132,53,6563.52,0,0
CUST_05482,55,Male,55,257,18,2060.48,1,0
CUST_05483,65,Female,32,289,12,936.14,7,1
CUST_05484,44,Male,11,101,110,2206.41,2,0
CUST_05485,37,Female,52,301,64,5491.61,2,0
CUST_05486,29,Male,36,21,57,1279.38,9,0
CUST_05487,60,Female,31,249,96,13965.19,5,0
CUST_05488,48,Female,14,192,2,132.05,4,0
CUST_05489,44,Female,63,73,17,1410.93,3,0
CUST_05490,49,Female,52,313,52,1689.42,6,0
CUST_05491,27,Female,54,168,76,11356.12,0,0
CUST_05492,20,Male,50,62,71,5782.75,0,0
CUST_05493,62,Female,54,171,79,4366.26,0,0
CUST_05494,44,Female,35,121,2,82.12,7,0
CUST_05495,52,Male,30,216,27,2774.0,8,0
CUST_05496,48,Female,55,174,26,1921.41,2,0
CUST_05497,32,Female,1,24,25,1445.99,0,0
CUST_05498,33,Female,15,138,12,195.62,8,1
CUST_05499,30,Female,25,99,17,338.53,2,0
CUST_05500,66,Female,20,324,65,7061.46,8,1
CUST_05501,52,Female,71,57,95,7587.93,3,0
CUST_05502,69,Female,16,247,40,5184.01,0,0
CUST_05503,28,Female,52,172,5,583.63,4,0
CUST_05504,38,Female,65,201,92,8502.13,6,0
CUST_05505,68,Male,70,331,28,2540.55,5,0
CUST_05506,28,Male,1,107,72,8324.75,3,0
CUST_05507,47,Male,16,48,118,13576.72,9,0
CUST_05508,65,Female,27,333,52,3128.31,7,0
CUST_05509,52,Female,18,286,14,409.05,9,1
CUST_05510,39,Female,44,46,6,715.18,9,0
CUST_05511,55,Female,50,120,18,812.15,0,0
CUST_05512,48,Male,14,60,37,4507.37,3,0
CUST_05513,31,Male,52,147,74,7284.74,6,0
CUST_05514,41,Female,50,104,64,4052.78,5,0
CUST_05515,67,Male,17,68,111,14436.32,0,0
CUST_05516,66,Male,3,162,99,10722.47,4,0
CUST_05517,49,Female,62,215,35,3100.64,5,0
CUST_05518,53,Male,21,118,17,945.57,9,1
CUST_05519,49,Female,33,237,110,16296.27,8,1
CUST_05520,32,Male,1,218,91,11666.47,4,0
CUST_05521,60,Female,70,124,88,2942.52,4,0
CUST_05522,52,Male,56,117,10,1238.41,7,0
CUST_05523,20,Male,4,263,51,1592.5,5,1
CUST_05524,33,Female,22,338,112,5425.95,9,0
CUST_05525,22,Female,58,170,81,11685.81,7,0
CUST_05526,38,Female,44,196,52,6886.73,5,0
CUST_05527,27,Male,57,309,109,10552.34,8,0
CUST_05528,36,Male,40,150,64,7000.47,7,0
CUST_05529,42,Female,56,246,33,894.21,7,0
CUST_05530,21,Male,63,282,97,5807.44,0,0
CUST_05531,46,Male,39,191,17,994.96,3,0
CUST_05532,36,Female,7,174,82,1591.64,1,0
CUST_05533,60,Male,14,81,49,5392.63,6,0
CUST_05534,19,Male,18,172,108,6104.14,9,0
CUST_05535,27,Male,55,164,102,10247.69,5,0
CUST_05536,60,Female,56,297,7,130.73,6,0
CUST_05537,42,Male,57,111,113,1720.07,4,0
CUST_05538,37,Female,58,207,90,3415.58,2,0
CUST_05539,65,Male,25,338,112,12307.65,3,0
CUST_05540,36,Female,70,70,65,6276.6,9,0
CUST_05541,40,Male,3,98,62,2611.59,0,0
CUST_05542,41,Female,21,5,75,6424.16,4,0
CUST_05543,28,Female,32,185,10,985.95,5,0
CUST_05544,63,Female,2,204,31,4394.48,6,1
CUST_05545,51,Female,20,12,25,2948.19,7,0
CUST_05546,45,Female,18,239,57,1900.24,4,0
CUST_05547,22,Male,54,331,65,3346.27,0,0
CUST_05548,22,Female,36,280,43,2987.24,4,0
CUST_05549,68,Female,61,115,3,87.64,0,0
CUST_05550,38,Female,60,210,55,4948.52,7,0
CUST_05551,29,Male,36,319,48,6597.96,1,0
CUST_05552,67,Female,44,133,65,3663.46,1,0
CUST_05553,21,Male,68,223,71,10502.83,5,0
CUST_05554,66,Female,66,345,107,5206.39,8,0
CUST_05555,59,Male,44,181,113,8899.42,4,0
CUST_05556,37,Male,29,28,115,7050.62,5,0
CUST_05557,55,Female,48,193,60,3395.73,2,0
CUST_05558,42,Female,36,301,14,924.18,8,1
CUST_05559,31,Female,8,256,87,1685.68,3,0
CUST_05560,28,Female,5,111,112,9724.0,5,0
CUST_05561,49,Female,47,194,81,9322.31,3,0
CUST_05562,28,Female,43,124,14,1842.57,5,0
CUST_05563,35,Female,10,91,9,529.09,0,0
CUST_05564,44,Female,10,136,85,7590.89,0,0
CUST_05565,35,Male,6,283,45,6098.74,0,0
CUST_05566,40,Male,16,229,2,245.97,9,0
CUST_05567,28,Female,60,145,116,9007.41,1,0
CUST_05568,38,Female,26,242,32,1192.14,6,1
CUST_05569,61,Male,21,31,8,722.97,2,0
CUST_05570,22,Male,58,261,36,5349.92,0,0
CUST_05571,40,Female,41,60,90,10553.63,7,0
CUST_05572,58,Male,30,89,37,4790.87,7,0
CUST_05573,42,Female,5,101,15,607.24,3,0
CUST_05574,58,Female,10,298,34,4658.86,6,0
CUST_05575,27,Male,11,279,21,355.04,1,0
CUST_05576,39,Female,63,121,87,11431.68,5,0
CUST_05577,36,Female,7,243,9,425.53,8,1
CUST_05578,18,Female,59,77,40,3962.65,6,0
CUST_05579,24,Male,12,273,26,1418.61,5,1
CUST_05580,21,Male,64,58,107,3559.35,9,0
CUST_05581,18,Female,41,247,22,1063.88,1,0
CUST_05582,32,Male,60,96,13,1024.99,3,0
CUST_05583,57,Male,28,45,25,3478.86,5,0
CUST_05584,29,Male,63,291,71,4793.6,4,0
CUST_05585,39,Male,3,258,115,2592.37,4,0
CUST_05586,39,Male,32,303,91,1656.99,3,0
CUST_05587,67,Male,21,259,15,649.99,7,1
CUST_05588,64,Female,55,246,76,1673.82,7,0
CUST_05589,34,Female,18,240,45,2929.61,4,0
CUST_05590,46,Male,53,128,97,6486.79,6,1
CUST_05591,63,Female,61,202,21,3071.02,1,0
CUST_05592,31,Male,50,276,89,5014.41,2,0
CUST_05593,67,Female,8,207,40,3834.24,9,1
CUST_05594,37,Male,12,40,47,5900.44,8,0
CUST_05595,67,Male,51,321,86,7246.2,6,0
CUST_05596,65,Female,66,346,61,6651.27,5,0
CUST_05597,50,Male,41,319,14,2051.59,6,1
CUST_05598,60,Female,22,56,72,4230.76,5,0
CUST_05599,32,Male,9,160,88,2201.62,1,0
CUST_05600,29,Male,11,322,67,4897.2,2,0
CUST_05601,57,Female,13,96,76,6686.9,4,0
CUST_05602,37,Female,56,116,47,4385.01,1,0
CUST_05603,47,Male,28,212,86,9864.71,2,0
CUST_05604,55,Male,64,87,16,2179.86,6,0
CUST_05605,20,Male,64,307,71,5859.08,1,0
CUST_05606,45,Female,70,268,18,618.48,5,0
CUST_05607,43,Female,55,44,45,3125.71,9,0
CUST_05608,47,Male,37,83,23,827.42,4,0
CUST_05609,30,Female,33,211,26,1029.88,2,0
CUST_05610,30,Male,25,346,102,1553.41,7,1
CUST_05611,19,Male,23,9,66,9273.74,5,0
CUST_05612,54,Male,60,157,2,231.22,8,0
CUST_05613,66,Female,56,348,22,627.82,0,0
CUST_05614,55,Male,63,189,115,16009.65,2,0
CUST_05615,19,Female,8,320,38,5034.94,9,1
CUST_05616,53,Female,17,131,42,5789.08,7,1
CUST_05617,43,Male,57,215,28,787.85,0,0
CUST_05618,28,Male,62,115,63,1624.49,7,0
CUST_05619,25,Male,11,123,17,410.45,9,1
CUST_05620,61,Female,67,358,115,16736.47,4,1
CUST_05621,57,Female,40,333,112,11666.31,7,0
CUST_05622,60,Male,40,319,82,3200.26,9,1
CUST_05623,39,Male,56,364,59,8285.76,6,1
CUST_05624,37,Male,53,192,115,8605.14,8,0
CUST_05625,25,Male,28,148,2,242.07,6,1
CUST_05626,46,Female,42,28,99,9987.66,3,0
CUST_05627,57,Male,46,124,79,8113.57,0,0
CUST_05628,43,Male,18,77,79,5874.71,1,0
CUST_05629,47,Female,23,75,108,7378.37,1,0
CUST_05630,34,Male,26,358,116,4275.68,0,0
CUST_05631,37,Female,29,186,109,2676.54,9,0
CUST_05632,69,Male,52,39,119,16693.18,6,0
CUST_05633,33,Female,46,234,98,13861.53,3,0
CUST_05634,63,Male,1,248,50,5078.76,9,1
CUST_05635,60,Female,63,329,15,1010.82,6,1
CUST_05636,24,Male,16,131,18,330.97,7,1
CUST_05637,33,Female,25,5,77,5808.39,5,0
CUST_05638,62,Male,62,348,38,3950.54,7,1
CUST_05639,64,Female,16,259,8,444.31,1,0
CUST_05640,65,Male,69,245,80,4898.32,0,0
CUST_05641,44,Female,70,350,20,1575.27,8,1
CUST_05642,40,Female,34,78,60,4908.83,8,0
CUST_05643,41,Female,53,336,26,2997.46,8,0
CUST_05644,26,Female,23,115,35,2886.37,3,0
CUST_05645,52,Male,43,4,81,10458.08,8,0
CUST_05646,68,Male,44,131,26,2084.55,8,0
CUST_05647,37,Female,32,227,18,347.55,4,0
CUST_05648,54,Male,23,128,44,1499.95,0,0
CUST_05649,59,Male,20,9,7,783.66,7,0
CUST_05650,34,Male,19,324,108,8208.14,0,0
CUST_05651,64,Male,29,118,35,2704.25,2,0
CUST_05652,48,Female,18,344,12,1764.37,2,0
CUST_05653,25,Female,69,188,111,10228.35,4,0
CUST_05654,32,Female,12,139,113,3478.62,4,0
CUST_05655,48,Male,10,125,44,3236.5,4,0
CUST_05656,47,Female,37,223,41,3721.94,3,0
CUST_05657,63,Female,55,328,54,1083.12,0,0
CUST_05658,37,Female,4,306,1,64.22,3,0
CUST_05659,56,Female,63,259,25,3641.39,9,0
CUST_05660,29,Female,12,67,80,9314.07,7,0
CUST_05661,66,Male,18,85,15,978.61,4,0
CUST_05662,34,Male,8,62,75,3778.88,6,0
CUST_05663,59,Male,32,14,101,5375.78,0,0
CUST_05664,47,Female,49,122,103,13064.1,4,0
CUST_05665,46,Female,63,279,3,207.66,9,0
CUST_05666,36,Female,59,123,45,5797.29,7,0
CUST_05667,63,Female,67,77,45,6195.62,4,0
CUST_05668,28,Female,39,272,51,3961.01,0,0
CUST_05669,51,Female,50,146,42,5989.69,1,0
CUST_05670,67,Female,71,269,39,2164.24,5,0
CUST_05671,24,Male,26,56,20,1002.06,1,0
CUST_05672,61,Male,23,218,117,3449.83,8,1
CUST_05673,51,Male,63,173,87,4191.97,8,0
CUST_05674,37,Male,66,40,79,9425.35,1,0
CUST_05675,67,Female,39,359,18,1251.2,0,0
CUST_05676,55,Male,66,159,116,4060.23,6,0
CUST_05677,41,Female,46,360,39,1148.52,6,1
CUST_05678,27,Male,15,32,99,8037.08,2,0
CUST_05679,49,Male,16,248,29,2546.57,1,0
CUST_05680,69,Female,16,129,20,2445.3,8,1
CUST_05681,32,Female,39,291,42,4682.96,8,1
CUST_05682,54,Male,11,36,79,2967.28,5,0
CUST_05683,37,Female,36,348,96,5028.46,6,0
CUST_05684,20,Male,18,66,12,1303.9,1,0
CUST_05685,54,Female,23,285,112,4410.26,5,1
CUST_05686,57,Female,49,157,56,6912.38,5,0
CUST_05687,25,Male,42,43,115,11930.48,7,0
CUST_05688,57,Female,44,275,12,1048.87,8,1
CUST_05689,61,Female,1,121,89,9075.73,1,0
CUST_05690,40,Female,7,192,53,1508.47,6,0
CUST_05691,57,Female,48,354,98,8720.33,8,0
CUST_05692,28,Male,16,31,8,607.4,5,0
CUST_05693,63,Female,48,357,58,4886.52,6,0
CUST_05694,25,Female,43,19,24,1454.04,8,0
CUST_05695,46,Female,51,285,109,8524.22,9,0
CUST_05696,47,Male,66,73,61,8188.56,3,0
CUST_05697,27,Female,31,76,1,61.56,1,0
CUST_05698,56,Female,39,188,89,1874.9,1,0
CUST_05699,45,Female,9,179,98,4863.25,0,0
CUST_05700,66,Male,41,338,78,5954.45,8,1
CUST_05701,53,Male,63,306,100,8702.12,9,1
CUST_05702,30,Male,14,137,70,5086.55,3,0
CUST_05703,49,Male,58,162,45,5696.67,4,0
CUST_05704,53,Female,64,290,9,1246.94,3,0
CUST_05705,54,Female,28,47,112,9040.43,3,0
CUST_05706,43,Female,4,24,1,25.24,5,0
CUST_05707,39,Female,34,336,73,5243.83,5,0
CUST_05708,21,Male,4,284,24,947.21,0,0
CUST_05709,48,Male,70,174,60,3196.32,0,0
CUST_05710,35,Female,58,307,103,13126.47,6,0
CUST_05711,55,Female,4,262,82,7155.68,0,0
CUST_05712,41,Female,50,230,48,6089.27,0,0
CUST_05713,40,Male,5,191,39,5774.32,5,0
CUST_05714,39,Female,45,118,18,1594.91,7,0
CUST_05715,19,Male,35,53,105,14506.32,6,0
CUST_05716,48,Female,27,192,92,9868.65,5,0
CUST_05717,28,Female,2,60,52,1494.77,6,0
CUST_05718,45,Female,54,11,2,142.83,1,0
CUST_05719,63,Male,48,260,101,10499.65,5,0
CUST_05720,49,Female,49,270,105,11572.08,8,0
CUST_05721,22,Male,1,141,36,4722.84,3,0
CUST_05722,55,Male,33,143,48,4849.65,1,0
CUST_05723,27,Female,35,113,117,3178.03,8,0
CUST_05724,57,Male,54,264,88,3012.22,7,0
CUST_05725,63,Female,56,344,35,2076.32,7,1
CUST_05726,41,Male,15,11,70,3828.71,6,0
CUST_05727,52,Female,69,99,81,3638.25,7,0
CUST_05728,61,Female,4,23,94,9243.49,2,0
CUST_05729,65,Male,64,239,115,8396.25,5,0
CUST_05730,40,Female,22,109,72,7738.09,6,0
CUST_05731,34,Female,24,263,42,2824.11,4,0
CUST_05732,18,Female,47,325,74,3848.08,1,0
CUST_05733,48,Female,6,160,80,7145.09,9,1
CUST_05734,48,Female,27,220,38,1066.38,6,1
CUST_05735,59,Male,10,172,26,3860.19,1,0
CUST_05736,59,Male,39,94,31,3208.81,8,0
CUST_05737,51,Male,37,122,52,1637.58,8,1
CUST_05738,26,Female,54,300,60,5941.51,9,1
CUST_05739,39,Female,51,197,8,200.39,5,0
CUST_05740,30,Female,60,51,61,5083.77,3,0
CUST_05741,42,Female,51,317,35,1899.33,9,1
CUST_05742,65,Female,62,307,34,3726.5,3,0
CUST_05743,35,Male,49,20,10,807.55,4,0
CUST_05744,68,Male,51,30,40,4843.72,6,0
CUST_05745,29,Female,28,300,108,4969.87,7,1
CUST_05746,57,Male,36,86,52,5386.38,9,0
CUST_05747,34,Female,25,230,12,1294.3,7,0
CUST_05748,32,Male,36,157,105,8343.8,6,0
CUST_05749,59,Male,60,181,27,3533.52,5,0
CUST_05750,32,Female,7,112,19,661.15,1,0
CUST_05751,32,Male,65,139,57,6690.99,7,0
CUST_05752,56,Female,36,10,90,2953.65,3,0
CUST_05753,30,Male,30,291,54,1953.83,7,1
CUST_05754,34,Female,47,238,15,633.01,4,0
CUST_05755,49,Female,29,132,95,9903.31,2,0
CUST_05756,26,Female,5,330,110,11139.34,5,1
CUST_05757,57,Female,65,185,37,2782.2,1,0
CUST_05758,37,Male,69,295,61,3504.61,5,0
CUST_05759,43,Male,63,208,18,1759.04,5,0
CUST_05760,44,Male,56,250,93,3205.29,0,0
CUST_05761,38,Female,17,350,44,4394.23,9,1
CUST_05762,35,Female,51,323,91,1511.83,4,0
CUST_05763,30,Male,37,89,102,3519.34,4,0
CUST_05764,33,Female,9,358,84,9287.88,7,1
CUST_05765,26,Male,38,362,21,2792.71,6,0
CUST_05766,29,Male,53,36,29,730.97,8,0
CUST_05767,61,Female,13,4,107,10831.99,9,0
CUST_05768,55,Male,53,234,15,350.36,2,0
CUST_05769,36,Male,49,330,86,11494.84,0,0
CUST_05770,24,Female,70,269,87,5905.1,6,0
CUST_05771,52,Female,35,70,68,7824.0,8,0
CUST_05772,65,Male,16,7,88,3372.3,9,0
CUST_05773,35,Female,13,156,64,8402.07,9,0
CUST_05774,33,Female,11,293,14,1021.13,6,1
CUST_05775,56,Male,2,286,37,1598.24,9,1
CUST_05776,21,Female,19,360,119,10981.4,6,1
CUST_05777,42,Male,45,74,54,2910.7,9,0
CUST_05778,49,Male,46,12,59,3171.36,5,0
CUST_05779,57,Male,47,337,59,1797.35,4,0
CUST_05780,30,Female,49,112,85,3729.47,4,0
CUST_05781,62,Male,42,30,55,6749.14,7,0
CUST_05782,34,Male,33,36,43,3684.37,8,0
CUST_05783,66,Male,41,344,52,3271.68,3,1
CUST_05784,54,Male,69,230,39,5478.15,9,0
CUST_05785,23,Female,19,277,77,9443.84,0,0
CUST_05786,36,Male,39,106,19,1080.85,4,0
CUST_05787,30,Female,7,288,56,1677.14,3,0
CUST_05788,43,Female,39,250,90,3589.75,3,0
CUST_05789,31,Female,34,63,36,3821.32,0,0
CUST_05790,48,Female,44,44,52,4732.73,2,0
CUST_05791,21,Male,69,149,44,6485.82,2,0
CUST_05792,56,Male,68,46,46,773.8,7,0
CUST_05793,25,Female,63,175,97,12936.61,5,0
CUST_05794,42,Male,71,154,40,677.05,5,0
CUST_05795,30,Female,48,261,80,5787.4,5,0
CUST_05796,49,Male,3,133,53,7353.19,7,1
CUST_05797,55,Male,34,287,57,5921.51,4,0
CUST_05798,55,Male,9,156,19,1781.16,2,0
CUST_05799,45,Male,61,333,101,5789.56,0,0
CUST_05800,47,Female,20,241,78,11343.32,7,1
CUST_05801,20,Male,40,331,44,1659.25,9,1
CUST_05802,45,Female,12,127,108,5554.96,3,0
CUST_05803,20,Female,28,193,94,7158.01,2,0
CUST_05804,62,Female,48,269,95,3044.79,7,0
CUST_05805,51,Male,7,122,20,1443.58,9,0
CUST_05806,33,Female,14,146,44,893.7,6,1
CUST_05807,39,Male,19,152,43,6009.51,7,0
CUST_05808,49,Female,54,157,111,6492.25,1,0
CUST_05809,55,Male,60,156,7,703.94,7,0
CUST_05810,25,Male,67,102,42,5565.89,3,0
CUST_05811,25,Female,34,340,62,7779.39,1,0
CUST_05812,23,Female,41,252,101,13423.68,3,0
CUST_05813,31,Male,31,267,111,12458.83,7,0
CUST_05814,49,Male,39,307,2,82.31,5,1
CUST_05815,52,Female,52,59,86,5545.63,2,0
CUST_05816,27,Female,47,340,77,6477.57,6,1
CUST_05817,20,Male,20,105,46,2782.46,5,0
CUST_05818,29,Female,52,269,116,16698.96,4,0
CUST_05819,66,Female,71,47,38,4709.07,5,0
CUST_05820,48,Female,62,88,95,11671.56,2,0
CUST_05821,46,Female,5,171,1,63.75,4,0
CUST_05822,22,Male,57,152,47,5494.45,2,0
CUST_05823,69,Female,4,176,107,10474.99,1,0
CUST_05824,42,Male,11,319,13,853.5,1,0
CUST_05825,58,Male,19,145,60,3397.07,1,0
CUST_05826,48,Female,27,325,81,9840.91,9,1
CUST_05827,38,Male,29,310,64,6116.35,3,0
CUST_05828,37,Female,18,222,68,1359.62,1,0
CUST_05829,56,Male,37,15,55,986.12,3,0
CUST_05830,39,Male,61,138,107,13767.27,8,0
CUST_05831,21,Female,47,250,31,840.89,2,0
CUST_05832,30,Male,20,150,119,10128.55,4,0
CUST_05833,62,Male,70,351,97,9425.45,1,0
CUST_05834,59,Female,49,269,14,1941.17,6,0
CUST_05835,67,Male,15,81,85,7179.19,9,0
CUST_05836,66,Male,18,65,86,3542.67,4,0
CUST_05837,37,Female,38,142,5,250.95,6,0
CUST_05838,69,Male,22,300,119,2569.87,2,0
CUST_05839,30,Female,60,247,54,2428.8,5,0
CUST_05840,34,Male,66,193,53,6627.33,2,0
CUST_05841,53,Male,26,283,37,4335.61,0,0
CUST_05842,50,Male,64,254,96,2501.98,7,0
CUST_05843,18,Male,58,173,57,4545.5,8,0
CUST_05844,32,Male,3,313,3,167.24,4,0
CUST_05845,30,Male,30,278,105,10788.02,0,0
CUST_05846,34,Male,19,290,77,11148.13,1,0
CUST_05847,41,Male,10,306,11,1101.57,7,1
CUST_05848,25,Female,46,310,114,13186.32,6,0
CUST_05849,67,Female,19,186,42,2887.39,3,1
CUST_05850,44,Male,58,356,55,1067.71,2,0
CUST_05851,62,Female,6,224,38,2714.85,3,0
CUST_05852,40,Female,51,62,24,2014.98,4,0
CUST_05853,63,Female,14,84,9,733.61,3,0
CUST_05854,25,Female,58,27,13,604.87,8,0
CUST_05855,25,Female,8,320,86,6804.66,0,0
CUST_05856,43,Male,2,131,18,2014.72,0,0
CUST_05857,64,Female,18,127,10,570.49,9,1
CUST_05858,30,Female,57,11,111,11165.53,6,0
CUST_05859,56,Male,35,280,12,428.24,2,0
CUST_05860,54,Male,66,285,116,6094.2,3,0
CUST_05861,66,Female,56,197,94,12627.05,0,0
CUST_05862,45,Female,43,225,47,4680.92,1,0
CUST_05863,42,Male,8,264,110,2924.72,4,0
CUST_05864,33,Male,5,275,83,4210.26,3,0
CUST_05865,19,Female,13,68,83,12382.34,2,0
CUST_05866,35,Male,7,233,117,6021.31,1,0
CUST_05867,34,Female,21,99,10,933.69,0,0
CUST_05868,47,Male,37,222,1,89.3,0,0
CUST_05869,56,Male,45,124,57,3951.19,0,0
CUST_05870,30,Male,52,304,116,2268.96,6,0
CUST_05871,49,Male,48,102,71,3790.37,0,0
CUST_05872,67,Male,62,320,119,17100.56,1,0
CUST_05873,46,Female,51,264,119,2093.3,1,0
CUST_05874,63,Female,4,230,11,1227.79,7,1
CUST_05875,47,Male,56,123,53,7182.62,4,0
CUST_05876,35,Female,34,227,4,471.69,3,0
CUST_05877,30,Female,45,228,100,5863.87,2,0
CUST_05878,60,Male,16,153,61,5201.05,7,0
CUST_05879,38,Male,9,309,85,11230.11,9,1
CUST_05880,47,Male,16,305,86,12615.06,5,1
CUST_05881,38,Female,31,328,10,280.99,6,0
CUST_05882,65,Female,13,149,87,2765.49,4,0
CUST_05883,34,Male,5,307,5,720.17,4,1
CUST_05884,57,Female,47,9,61,8101.06,9,0
CUST_05885,36,Male,39,320,112,4871.46,7,1
CUST_05886,69,Male,18,224,76,11093.27,0,0
CUST_05887,32,Male,20,23,30,1296.46,2,0
CUST_05888,26,Female,2,192,57,1536.12,6,1
CUST_05889,69,Male,40,227,33,3532.8,2,0
CUST_05890,27,Female,30,54,37,3251.28,8,0
CUST_05891,61,Male,10,92,82,3883.09,1,0
CUST_05892,48,Male,64,15,68,9541.59,0,0
CUST_05893,40,Female,42,308,91,6331.09,6,0
CUST_05894,69,Female,53,179,111,7702.56,8,0
CUST_05895,47,Female,53,4,23,2306.82,3,0
CUST_05896,50,Female,40,101,70,3231.01,8,0
CUST_05897,69,Female,16,130,7,659.57,2,0
CUST_05898,26,Male,48,7,19,1218.62,7,0
CUST_05899,64,Male,61,184,110,11970.88,8,0
CUST_05900,18,Female,38,331,15,726.61,4,0
CUST_05901,61,Female,44,332,117,4684.37,4,1
CUST_05902,52,Female,15,35,112,5457.18,4,0
CUST_05903,28,Male,61,232,86,12156.2,8,0
CUST_05904,51,Male,7,154,32,4148.67,8,0
CUST_05905,33,Female,30,64,79,10025.2,2,0
CUST_05906,26,Male,36,247,59,7103.23,3,0
CUST_05907,49,Male,11,56,70,7069.18,5,0
CUST_05908,32,Male,70,229,70,1979.87,7,0
CUST_05909,29,Male,29,311,6,352.97,1,0
CUST_05910,50,Female,6,253,76,6904.77,3,0
CUST_05911,62,Female,51,293,66,1932.23,4,0
CUST_05912,31,Male,38,52,89,1696.85,5,0
CUST_05913,25,Male,22,15,4,110.45,0,0
CUST_05914,25,Female,54,342,119,3521.14,5,0
CUST_05915,44,Male,40,340,70,2085.14,9,1
CUST_05916,29,Female,7,363,57,2318.38,6,1
CUST_05917,18,Female,40,180,106,8732.07,8,1
CUST_05918,60,Female,24,77,61,3265.69,7,0
CUST_05919,57,Female,41,215,115,15078.56,2,0
CUST_05920,59,Male,51,223,56,7463.61,4,0
CUST_05921,68,Female,39,154,101,14062.61,0,0
CUST_05922,28,Male,43,45,102,8017.86,8,0
CUST_05923,56,Male,69,352,14,1672.94,9,1
CUST_05924,60,Male,59,21,111,10520.88,6,0
CUST_05925,48,Male,25,81,83,2862.69,2,0
CUST_05926,34,Male,25,53,115,11594.22,5,0
CUST_05927,50,Male,24,157,7,895.98,9,1
CUST_05928,49,Female,62,147,54,3346.49,0,0
CUST_05929,46,Female,43,182,82,9495.7,2,0
CUST_05930,38,Male,59,78,58,6934.47,0,0
CUST_05931,38,Female,54,119,61,6214.91,6,0
CUST_05932,57,Male,26,359,108,14498.14,2,1
CUST_05933,40,Female,54,343,72,2487.66,4,0
CUST_05934,23,Male,61,105,28,3608.11,4,0
CUST_05935,39,Female,44,2,85,8283.14,8,0
CUST_05936,67,Male,9,115,55,7178.29,0,0
CUST_05937,55,Female,42,32,99,8604.24,2,0
CUST_05938,54,Male,29,358,111,6579.52,3,0
CUST_05939,62,Male,58,62,74,10072.96,3,0
CUST_05940,68,Male,63,97,53,7072.82,7,0
CUST_05941,25,Male,49,135,92,4704.56,7,0
CUST_05942,58,Female,11,98,83,9582.73,3,0
CUST_05943,66,Female,54,215,44,1202.29,9,0
CUST_05944,52,Male,30,84,99,2634.1,8,0
CUST_05945,68,Female,66,157,28,2353.11,8,0
CUST_05946,28,Male,65,107,46,912.08,2,0
CUST_05947,41,Female,58,357,49,3604.28,8,1
CUST_05948,66,Male,57,131,67,8157.31,7,0
CUST_05949,38,Female,37,22,103,13913.13,3,0
CUST_05950,68,Male,54,84,27,1333.68,9,1
CUST_05951,19,Female,69,89,81,2056.78,4,0
CUST_05952,57,Male,24,226,79,7910.93,1,0
CUST_05953,36,Female,63,106,116,5887.28,6,0
CUST_05954,56,Female,51,349,106,1925.54,1,0
CUST_05955,45,Male,15,359,39,1275.76,0,0
CUST_05956,34,Female,47,101,86,12184.31,9,0
CUST_05957,23,Female,46,296,84,11183.37,4,0
CUST_05958,36,Female,30,148,27,3428.96,7,0
CUST_05959,55,Female,20,230,35,2129.01,3,1
CUST_05960,45,Female,57,87,118,13152.35,0,0
CUST_05961,19,Female,49,11,47,6777.26,3,0
CUST_05962,55,Female,56,136,52,4764.42,8,0
CUST_05963,54,Male,56,93,69,4137.79,7,0
CUST_05964,68,Female,25,292,66,8112.03,8,1
CUST_05965,69,Female,9,153,41,2996.92,6,0
CUST_05966,21,Female,22,354,50,4647.07,5,1
CUST_05967,39,Male,37,96,45,3962.86,5,0
CUST_05968,43,Male,28,62,20,887.03,0,0
CUST_05969,66,Female,14,361,71,1071.4,2,0
CUST_05970,60,Female,30,87,36,5394.34,1,0
CUST_05971,53,Male,39,211,72,5131.6,6,0
CUST_05972,30,Male,57,83,91,4851.69,9,0
CUST_05973,69,Male,5,227,70,8287.58,5,0
CUST_05974,49,Female,12,12,24,2279.78,2,0
CUST_05975,34,Male,35,359,36,4819.04,3,1
CUST_05976,58,Female,41,153,5,602.24,0,0
CUST_05977,53,Female,63,5,84,4455.26,3,0
CUST_05978,63,Female,42,76,119,11299.4,1,0
CUST_05979,36,Male,65,4,20,1657.3,4,0
CUST_05980,52,Female,65,83,53,7628.62,8,0
CUST_05981,63,Female,43,362,105,4970.91,8,1
CUST_05982,57,Male,60,35,40,2132.71,0,0
CUST_05983,45,Female,20,242,98,13647.27,5,0
CUST_05984,18,Female,63,144,103,7910.86,1,0
CUST_05985,59,Female,24,80,50,3836.47,0,0
CUST_05986,35,Female,35,75,74,9783.4,8,0
CUST_05987,65,Male,41,299,67,3682.78,1,0
CUST_05988,57,Male,16,284,113,12326.17,5,0
CUST_05989,50,Male,6,215,98,11015.75,5,0
CUST_05990,29,Female,20,246,35,2615.33,2,0
CUST_05991,25,Female,56,238,64,3845.42,5,0
CUST_05992,41,Male,8,337,37,4284.54,3,1
CUST_05993,33,Male,6,19,45,2229.74,7,0
CUST_05994,67,Female,8,74,109,13691.15,3,0
CUST_05995,21,Female,62,55,38,2706.19,6,0
CUST_05996,55,Male,14,83,110,1922.9,9,0
CUST_05997,61,Female,3,164,87,7991.09,1,0
CUST_05998,44,Female,2,318,101,4165.89,5,0
CUST_05999,26,Male,22,363,85,6628.84,9,1
CUST_06000,64,Male,70,167,27,3351.38,4,0
CUST_06001,33,Male,71,116,65,2642.36,0,0
CUST_06002,29,Male,6,297,73,3145.95,4,0
CUST_06003,48,Female,50,188,3,236.91,5,0
CUST_06004,41,Male,44,255,59,4680.33,1,0
CUST_06005,31,Male,8,342,102,7777.03,6,1
CUST_06006,62,Female,24,322,100,10875.66,0,0
CUST_06007,42,Male,27,353,98,5030.17,0,0
CUST_06008,51,Female,53,19,30,1505.14,0,0
CUST_06009,20,Male,51,311,95,1711.78,1,0
CUST_06010,41,Female,28,302,94,6254.21,0,0
CUST_06011,59,Female,59,4,16,662.87,6,0
CUST_06012,26,Male,69,190,29,2751.11,4,0
CUST_06013,43,Female,25,281,70,2762.06,6,0
CUST_06014,37,Male,44,63,78,10589.41,4,0
CUST_06015,57,Female,47,269,74,9591.65,7,0
CUST_06016,27,Female,13,254,88,10410.22,9,1
CUST_06017,36,Male,53,115,100,12415.08,7,0
CUST_06018,20,Female,53,342,24,3469.05,8,1
CUST_06019,41,Male,37,260,7,407.22,2,0
CUST_06020,22,Female,63,2,49,7216.77,1,0
CUST_06021,20,Male,66,67,63,8518.9,6,0
CUST_06022,44,Female,40,286,101,6449.4,6,1
CUST_06023,33,Male,61,132,46,6055.9,2,0
CUST_06024,66,Female,6,48,112,15247.25,1,0
CUST_06025,32,Female,25,43,104,2066.68,9,0
CUST_06026,52,Female,46,93,48,6396.24,1,0
CUST_06027,29,Male,31,141,102,7495.78,2,0
CUST_06028,58,Female,63,47,25,3113.29,7,0
CUST_06029,61,Male,68,231,43,1290.31,7,0
CUST_06030,43,Male,39,224,55,2103.49,0,0
CUST_06031,64,Male,36,284,34,5002.58,8,1
CUST_06032,51,Male,7,37,65,4626.98,4,0
CUST_06033,40,Female,66,28,28,3438.16,4,0
CUST_06034,48,Male,55,158,41,4767.6,1,0
CUST_06035,67,Female,42,222,29,3512.38,4,0
CUST_06036,37,Male,27,9,32,3783.17,5,0
CUST_06037,29,Male,2,70,69,9548.53,6,0
CUST_06038,40,Female,70,342,34,3229.97,0,0
CUST_06039,21,Male,4,66,59,4273.75,2,0
CUST_06040,40,Male,21,95,110,15389.66,3,0
CUST_06041,65,Male,1,181,61,3854.51,6,1
CUST_06042,65,Female,38,70,52,5207.51,7,0
CUST_06043,18,Female,60,234,63,8218.63,4,0
CUST_06044,42,Male,14,261,26,3605.22,6,1
CUST_06045,19,Male,17,20,77,11024.33,1,0
CUST_06046,47,Female,47,358,12,1249.09,7,1
CUST_06047,20,Female,56,358,22,2469.0,1,0
CUST_06048,38,Male,53,186,73,5998.07,2,0
CUST_06049,42,Female,18,305,56,2993.79,2,0
CUST_06050,37,Male,69,64,6,103.11,5,0
CUST_06051,66,Male,48,178,36,1619.12,9,1
CUST_06052,69,Male,9,235,74,10899.79,5,1
CUST_06053,39,Female,54,353,101,12510.02,0,0
CUST_06054,38,Male,35,250,59,4700.52,9,1
CUST_06055,50,Female,46,295,59,3621.7,1,0
CUST_06056,69,Male,1,40,96,2273.9,4,0
CUST_06057,55,Male,41,287,68,1113.06,8,1
CUST_06058,32,Female,32,259,52,6080.53,5,0
CUST_06059,63,Male,40,240,68,10067.56,5,0
CUST_06060,69,Male,11,72,77,3793.55,0,0
CUST_06061,32,Male,62,30,80,4165.0,7,0
CUST_06062,63,Male,46,351,107,15106.38,8,1
CUST_06063,42,Male,48,29,51,4910.2,4,0
CUST_06064,38,Male,43,312,114,4384.95,9,1
CUST_06065,41,Male,51,87,90,1905.09,2,0
CUST_06066,22,Male,61,108,97,8835.03,9,0
CUST_06067,23,Female,42,319,117,8903.14,4,0
CUST_06068,66,Male,26,30,68,4986.63,4,0
CUST_06069,60,Male,11,309,26,3792.12,0,0
CUST_06070,65,Female,25,46,73,3685.66,8,0
CUST_06071,61,Female,40,359,41,3316.03,9,1
CUST_06072,64,Male,25,137,75,3285.11,1,0
CUST_06073,40,Male,52,263,5,292.21,4,0
CUST_06074,21,Female,3,63,53,6274.97,0,0
CUST_06075,44,Male,39,44,38,1582.15,6,0
CUST_06076,35,Female,35,251,116,12333.75,6,1
CUST_06077,38,Female,40,335,96,3120.19,4,0
CUST_06078,45,Female,22,207,93,3787.64,9,1
CUST_06079,52,Male,62,59,102,1847.99,9,0
CUST_06080,39,Female,19,206,104,10411.72,1,0
CUST_06081,57,Female,14,331,92,13679.78,7,1
CUST_06082,40,Female,50,84,53,5492.08,2,0
CUST_06083,20,Male,62,13,88,12289.06,4,0
CUST_06084,57,Female,43,237,56,4819.64,5,0
CUST_06085,67,Female,55,158,19,2029.93,5,0
CUST_06086,27,Female,40,104,118,16513.74,7,0
CUST_06087,42,Female,12,359,65,1731.57,0,0
CUST_06088,69,Male,65,340,69,6600.13,4,0
CUST_06089,66,Female,34,43,87,8064.59,6,0
CUST_06090,25,Male,23,179,53,1032.2,4,0
CUST_06091,28,Female,71,358,19,685.65,7,1
CUST_06092,22,Male,7,264,66,5911.43,1,1
CUST_06093,62,Male,65,243,48,3944.93,4,0
CUST_06094,54,Female,18,37,66,4053.51,3,0
CUST_06095,62,Male,8,362,73,7971.01,2,0
CUST_06096,55,Female,42,353,18,1145.36,1,0
CUST_06097,46,Female,1,346,80,9503.78,7,1
CUST_06098,22,Male,15,364,39,4845.63,3,0
CUST_06099,26,Male,28,250,73,7447.32,9,1
CUST_06100,65,Female,36,120,108,5687.54,9,0
CUST_06101,19,Male,46,192,51,6291.3,3,0
CUST_06102,18,Female,21,295,23,1126.8,3,0
CUST_06103,57,Female,49,62,33,1844.91,8,0
CUST_06104,68,Female,39,210,60,5831.32,6,0
CUST_06105,47,Female,38,295,102,11018.16,9,1
CUST_06106,28,Female,9,52,59,3842.33,2,0
CUST_06107,45,Female,20,210,98,9294.06,4,0
CUST_06108,61,Female,8,313,26,1260.44,3,1
CUST_06109,29,Female,14,279,17,2079.1,0,0
CUST_06110,56,Male,62,202,53,7893.68,3,0
CUST_06111,43,Male,35,139,78,8523.81,6,0
CUST_06112,30,Female,55,340,77,4474.8,4,0
CUST_06113,25,Female,45,19,86,5339.07,5,0
CUST_06114,45,Male,21,321,43,822.2,5,1
CUST_06115,47,Male,53,95,48,4912.26,6,0
CUST_06116,26,Female,54,130,82,7872.23,0,0
CUST_06117,56,Male,43,105,20,2877.39,5,0
CUST_06118,48,Male,6,197,94,6513.09,8,1
CUST_06119,38,Male,55,260,35,4933.07,9,0
CUST_06120,64,Female,44,39,33,3881.9,4,0
CUST_06121,51,Female,68,305,110,5926.85,6,0
CUST_06122,48,Male,4,131,81,1394.69,2,0
CUST_06123,69,Male,63,154,99,11196.83,3,0
CUST_06124,42,Female,58,41,76,6232.53,3,0
CUST_06125,29,Female,54,321,2,289.7,5,0
CUST_06126,18,Female,38,122,34,611.46,2,0
CUST_06127,39,Male,60,244,76,6494.74,2,0
CUST_06128,57,Male,52,245,90,10934.2,9,0
CUST_06129,54,Female,29,144,32,3891.82,4,0
CUST_06130,64,Male,40,186,21,2220.29,1,0
CUST_06131,18,Female,71,35,5,341.2,0,0
CUST_06132,18,Male,8,211,28,674.18,1,0
CUST_06133,59,Male,35,33,87,4849.16,8,0
CUST_06134,59,Male,16,159,48,4939.47,2,0
CUST_06135,38,Female,18,317,96,11432.92,2,0
CUST_06136,32,Male,59,364,69,8648.9,0,0
CUST_06137,34,Male,34,192,99,11830.6,1,0
CUST_06138,39,Male,4,163,70,4109.83,5,0
CUST_06139,55,Male,69,252,83,9022.27,1,0
CUST_06140,52,Male,65,39,108,15749.17,9,0
CUST_06141,62,Male,61,131,40,1337.11,9,0
CUST_06142,33,Male,46,96,6,682.4,7,0
CUST_06143,25,Female,21,141,14,984.86,5,0
CUST_06144,64,Female,38,270,119,5399.52,1,0
CUST_06145,34,Male,60,169,67,3899.78,9,0
CUST_06146,34,Male,36,275,11,412.21,5,0
CUST_06147,43,Female,6,99,39,4877.78,1,0
CUST_06148,30,Male,39,61,41,2759.6,0,0
CUST_06149,34,Male,29,323,24,3397.89,4,1
CUST_06150,55,Female,27,217,43,6254.87,4,0
CUST_06151,34,Female,69,77,109,15845.9,7,0
CUST_06152,65,Male,9,208,82,2953.73,3,0
CUST_06153,31,Male,24,348,95,5867.4,1,0
CUST_06154,62,Female,63,45,74,4210.74,6,0
CUST_06155,23,Male,19,347,26,3628.6,2,0
CUST_06156,52,Female,30,202,29,773.55,2,0
CUST_06157,63,Male,58,210,2,188.93,7,1
CUST_06158,31,Male,40,328,30,2415.76,2,0
CUST_06159,64,Female,68,135,103,15120.03,1,0
CUST_06160,25,Female,32,22,111,16100.04,9,0
CUST_06161,32,Female,65,358,74,5345.75,8,0
CUST_06162,44,Male,34,60,76,5668.5,7,0
CUST_06163,30,Female,31,298,84,5620.63,1,0
CUST_06164,66,Female,59,59,57,6927.68,7,0
CUST_06165,48,Female,26,231,118,3365.88,4,0
CUST_06166,52,Female,22,285,105,3221.38,9,1
CUST_06167,23,Male,34,183,59,6497.88,9,1
CUST_06168,22,Male,13,101,19,327.8,3,0
CUST_06169,39,Female,55,114,54,5701.81,9,0
CUST_06170,66,Female,8,42,70,2266.18,4,0
CUST_06171,40,Male,62,29,23,2786.11,9,0
CUST_06172,42,Male,22,277,83,9532.65,4,0
CUST_06173,51,Female,56,97,95,3762.49,0,0
CUST_06174,43,Female,21,191,33,3867.14,4,0
CUST_06175,64,Female,49,319,66,8030.95,6,0
CUST_06176,22,Male,6,38,79,11056.12,7,0
CUST_06177,43,Female,35,207,11,1240.8,7,1
CUST_06178,37,Male,27,194,90,11891.35,1,0
CUST_06179,23,Male,40,140,18,1819.08,9,0
CUST_06180,23,Male,14,289,65,6463.91,0,0
CUST_06181,67,Female,52,257,32,3397.49,3,0
CUST_06182,35,Female,40,225,4,279.43,2,0
CUST_06183,21,Female,43,28,86,3943.74,7,0
CUST_06184,34,Male,58,190,36,2548.71,5,0
CUST_06185,31,Female,3,245,93,8845.01,4,0
CUST_06186,31,Female,15,334,100,10815.07,8,1
CUST_06187,30,Female,45,315,57,4369.33,5,1
CUST_06188,24,Female,11,49,114,6790.4,5,0
CUST_06189,61,Male,39,301,33,1594.9,0,0
CUST_06190,32,Female,19,204,103,4092.38,8,0
CUST_06191,36,Female,20,115,14,1110.34,1,0
CUST_06192,60,Female,71,20,48,5297.41,0,0
CUST_06193,64,Female,56,85,111,14100.27,6,0
CUST_06194,61,Male,4,253,37,2279.83,4,1
CUST_06195,52,Female,9,52,109,10628.28,5,0
CUST_06196,34,Female,25,148,5,397.45,3,0
CUST_06197,52,Male,47,186,50,7272.27,7,0
CUST_06198,36,Female,49,173,61,8181.51,6,0
CUST_06199,37,Male,27,353,86,11533.19,0,0
CUST_06200,53,Male,28,114,69,6430.26,5,0
CUST_06201,52,Female,62,2,101,7471.21,2,0
CUST_06202,49,Female,16,34,38,3914.03,7,0
CUST_06203,65,Male,46,282,46,1681.44,5,1
CUST_06204,61,Male,46,161,98,13151.73,5,0
CUST_06205,57,Male,40,170,15,774.25,4,0
CUST_06206,41,Male,34,94,112,14182.71,7,0
CUST_06207,34,Male,10,248,37,2046.01,5,0
CUST_06208,24,Male,1,321,27,2307.76,6,1
CUST_06209,60,Male,66,8,112,13356.82,8,0
CUST_06210,67,Female,17,321,1,68.15,5,1
CUST_06211,18,Female,47,110,29,1836.58,5,0
CUST_06212,52,Female,24,32,72,9710.12,8,0
CUST_06213,49,Female,50,51,97,2357.36,5,0
CUST_06214,53,Male,29,168,7,900.25,6,1
CUST_06215,30,Female,13,66,29,4068.9,3,0
CUST_06216,23,Female,64,31,31,2821.83,4,0
CUST_06217,31,Male,28,324,38,4140.33,7,1
CUST_06218,54,Male,5,12,8,1050.36,9,0
CUST_06219,65,Male,9,287,95,7010.65,9,1
CUST_06220,32,Female,14,23,37,4944.55,4,0
CUST_06221,64,Male,10,161,59,3850.06,3,0
CUST_06222,21,Female,33,264,79,4453.52,7,1
CUST_06223,57,Male,40,190,54,7977.53,4,0
CUST_06224,33,Male,6,241,116,2227.78,1,0
CUST_06225,45,Female,17,80,58,3372.16,9,1
CUST_06226,33,Female,36,271,96,7382.81,7,1
CUST_06227,21,Male,70,104,26,1481.2,7,0
CUST_06228,62,Female,61,78,48,2548.42,6,0
CUST_06229,43,Male,49,12,113,7349.73,8,0
CUST_06230,45,Female,69,283,11,756.12,8,0
CUST_06231,49,Female,71,111,23,567.33,3,0
CUST_06232,62,Female,24,260,34,4068.36,6,1
CUST_06233,19,Male,51,310,33,1244.54,0,0
CUST_06234,48,Male,42,351,81,1663.57,0,0
CUST_06235,20,Female,19,196,97,9186.02,2,0
CUST_06236,25,Male,62,340,2,210.52,5,1
CUST_06237,41,Female,67,184,113,13293.06,9,0
CUST_06238,32,Female,30,146,61,1637.9,7,0
CUST_06239,60,Male,38,175,4,152.73,4,0
CUST_06240,48,Female,6,200,12,475.35,2,0
CUST_06241,26,Male,22,188,29,2759.1,1,0
CUST_06242,56,Female,11,106,106,14321.91,9,1
CUST_06243,62,Female,29,73,106,11698.97,7,0
CUST_06244,19,Female,8,272,111,6380.89,8,1
CUST_06245,25,Male,35,214,107,13928.9,6,0
CUST_06246,24,Female,45,186,103,10858.48,5,0
CUST_06247,61,Female,33,140,42,4533.49,9,1
CUST_06248,68,Male,5,167,83,11972.22,1,0
CUST_06249,56,Male,62,143,57,8168.06,1,0
CUST_06250,59,Male,37,72,50,3353.29,5,0
CUST_06251,33,Female,17,344,66,6655.29,8,0
CUST_06252,52,Female,22,147,7,295.91,8,1
CUST_06253,47,Female,32,101,57,4024.66,8,0
CUST_06254,27,Female,14,338,46,2387.89,2,1
CUST_06255,55,Male,20,85,22,1421.07,2,0
CUST_06256,35,Male,22,305,11,1167.98,8,1
CUST_06257,67,Male,30,295,33,1431.64,4,1
CUST_06258,22,Male,54,334,54,2124.6,2,0
CUST_06259,46,Female,33,143,20,1324.21,6,0
CUST_06260,56,Female,5,311,5,141.24,5,1
CUST_06261,51,Female,18,195,68,8491.54,9,0
CUST_06262,60,Male,63,184,14,2021.56,2,0
CUST_06263,62,Female,46,301,3,369.54,5,1
CUST_06264,40,Female,7,67,114,9888.37,9,1
CUST_06265,22,Female,29,222,82,8692.69,8,1
CUST_06266,47,Female,57,262,58,7177.68,1,0
CUST_06267,23,Male,47,326,27,653.69,4,0
CUST_06268,63,Female,9,22,4,285.79,9,0
CUST_06269,61,Female,59,341,67,2305.49,4,0
CUST_06270,21,Female,71,166,64,1744.02,5,0
CUST_06271,46,Male,71,102,91,10688.98,1,0
CUST_06272,40,Male,43,314,92,12037.24,5,0
CUST_06273,23,Male,59,110,86,2262.87,0,0
CUST_06274,49,Female,6,342,42,1643.81,9,1
CUST_06275,59,Female,53,316,29,1299.51,6,0
CUST_06276,35,Male,64,179,80,10455.09,0,0
CUST_06277,32,Female,4,167,35,4841.61,1,0
CUST_06278,57,Male,1,134,19,2247.16,3,0
CUST_06279,49,Male,70,30,116,14211.26,4,0
CUST_06280,26,Female,31,363,94,5758.73,9,1
CUST_06281,54,Female,65,86,79,5539.68,0,0
CUST_06282,27,Male,69,9,69,3647.76,0,0
CUST_06283,37,Male,19,136,31,4475.82,4,0
CUST_06284,23,Female,69,290,43,4869.05,5,0
CUST_06285,65,Male,69,136,95,5802.76,2,0
CUST_06286,20,Female,49,140,73,2432.08,4,0
CUST_06287,59,Female,31,43,77,3180.05,1,0
CUST_06288,28,Male,60,105,107,4552.99,7,0
CUST_06289,60,Male,71,312,21,2057.99,2,0
CUST_06290,34,Female,55,31,110,15058.9,2,0
CUST_06291,49,Female,38,170,95,12565.79,8,1
CUST_06292,21,Female,33,161,65,1586.77,3,0
CUST_06293,21,Male,6,275,105,11625.88,9,1
CUST_06294,34,Female,13,253,77,2898.1,2,0
CUST_06295,58,Male,20,219,34,1934.55,4,0
CUST_06296,36,Female,37,113,61,5393.25,5,0
CUST_06297,22,Female,45,220,36,4626.86,9,1
CUST_06298,49,Male,59,183,80,3756.85,0,0
CUST_06299,39,Female,52,260,74,9839.56,6,0
CUST_06300,23,Male,18,12,102,11647.39,3,0
CUST_06301,52,Female,25,340,41,4347.05,8,1
CUST_06302,39,Male,1,360,34,1120.03,1,1
CUST_06303,18,Female,41,246,25,1975.51,1,0
CUST_06304,37,Male,18,250,57,2972.12,9,1
CUST_06305,39,Female,1,58,65,6135.95,1,0
CUST_06306,65,Female,39,304,76,8051.13,9,1
CUST_06307,28,Female,31,1,22,524.14,9,0
CUST_06308,30,Female,71,361,60,6117.91,7,1
CUST_06309,59,Male,38,203,54,4441.26,1,0
CUST_06310,20,Male,8,44,22,2820.91,3,0
CUST_06311,26,Male,34,319,61,7447.52,9,0
CUST_06312,29,Female,27,95,112,7924.14,0,0
CUST_06313,40,Male,41,294,66,9687.98,3,0
CUST_06314,31,Male,7,9,45,4240.47,5,0
CUST_06315,50,Male,32,262,72,10446.63,5,0
CUST_06316,35,Female,16,326,97,10873.76,2,0
CUST_06317,66,Male,2,253,69,4831.34,8,1
CUST_06318,58,Male,43,308,64,2979.85,4,0
CUST_06319,26,Male,31,323,10,778.3,8,1
CUST_06320,40,Female,47,96,67,9471.56,1,0
CUST_06321,27,Female,33,355,11,358.39,2,0
CUST_06322,36,Male,17,130,118,9102.85,6,0
CUST_06323,64,Female,54,36,94,5811.92,4,0
CUST_06324,22,Male,54,105,28,3698.29,8,0
CUST_06325,64,Male,51,199,5,617.74,1,0
CUST_06326,69,Male,52,291,12,1074.46,8,1
CUST_06327,40,Female,7,30,44,3125.5,7,0
CUST_06328,47,Female,54,93,109,11702.71,4,0
CUST_06329,42,Male,11,236,93,13360.95,0,0
CUST_06330,45,Female,62,361,90,2579.11,9,1
CUST_06331,51,Male,30,195,93,12679.78,0,0
CUST_06332,62,Female,57,256,29,1586.91,6,1
CUST_06333,65,Female,46,356,78,1214.4,1,0
CUST_06334,64,Female,70,359,36,4141.27,0,0
CUST_06335,42,Female,66,31,35,4250.31,2,0
CUST_06336,27,Female,55,25,113,6344.1,1,0
CUST_06337,31,Female,58,303,8,960.72,2,0
CUST_06338,59,Female,10,1,16,1963.72,8,0
CUST_06339,63,Male,4,358,43,4565.14,8,1
CUST_06340,47,Male,62,118,69,1394.94,8,0
CUST_06341,58,Male,43,165,16,1681.62,5,0
CUST_06342,42,Female,42,113,56,7888.99,2,0
CUST_06343,31,Male,24,195,41,4048.44,5,0
CUST_06344,52,Female,5,140,77,4969.17,2,0
CUST_06345,69,Female,68,20,8,728.56,7,0
CUST_06346,65,Female,45,286,54,8050.03,4,1
CUST_06347,51,Male,59,231,90,7091.87,1,0
CUST_06348,27,Female,65,79,5,643.05,4,0
CUST_06349,52,Male,63,128,9,303.32,2,0
CUST_06350,28,Female,67,85,102,2307.74,1,0
CUST_06351,28,Female,49,64,66,4466.22,9,0
CUST_06352,38,Male,32,274,71,2385.55,9,1
CUST_06353,38,Female,50,288,30,1788.64,7,1
CUST_06354,39,Male,58,253,81,9038.2,8,1
CUST_06355,62,Female,52,94,108,8115.21,2,0
CUST_06356,24,Male,23,289,95,5544.57,9,1
CUST_06357,34,Female,30,150,65,8797.95,3,0
CUST_06358,19,Male,70,157,92,1497.11,6,0
CUST_06359,29,Female,71,216,30,3746.81,6,0
CUST_06360,59,Male,30,260,47,4646.95,1,0
CUST_06361,35,Male,37,100,95,2020.79,0,0
CUST_06362,28,Female,48,122,88,1725.75,2,0
CUST_06363,33,Male,32,132,31,1184.4,1,0
CUST_06364,66,Female,70,5,60,8816.99,7,0
CUST_06365,68,Male,35,233,117,3108.77,4,0
CUST_06366,35,Male,68,167,75,8605.91,8,0
CUST_06367,52,Female,32,57,106,7336.78,6,0
CUST_06368,43,Female,59,31,80,3755.77,0,0
CUST_06369,33,Female,35,7,9,833.63,5,0
CUST_06370,23,Female,16,12,94,6082.3,3,0
CUST_06371,61,Male,52,10,76,4322.47,9,0
CUST_06372,60,Male,66,157,54,2556.85,0,0
CUST_06373,64,Male,6,213,111,8525.39,1,0
CUST_06374,64,Female,14,141,61,2311.7,0,0
CUST_06375,65,Female,29,127,64,8320.83,9,0
CUST_06376,59,Male,26,198,80,7590.82,4,0
CUST_06377,29,Male,18,137,97,2278.43,4,0
CUST_06378,30,Male,4,179,6,460.21,3,0
CUST_06379,21,Female,57,88,45,4499.76,0,0
CUST_06380,56,Female,53,267,65,8535.63,0,0
CUST_06381,19,Male,25,164,77,1399.07,6,1
CUST_06382,43,Female,47,249,37,2834.1,9,0
CUST_06383,44,Male,52,1,99,10918.56,8,0
CUST_06384,44,Female,34,277,108,4479.54,6,0
CUST_06385,32,Female,16,172,90,4039.35,3,0
CUST_06386,25,Male,36,356,106,8597.23,3,0
CUST_06387,24,Female,28,262,73,9811.69,8,1
CUST_06388,64,Female,65,142,17,1169.03,5,0
CUST_06389,63,Male,53,93,102,8201.38,9,0
CUST_06390,57,Female,42,129,110,11091.01,1,0
CUST_06391,29,Male,19,136,99,5638.64,0,0
CUST_06392,30,Female,44,111,25,3301.42,5,0
CUST_06393,60,Male,30,44,50,7242.55,0,0
CUST_06394,34,Male,44,211,71,7298.2,2,0
CUST_06395,34,Female,27,343,105,10625.4,5,0
CUST_06396,53,Female,34,359,111,11758.16,4,0
CUST_06397,38,Male,24,361,31,1276.46,8,1
CUST_06398,25,Female,56,331,32,3643.85,5,0
CUST_06399,22,Male,7,247,115,7111.82,2,0
CUST_06400,43,Male,68,232,48,7156.93,9,0
CUST_06401,33,Female,51,292,83,9673.04,3,0
CUST_06402,53,Male,8,170,115,10787.98,4,0
CUST_06403,45,Male,56,234,17,2348.58,3,0
CUST_06404,46,Female,58,8,61,8903.28,2,0
CUST_06405,64,Male,69,302,57,7150.08,8,0
CUST_06406,29,Female,8,100,57,6677.02,8,0
CUST_06407,54,Male,66,253,70,1623.21,4,0
CUST_06408,47,Female,24,308,89,9817.78,0,0
CUST_06409,40,Male,42,282,33,1990.79,0,0
CUST_06410,33,Male,54,291,19,2670.23,6,0
CUST_06411,31,Female,16,188,15,1463.82,2,0
CUST_06412,27,Female,4,123,35,2276.34,7,1
CUST_06413,24,Female,59,132,49,2977.34,5,0
CUST_06414,62,Male,46,236,96,8630.61,5,0
CUST_06415,69,Female,13,221,102,8297.93,5,0
CUST_06416,54,Male,37,62,36,2439.65,5,0
CUST_06417,46,Female,54,320,96,4141.56,2,0
CUST_06418,20,Female,49,178,96,11762.28,5,0
CUST_06419,32,Male,58,220,104,7645.09,2,0
CUST_06420,53,Female,19,171,54,1530.95,4,0
CUST_06421,64,Male,18,82,36,955.06,0,0
CUST_06422,63,Female,60,14,53,2498.72,1,0
CUST_06423,69,Female,17,270,60,5373.06,1,0
CUST_06424,36,Male,11,54,98,3427.75,8,0
CUST_06425,30,Female,15,131,74,3258.02,4,0
CUST_06426,59,Male,17,98,44,3640.12,0,0
CUST_06427,38,Female,5,201,33,1465.12,1,0
CUST_06428,54,Male,61,360,44,5756.9,5,0
CUST_06429,44,Female,4,261,55,5205.81,5,1
CUST_06430,69,Male,56,221,74,1967.41,1,0
CUST_06431,46,Male,48,5,44,1490.92,2,0
CUST_06432,37,Female,48,117,51,2108.77,3,0
CUST_06433,42,Male,35,301,99,9903.54,9,1
CUST_06434,23,Male,33,192,86,2516.6,0,0
CUST_06435,53,Female,21,116,51,1063.05,9,1
CUST_06436,19,Female,5,236,87,9860.77,1,0
CUST_06437,39,Female,64,51,7,556.83,6,0
CUST_06438,49,Male,69,13,85,11014.9,5,0
CUST_06439,33,Female,21,218,1,122.04,4,0
CUST_06440,35,Male,32,329,13,675.01,7,1
CUST_06441,22,Female,18,68,73,2989.72,2,0
CUST_06442,53,Female,58,231,48,4065.69,7,1
CUST_06443,47,Female,24,325,114,2942.8,4,0
CUST_06444,62,Male,5,92,111,11148.43,8,0
CUST_06445,36,Female,53,104,84,1398.11,8,0
CUST_06446,40,Female,55,78,47,5800.7,6,0
CUST_06447,51,Female,5,102,47,6356.47,2,0
CUST_06448,30,Male,69,261,10,1494.87,3,0
CUST_06449,60,Female,41,304,26,1597.82,5,0
CUST_06450,46,Female,7,226,50,4543.0,0,0
CUST_06451,53,Male,1,348,47,6180.49,1,0
CUST_06452,39,Male,52,175,44,3405.11,5,0
CUST_06453,69,Male,26,88,1,59.45,8,0
CUST_06454,69,Male,63,118,109,2353.46,3,0
CUST_06455,64,Male,12,280,63,4296.59,2,0
CUST_06456,53,Male,70,141,17,436.06,7,0
CUST_06457,26,Female,19,113,17,1088.08,6,0
CUST_06458,56,Female,4,249,39,2391.06,1,0
CUST_06459,68,Male,5,89,43,4401.88,9,1
CUST_06460,36,Female,54,309,76,4895.95,3,0
CUST_06461,55,Female,70,220,41,2741.38,9,0
CUST_06462,23,Male,57,51,15,804.86,5,0
CUST_06463,69,Male,52,175,1,97.08,1,0
CUST_06464,64,Female,18,209,58,3918.61,5,0
CUST_06465,32,Female,64,117,54,7725.21,8,0
CUST_06466,37,Female,10,313,96,12999.95,3,0
CUST_06467,26,Female,23,313,75,3523.78,9,1
CUST_06468,49,Male,68,291,5,347.68,6,1
CUST_06469,21,Female,52,86,62,6241.46,8,0
CUST_06470,67,Male,47,135,115,1978.24,7,0
CUST_06471,35,Male,70,309,82,3747.45,1,0
CUST_06472,22,Male,26,266,114,6096.61,8,0
CUST_06473,37,Male,70,220,82,5684.53,7,0
CUST_06474,40,Female,43,295,87,11749.97,4,0
CUST_06475,28,Female,69,186,116,3248.48,8,0
CUST_06476,54,Female,63,163,71,1696.01,5,0
CUST_06477,39,Male,66,127,46,4816.04,8,0
CUST_06478,21,Female,63,315,90,5778.6,8,0
CUST_06479,46,Female,13,117,65,2534.5,2,0
CUST_06480,61,Male,51,137,28,3072.83,6,0
CUST_06481,51,Female,5,256,84,4014.95,3,0
CUST_06482,30,Female,47,356,41,3745.82,3,0
CUST_06483,59,Male,36,264,112,7860.4,6,0
CUST_06484,26,Female,36,222,23,1466.58,5,0
CUST_06485,59,Female,50,314,32,3595.33,3,0
CUST_06486,48,Female,56,351,58,5672.99,4,0
CUST_06487,24,Female,19,150,102,8605.6,5,0
CUST_06488,21,Male,20,236,39,1259.37,3,0
CUST_06489,36,Female,22,351,82,7713.04,7,1
CUST_06490,59,Female,31,168,33,3581.21,3,0
CUST_06491,47,Male,62,69,58,7249.88,9,0
CUST_06492,48,Male,44,209,89,4932.35,3,0
CUST_06493,52,Female,68,52,32,1621.82,9,0
CUST_06494,38,Male,67,267,112,13001.44,9,1
CUST_06495,48,Female,49,150,114,8904.11,0,0
CUST_06496,36,Female,59,303,50,3489.52,5,0
CUST_06497,48,Male,4,345,51,1870.87,0,0
CUST_06498,49,Male,39,13,92,6772.2,8,0
CUST_06499,19,Male,7,100,77,8703.09,4,0
CUST_06500,69,Female,71,173,19,1440.67,1,0
CUST_06501,27,Female,49,237,3,398.46,8,1
CUST_06502,19,Female,15,75,116,1805.92,7,0
CUST_06503,19,Male,7,325,91,3575.89,3,0
CUST_06504,41,Female,47,250,17,1665.55,2,0
CUST_06505,34,Female,68,78,43,4545.85,3,0
CUST_06506,49,Male,45,278,29,1514.37,9,1
CUST_06507,33,Female,19,242,113,16063.55,3,0
CUST_06508,33,Male,47,314,108,6440.78,8,0
CUST_06509,63,Female,53,216,44,3102.47,5,0
CUST_06510,56,Male,27,220,52,7634.18,3,0
CUST_06511,48,Male,5,21,112,8925.36,1,0
CUST_06512,60,Female,60,305,97,9480.49,8,1
CUST_06513,41,Female,62,353,28,2461.87,6,1
CUST_06514,18,Male,59,92,84,3272.91,4,0
CUST_06515,28,Female,61,295,109,16224.94,1,0
CUST_06516,38,Female,56,100,34,781.15,0,0
CUST_06517,21,Male,47,266,80,11821.75,6,0
CUST_06518,24,Female,48,168,103,8052.48,2,0
CUST_06519,43,Female,10,58,54,2192.23,7,0
CUST_06520,64,Female,32,89,2,75.07,3,0
CUST_06521,67,Male,65,173,114,11799.38,4,0
CUST_06522,29,Female,24,145,92,10208.23,2,0
CUST_06523,48,Female,29,121,17,2317.5,6,0
CUST_06524,34,Female,7,245,112,5256.17,3,0
CUST_06525,50,Male,17,324,84,6172.62,0,0
CUST_06526,28,Female,25,266,18,2630.0,4,0
CUST_06527,45,Male,36,62,117,8515.3,1,0
CUST_06528,49,Female,61,89,28,2157.22,6,0
CUST_06529,18,Female,71,72,28,1510.65,1,0
CUST_06530,64,Male,35,170,52,6894.08,3,0
CUST_06531,45,Male,50,173,16,1029.74,1,0
CUST_06532,59,Female,56,76,33,3326.33,6,0
CUST_06533,24,Female,65,158,85,3370.33,2,0
CUST_06534,19,Male,41,330,5,490.63,1,0
CUST_06535,59,Female,25,213,111,15660.47,1,0
CUST_06536,41,Female,34,9,45,5394.25,1,0
CUST_06537,21,Female,8,3,37,893.12,5,0
CUST_06538,61,Female,56,309,82,8247.98,7,0
CUST_06539,36,Male,30,170,52,4701.89,6,0
CUST_06540,43,Female,68,147,64,3885.28,9,0
CUST_06541,28,Male,21,6,62,7983.42,0,0
CUST_06542,57,Male,10,171,5,609.4,2,0
CUST_06543,67,Male,33,80,112,11486.92,7,0
CUST_06544,60,Female,4,292,107,12354.71,7,1
CUST_06545,28,Female,23,224,11,451.85,8,1
CUST_06546,62,Male,69,352,86,11975.44,6,0
CUST_06547,20,Female,53,295,87,9151.04,4,0
CUST_06548,29,Female,5,43,90,7033.98,2,0
CUST_06549,20,Female,18,245,91,3737.34,7,0
CUST_06550,59,Female,17,50,3,321.52,4,0
CUST_06551,44,Male,58,295,51,1430.9,4,0
CUST_06552,66,Male,67,130,106,6165.59,7,0
CUST_06553,19,Female,56,252,60,5547.63,7,0
CUST_06554,66,Female,40,165,66,6746.71,7,0
CUST_06555,33,Male,2,101,57,988.36,3,0
CUST_06556,19,Female,21,275,17,275.22,2,0
CUST_06557,47,Female,52,69,3,90.14,5,0
CUST_06558,37,Female,24,44,3,356.17,4,0
CUST_06559,55,Male,53,150,40,3662.35,9,1
CUST_06560,45,Female,38,135,80,7770.87,4,0
CUST_06561,42,Female,20,318,76,7331.18,4,1
CUST_06562,49,Male,50,345,63,1258.13,2,0
CUST_06563,27,Male,39,218,118,4514.41,6,0
CUST_06564,59,Male,60,148,51,5776.36,4,0
CUST_06565,57,Female,39,126,1,102.17,3,0
CUST_06566,50,Male,71,249,51,3830.82,3,0
CUST_06567,30,Male,33,54,4,71.02,6,0
CUST_06568,58,Male,29,332,81,5773.19,0,0
CUST_06569,59,Male,10,223,83,4023.33,7,1
CUST_06570,64,Male,67,209,4,436.53,0,0
CUST_06571,54,Female,3,144,47,5937.58,5,0
CUST_06572,33,Female,31,313,39,3237.54,3,0
CUST_06573,62,Female,27,320,84,5835.98,6,1
CUST_06574,39,Male,70,138,49,2541.18,5,0
CUST_06575,37,Male,27,355,57,1567.64,4,0
CUST_06576,67,Male,9,225,118,7691.95,4,0
CUST_06577,60,Male,6,102,105,11186.1,5,0
CUST_06578,44,Male,6,99,39,4091.9,6,1
CUST_06579,58,Male,26,307,68,4809.3,2,0
CUST_06580,33,Female,43,283,17,2471.92,2,0
CUST_06581,51,Male,19,91,15,2128.65,6,0
CUST_06582,49,Female,16,297,119,15852.33,2,0
CUST_06583,43,Male,23,204,105,7752.44,6,0
CUST_06584,42,Male,29,238,28,3241.89,1,0
CUST_06585,19,Female,38,97,16,2246.64,7,0
CUST_06586,29,Male,59,121,6,687.49,8,1
CUST_06587,57,Male,48,117,92,5301.75,5,0
CUST_06588,26,Female,20,66,32,773.79,1,0
CUST_06589,29,Female,21,131,81,11690.87,8,1
CUST_06590,43,Male,28,267,25,3724.44,4,0
CUST_06591,26,Male,50,316,39,4237.02,3,0
CUST_06592,27,Female,33,92,17,978.74,6,0
CUST_06593,49,Female,40,77,46,6061.83,5,0
CUST_06594,51,Male,54,238,79,11353.59,3,0
CUST_06595,65,Male,10,252,116,9670.9,9,1
CUST_06596,37,Female,34,227,53,3024.85,1,0
CUST_06597,56,Male,36,360,114,7963.88,3,0
CUST_06598,19,Male,7,320,51,1273.44,0,0
CUST_06599,18,Female,16,141,18,1644.57,7,0
CUST_06600,68,Male,51,54,110,7275.97,3,0
CUST_06601,53,Female,61,140,20,2688.26,1,0
CUST_06602,41,Female,31,146,87,4541.36,4,0
CUST_06603,44,Female,32,274,5,80.65,0,0
CUST_06604,19,Male,45,145,62,7100.05,1,0
CUST_06605,48,Male,27,167,103,1648.01,7,0
CUST_06606,31,Male,22,86,12,1064.47,3,0
CUST_06607,19,Male,15,141,81,3197.07,8,0
CUST_06608,46,Female,8,45,30,2922.44,9,0
CUST_06609,32,Male,68,128,83,3462.29,3,0
CUST_06610,29,Male,8,358,96,7944.33,1,0
CUST_06611,54,Male,16,117,16,963.75,7,0
CUST_06612,45,Male,48,147,2,79.29,9,0
CUST_06613,37,Female,34,147,76,7362.51,3,0
CUST_06614,56,Female,57,21,113,2949.25,7,0
CUST_06615,41,Female,5,24,117,16620.25,1,0
CUST_06616,38,Female,44,158,3,360.14,3,0
CUST_06617,27,Female,71,48,8,1109.14,0,0
CUST_06618,63,Male,37,110,37,767.12,7,0
CUST_06619,31,Male,28,59,53,810.31,5,0
CUST_06620,54,Female,68,17,55,3482.62,1,0
CUST_06621,35,Male,38,304,88,8646.16,2,0
CUST_06622,41,Male,46,55,49,2351.68,5,0
CUST_06623,31,Female,26,137,117,10431.6,9,0
CUST_06624,51,Male,53,77,89,8616.11,8,0
CUST_06625,29,Female,63,270,59,2092.71,9,1
CUST_06626,39,Female,63,180,60,7127.87,6,0
CUST_06627,23,Male,38,85,89,12585.36,8,0
CUST_06628,53,Male,15,300,78,7910.55,9,1
CUST_06629,62,Female,9,139,119,17012.19,3,0
CUST_06630,53,Male,22,307,46,2218.49,7,1
CUST_06631,39,Male,70,170,100,1992.95,1,0
CUST_06632,31,Female,56,242,63,3049.44,1,0
CUST_06633,33,Male,37,64,79,8097.11,3,0
CUST_06634,53,Male,57,240,32,3061.78,2,0
CUST_06635,42,Male,60,95,66,3372.58,7,0
CUST_06636,49,Female,12,146,85,5957.34,1,0
CUST_06637,50,Male,7,49,4,258.52,3,0
CUST_06638,62,Male,66,145,29,4155.92,8,0
CUST_06639,53,Male,41,259,49,2814.35,8,0
CUST_06640,37,Male,24,159,93,3819.53,3,0
CUST_06641,35,Female,25,217,23,2101.23,2,0
CUST_06642,55,Female,62,303,3,95.55,0,0
CUST_06643,20,Male,44,17,54,4512.37,0,0
CUST_06644,40,Male,2,81,21,2262.49,7,0
CUST_06645,49,Male,42,184,80,11387.24,8,1
CUST_06646,62,Female,33,283,44,5960.01,8,1
CUST_06647,33,Male,17,71,20,2571.28,4,0
CUST_06648,22,Male,63,90,99,6749.11,1,0
CUST_06649,21,Female,22,197,57,7734.13,6,0
CUST_06650,38,Male,1,130,69,7710.49,3,0
CUST_06651,57,Female,70,80,112,8355.89,9,0
CUST_06652,68,Male,54,203,90,8203.55,3,0
CUST_06653,31,Male,14,231,71,5245.12,3,0
CUST_06654,56,Female,53,87,52,2161.45,9,0
CUST_06655,48,Male,6,227,80,6078.22,2,0
CUST_06656,31,Male,64,6,17,2108.01,3,0
CUST_06657,23,Male,33,357,66,3365.3,1,0
CUST_06658,29,Female,44,225,12,1217.35,8,0
CUST_06659,33,Male,34,146,58,5202.13,6,0
CUST_06660,34,Female,34,55,77,10719.53,0,0
CUST_06661,62,Female,24,67,5,578.66,4,0
CUST_06662,40,Female,2,185,80,5103.03,1,0
CUST_06663,31,Female,8,147,92,8356.64,2,0
CUST_06664,24,Male,25,74,72,9936.98,2,0
CUST_06665,63,Male,32,139,56,2552.19,6,0
CUST_06666,49,Male,56,224,92,7273.08,2,0
CUST_06667,32,Male,7,232,46,2066.64,6,1
CUST_06668,61,Male,48,183,72,5147.09,7,0
CUST_06669,34,Male,54,96,93,2125.99,1,0
CUST_06670,58,Female,63,342,18,2398.61,0,0
CUST_06671,64,Female,2,248,116,17059.33,5,0
CUST_06672,61,Male,35,132,44,4032.78,8,0
CUST_06673,51,Male,22,13,43,3861.4,5,0
CUST_06674,22,Male,64,70,80,11522.89,7,0
CUST_06675,62,Male,59,349,90,6127.89,4,0
CUST_06676,44,Male,49,256,86,8500.86,7,1
CUST_06677,69,Female,52,188,79,10114.39,3,0
CUST_06678,40,Male,21,89,77,6412.21,5,0
CUST_06679,57,Male,12,319,22,987.85,7,1
CUST_06680,31,Male,11,316,60,7482.88,0,0
CUST_06681,32,Female,54,154,85,4386.28,5,0
CUST_06682,60,Female,70,150,63,8121.31,7,0
CUST_06683,50,Female,14,330,114,16247.59,4,1
CUST_06684,48,Male,33,132,24,2129.2,2,0
CUST_06685,52,Male,26,144,65,1407.59,4,0
CUST_06686,34,Male,14,247,29,4176.24,2,0
CUST_06687,45,Male,48,63,1,127.23,5,0
CUST_06688,36,Female,65,170,1,30.84,5,0
CUST_06689,63,Male,46,302,73,7297.62,4,0
CUST_06690,40,Male,55,236,21,1209.76,6,0
CUST_06691,49,Female,68,289,78,4648.38,6,0
CUST_06692,57,Male,12,123,28,2613.56,5,0
CUST_06693,30,Female,54,270,18,1999.87,5,0
CUST_06694,37,Male,64,8,97,1602.11,3,0
CUST_06695,52,Male,47,218,52,1851.76,3,0
CUST_06696,22,Male,37,342,107,14645.97,2,0
CUST_06697,26,Female,41,174,66,5400.38,9,1
CUST_06698,46,Male,27,126,115,9361.39,6,0
CUST_06699,23,Male,42,315,98,12587.37,2,0
CUST_06700,42,Male,68,316,88,2856.97,8,1
CUST_06701,48,Female,29,49,62,6903.37,8,0
CUST_06702,39,Female,36,336,19,1583.47,5,1
CUST_06703,19,Male,57,236,2,230.23,6,0
CUST_06704,62,Male,12,349,70,7469.08,2,0
CUST_06705,22,Female,45,317,55,5773.65,2,0
CUST_06706,44,Female,20,256,79,10314.64,0,0
CUST_06707,42,Female,45,116,57,5093.25,5,0
CUST_06708,25,Male,23,279,11,770.66,2,0
CUST_06709,18,Male,62,85,16,668.75,0,0
CUST_06710,37,Female,34,120,116,7126.68,7,0
CUST_06711,61,Female,21,50,85,11257.43,7,0
CUST_06712,40,Female,51,164,62,3754.65,7,0
CUST_06713,49,Male,9,148,27,3996.87,7,1
CUST_06714,28,Female,10,43,22,2135.72,4,0
CUST_06715,56,Female,52,136,3,375.06,6,0
CUST_06716,64,Female,45,246,3,244.77,2,0
CUST_06717,41,Male,52,218,115,11886.96,9,1
CUST_06718,28,Female,30,281,21,3120.32,1,0
CUST_06719,46,Female,64,234,43,3549.07,5,0
CUST_06720,43,Female,2,263,70,3538.74,0,0
CUST_06721,33,Female,49,115,89,9143.28,1,0
CUST_06722,52,Female,45,342,105,14610.43,6,1
CUST_06723,37,Female,17,189,37,640.91,8,0
CUST_06724,63,Male,28,197,94,14005.53,6,0
CUST_06725,20,Female,45,38,56,4956.79,9,0
CUST_06726,18,Female,17,12,39,4794.07,7,1
CUST_06727,64,Male,59,124,20,619.2,7,0
CUST_06728,18,Male,14,44,65,3532.93,9,1
CUST_06729,34,Male,10,309,35,5142.08,2,0
CUST_06730,19,Female,18,14,43,2316.29,5,0
CUST_06731,46,Male,35,348,90,6358.41,1,0
CUST_06732,37,Female,48,52,21,1110.79,8,0
CUST_06733,23,Female,58,245,10,782.43,6,1
CUST_06734,25,Female,18,180,45,1641.25,2,0
CUST_06735,46,Male,52,302,93,7783.58,5,0
CUST_06736,65,Male,30,130,3,165.87,9,0
CUST_06737,68,Male,37,100,43,5376.8,0,0
CUST_06738,50,Male,40,284,52,3516.14,6,0
CUST_06739,20,Female,6,111,41,5002.71,8,0
CUST_06740,52,Female,35,288,107,10875.15,4,0
CUST_06741,22,Male,26,92,41,5680.05,8,1
CUST_06742,44,Female,30,76,77,9581.44,7,0
CUST_06743,61,Male,24,205,9,1229.86,7,1
CUST_06744,29,Male,55,22,46,3954.24,5,0
CUST_06745,37,Female,9,170,16,2213.04,2,0
CUST_06746,62,Male,62,157,113,4055.55,3,0
CUST_06747,37,Female,18,222,47,1240.77,0,0
CUST_06748,26,Female,51,360,28,2408.36,5,1
CUST_06749,56,Female,19,68,28,3542.46,6,0
CUST_06750,21,Male,69,161,75,3273.27,9,1
CUST_06751,68,Male,33,174,108,15742.41,8,0
CUST_06752,36,Male,38,38,94,3760.72,4,0
CUST_06753,55,Female,13,336,11,1217.42,1,0
CUST_06754,44,Male,49,26,29,4017.69,6,0
CUST_06755,62,Male,53,254,114,16566.89,6,0
CUST_06756,60,Female,1,299,56,5840.27,4,0
CUST_06757,30,Female,12,283,76,7031.37,1,0
CUST_06758,30,Female,24,247,72,1963.17,6,0
CUST_06759,39,Female,1,11,57,1007.42,0,0
CUST_06760,45,Male,68,238,53,7848.11,5,0
CUST_06761,69,Male,7,107,74,3850.93,5,0
CUST_06762,64,Male,69,334,119,2945.54,5,0
CUST_06763,62,Male,39,313,59,5173.99,2,0
CUST_06764,39,Female,32,1,35,2002.02,2,0
CUST_06765,60,Male,49,11,52,3290.31,0,0
CUST_06766,36,Female,31,158,36,2259.29,3,0
CUST_06767,25,Male,3,88,77,3740.13,6,0
CUST_06768,69,Male,47,242,58,8446.93,0,0
CUST_06769,25,Female,15,132,116,5893.36,9,0
CUST_06770,59,Male,51,86,91,8208.36,9,0
CUST_06771,43,Female,21,110,104,4910.29,1,0
CUST_06772,65,Female,41,328,2,235.7,9,1
CUST_06773,68,Female,3,111,28,1285.69,1,0
CUST_06774,43,Male,1,208,98,9601.89,4,0
CUST_06775,40,Female,21,289,85,10844.69,7,1
CUST_06776,60,Male,21,74,70,3616.92,4,0
CUST_06777,30,Female,49,322,63,7776.57,0,0
CUST_06778,45,Male,65,249,52,1429.26,0,0
CUST_06779,26,Male,41,108,60,1842.88,4,0
CUST_06780,37,Female,67,4,103,7115.12,1,0
CUST_06781,36,Male,42,215,90,6294.16,2,0
CUST_06782,65,Female,69,179,36,3050.1,1,0
CUST_06783,56,Male,57,155,104,1892.58,8,0
CUST_06784,68,Female,43,289,82,2526.74,4,0
CUST_06785,29,Female,12,225,62,1016.0,0,0
CUST_06786,32,Male,64,105,106,15249.21,2,0
CUST_06787,48,Female,51,84,116,6647.05,7,0
CUST_06788,31,Female,60,77,43,4639.25,3,0
CUST_06789,28,Female,71,203,39,3788.44,7,0
CUST_06790,43,Male,28,339,5,564.18,0,0
CUST_06791,59,Female,71,241,90,12076.65,7,0
CUST_06792,44,Male,14,288,75,3485.62,9,1
CUST_06793,28,Male,32,195,50,3623.83,8,1
CUST_06794,55,Male,8,205,16,949.44,6,0
CUST_06795,51,Female,27,214,83,2169.02,2,0
CUST_06796,60,Female,50,19,52,1004.12,1,0
CUST_06797,36,Male,59,159,69,8159.01,0,0
CUST_06798,23,Female,57,212,71,2303.65,9,1
CUST_06799,63,Female,3,53,3,51.22,9,0
CUST_06800,69,Male,27,88,89,6602.49,6,0
CUST_06801,55,Female,34,160,10,585.06,0,0
CUST_06802,66,Male,26,9,51,1220.15,5,0
CUST_06803,59,Male,40,179,69,1515.58,0,0
CUST_06804,45,Male,32,83,32,4424.83,9,0
CUST_06805,18,Female,41,151,96,13618.17,3,0
CUST_06806,52,Female,2,25,5,400.55,4,0
CUST_06807,57,Male,7,225,119,15412.69,0,0
CUST_06808,25,Male,19,194,118,14515.48,7,0
CUST_06809,69,Female,33,118,43,4008.14,6,0
CUST_06810,64,Female,2,323,83,9657.75,0,0
CUST_06811,24,Female,67,248,12,1687.48,4,0
CUST_06812,28,Female,15,78,31,2834.99,3,0
CUST_06813,56,Female,21,152,81,6810.1,0,0
CUST_06814,21,Female,59,56,22,340.52,3,0
CUST_06815,42,Female,39,306,59,5203.16,3,0
CUST_06816,29,Male,20,357,118,14792.79,5,1
CUST_06817,43,Female,1,259,52,6129.97,3,0
CUST_06818,55,Male,9,23,47,4802.58,4,0
CUST_06819,63,Male,51,162,114,2088.36,9,0
CUST_06820,29,Male,38,265,105,14692.04,2,0
CUST_06821,60,Female,15,82,86,6271.92,6,0
CUST_06822,68,Female,41,59,49,4515.7,2,0
CUST_06823,54,Female,47,66,56,3846.83,4,0
CUST_06824,63,Male,26,115,90,5588.89,1,0
CUST_06825,41,Female,54,291,31,2601.84,9,1
CUST_06826,33,Male,70,242,119,9732.34,9,0
CUST_06827,30,Female,39,334,59,3723.84,7,0
CUST_06828,42,Male,17,109,107,13216.67,3,0
CUST_06829,69,Female,70,304,70,1528.31,0,0
CUST_06830,21,Female,9,309,76,2340.65,1,0
CUST_06831,28,Female,46,331,43,1124.14,6,0
CUST_06832,49,Female,6,32,91,8305.94,6,0
CUST_06833,66,Female,68,213,81,5725.87,1,0
CUST_06834,24,Male,16,88,74,5625.92,7,0
CUST_06835,63,Female,29,62,109,10121.84,0,0
CUST_06836,28,Male,41,3,5,293.68,3,0
CUST_06837,45,Male,68,262,4,158.89,7,1
CUST_06838,58,Male,62,112,103,5811.5,4,0
CUST_06839,40,Female,40,12,15,2237.83,7,0
CUST_06840,62,Male,62,53,2,287.23,7,0
CUST_06841,40,Male,24,148,49,7063.14,8,0
CUST_06842,67,Female,6,134,119,2228.88,0,0
CUST_06843,45,Female,40,84,56,1516.25,0,0
CUST_06844,60,Male,70,184,117,2476.98,8,0
CUST_06845,64,Female,58,169,8,1000.71,6,0
CUST_06846,43,Male,14,49,16,2381.36,8,0
CUST_06847,42,Female,45,108,64,5651.42,1,0
CUST_06848,46,Female,6,193,84,9207.43,7,1
CUST_06849,36,Female,23,340,24,1501.2,0,0
CUST_06850,50,Female,62,214,99,11714.59,3,0
CUST_06851,53,Male,17,360,55,5696.42,7,1
CUST_06852,31,Male,70,95,54,6649.0,3,0
CUST_06853,31,Female,28,31,81,6682.76,2,0
CUST_06854,52,Male,13,156,69,2842.28,6,0
CUST_06855,47,Female,29,12,78,6179.37,4,0
CUST_06856,45,Male,45,272,78,4456.34,0,0
CUST_06857,34,Male,20,225,110,11957.49,3,0
CUST_06858,20,Female,58,163,107,3581.79,3,0
CUST_06859,33,Male,54,44,60,3588.48,0,0
CUST_06860,63,Male,64,324,31,492.53,9,1
CUST_06861,47,Male,52,226,20,2501.92,4,0
CUST_06862,69,Female,43,253,77,5381.88,1,0
CUST_06863,46,Male,18,233,54,6468.4,7,1
CUST_06864,62,Male,54,259,9,253.58,8,0
CUST_06865,32,Male,60,287,116,4774.84,1,0
CUST_06866,63,Male,71,180,34,4413.65,9,0
CUST_06867,42,Male,1,223,76,7249.42,9,1
CUST_06868,68,Female,37,116,104,1642.84,3,0
CUST_06869,55,Female,49,5,80,10975.39,1,0
CUST_06870,59,Male,35,261,65,9605.19,4,0
CUST_06871,64,Female,67,66,16,1668.16,6,0
CUST_06872,69,Female,35,15,70,7927.95,4,0
CUST_06873,55,Male,9,149,84,2775.03,4,0
CUST_06874,40,Male,37,101,6,710.66,1,0
CUST_06875,42,Female,60,267,35,992.75,2,0
CUST_06876,59,Female,56,218,105,14187.18,5,0
CUST_06877,24,Male,12,42,115,9562.11,5,0
CUST_06878,39,Male,71,66,3,102.18,0,0
CUST_06879,34,Male,71,350,21,566.5,0,0
CUST_06880,35,Male,4,317,7,520.91,9,1
CUST_06881,66,Female,61,316,78,1226.22,8,1
CUST_06882,58,Female,45,120,30,4342.97,1,0
CUST_06883,27,Female,50,245,22,836.93,1,0
CUST_06884,27,Male,50,287,14,1002.89,8,1
CUST_06885,24,Male,48,48,55,5329.53,4,0
CUST_06886,65,Male,23,288,89,9442.92,5,1
CUST_06887,67,Female,8,313,67,6113.7,2,0
CUST_06888,55,Female,29,255,5,195.55,6,0
CUST_06889,44,Male,43,351,69,5429.82,1,0
CUST_06890,69,Male,53,155,115,6733.31,4,0
CUST_06891,50,Female,6,338,59,1596.91,3,0
CUST_06892,18,Female,24,261,106,7135.47,7,0
CUST_06893,61,Male,14,17,9,874.73,1,0
CUST_06894,51,Male,52,203,48,1381.29,0,0
CUST_06895,21,Male,70,166,105,3913.55,1,0
CUST_06896,34,Female,4,48,102,2718.0,1,0
CUST_06897,21,Female,58,229,37,560.59,7,0
CUST_06898,60,Female,37,213,68,9616.47,0,0
CUST_06899,43,Female,48,216,20,2563.36,0,0
CUST_06900,21,Female,39,305,85,3931.98,9,0
CUST_06901,18,Male,66,169,50,4649.02,0,0
CUST_06902,24,Male,13,22,112,13800.23,2,0
CUST_06903,47,Male,66,275,24,1547.58,4,0
CUST_06904,67,Male,60,113,71,8148.8,7,0
CUST_06905,26,Female,41,357,110,14549.58,7,1
CUST_06906,52,Female,32,203,119,9795.87,9,1
CUST_06907,25,Female,52,33,49,6609.4,4,0
CUST_06908,41,Male,5,89,8,346.77,4,0
CUST_06909,36,Male,67,134,75,10252.12,6,0
CUST_06910,53,Male,66,11,113,13982.73,0,0
CUST_06911,67,Female,52,27,110,14124.97,0,0
CUST_06912,69,Male,49,31,73,1139.33,0,0
CUST_06913,60,Male,29,91,6,627.54,7,0
CUST_06914,44,Male,38,169,40,2763.52,7,0
CUST_06915,49,Female,70,47,81,7825.91,3,0
CUST_06916,31,Female,8,79,54,1419.87,4,0
CUST_06917,35,Female,59,2,77,3613.16,6,0
CUST_06918,45,Female,55,20,109,6804.13,5,0
CUST_06919,46,Female,2,106,17,1903.8,1,0
CUST_06920,33,Male,26,295,51,4571.81,6,1
CUST_06921,52,Male,63,330,2,33.95,1,0
CUST_06922,64,Female,17,90,30,1805.84,3,0
CUST_06923,48,Female,59,138,32,4540.63,3,0
CUST_06924,21,Male,16,168,50,1963.99,4,0
CUST_06925,54,Male,58,141,100,4696.49,0,0
CUST_06926,34,Female,64,213,71,4011.28,2,0
CUST_06927,56,Male,50,300,16,818.85,7,1
CUST_06928,65,Female,26,32,83,2608.93,5,0
CUST_06929,63,Male,17,30,79,4519.52,2,0
CUST_06930,43,Male,46,309,55,4830.28,1,0
CUST_06931,65,Male,68,332,57,6051.28,5,0
CUST_06932,56,Female,50,44,78,7939.28,2,0
CUST_06933,58,Female,43,35,45,1663.26,6,0
CUST_06934,21,Male,48,45,52,5093.96,6,0
CUST_06935,47,Female,68,138,71,4499.54,1,0
CUST_06936,47,Male,19,47,47,5919.55,3,0
CUST_06937,39,Male,25,185,33,2109.54,2,0
CUST_06938,28,Female,18,18,98,14390.0,7,0
CUST_06939,19,Male,51,185,24,2352.02,7,0
CUST_06940,61,Female,18,72,35,2551.93,3,0
CUST_06941,29,Female,58,123,64,5306.89,3,0
CUST_06942,47,Female,64,171,85,3294.06,5,0
CUST_06943,53,Female,71,77,88,9400.04,5,0
CUST_06944,35,Female,57,9,101,14646.43,5,0
CUST_06945,43,Male,17,201,80,6761.55,1,0
CUST_06946,24,Male,59,243,60,8938.05,7,1
CUST_06947,18,Male,67,69,81,2860.31,6,0
CUST_06948,43,Female,15,239,29,2931.53,1,0
CUST_06949,40,Male,26,317,18,1917.33,7,1
CUST_06950,43,Male,48,11,58,3310.79,0,0
CUST_06951,62,Female,14,320,48,2998.14,9,1
CUST_06952,23,Female,9,38,11,1569.02,6,0
CUST_06953,23,Female,7,10,3,292.84,5,0
CUST_06954,61,Female,55,16,42,5061.25,8,0
CUST_06955,25,Male,12,325,18,2034.14,2,0
CUST_06956,41,Female,17,243,16,1559.72,8,1
CUST_06957,39,Male,8,247,41,879.97,4,1
CUST_06958,36,Male,42,42,117,12222.21,4,0
CUST_06959,54,Female,37,234,65,4001.61,5,0
CUST_06960,35,Female,20,44,43,3367.68,2,0
CUST_06961,48,Female,1,164,43,5587.69,3,0
CUST_06962,54,Female,9,150,91,13265.57,9,1
CUST_06963,47,Female,24,280,31,3370.57,5,0
CUST_06964,59,Male,34,204,109,5048.59,4,0
CUST_06965,50,Female,36,231,28,1620.86,9,1
CUST_06966,27,Female,4,291,104,3499.07,7,1
CUST_06967,54,Female,29,306,51,4763.14,6,0
CUST_06968,29,Male,16,339,27,3794.55,0,0
CUST_06969,47,Male,8,334,9,1120.29,5,1
CUST_06970,44,Female,39,296,38,3358.87,4,0
CUST_06971,56,Male,58,22,36,5115.2,9,0
CUST_06972,26,Female,12,175,60,8163.67,8,1
CUST_06973,38,Male,44,242,105,6693.25,2,0
CUST_06974,29,Male,4,331,91,8119.04,3,1
CUST_06975,46,Female,25,66,57,3132.43,3,0
CUST_06976,50,Male,70,94,47,760.66,3,0
CUST_06977,60,Female,67,213,114,8653.79,8,0
CUST_06978,32,Male,39,241,90,10463.84,7,0
CUST_06979,19,Male,24,110,118,11872.33,8,0
CUST_06980,69,Male,6,47,91,12750.97,3,0
CUST_06981,56,Female,33,360,68,7315.41,2,0
CUST_06982,61,Male,48,156,51,1737.56,4,0
CUST_06983,35,Female,67,80,58,2959.19,1,0
CUST_06984,20,Female,2,45,48,1532.21,4,0
CUST_06985,24,Female,38,357,102,12473.51,1,0
CUST_06986,60,Female,40,195,59,8457.29,9,0
CUST_06987,35,Male,56,237,76,3461.48,1,0
CUST_06988,61,Male,21,211,47,5562.25,6,0
CUST_06989,55,Female,35,268,15,1109.93,9,1
CUST_06990,54,Male,67,83,111,6987.89,3,0
CUST_06991,50,Female,60,113,112,16601.7,5,0
CUST_06992,61,Female,23,267,94,5799.21,8,1
CUST_06993,48,Male,65,131,78,8130.64,9,0
CUST_06994,28,Female,63,317,72,8008.4,2,0
CUST_06995,21,Female,23,56,92,10981.02,0,0
CUST_06996,35,Male,42,238,95,12480.24,2,0
CUST_06997,21,Female,64,26,2,182.87,2,0
CUST_06998,66,Male,66,342,79,7630.89,2,0
CUST_06999,51,Female,41,245,61,6771.22,3,0
CUST_07000,46,Female,20,209,40,1403.99,2,0
CUST_07001,41,Female,9,290,43,1806.29,4,0
CUST_07002,39,Female,57,183,48,5672.73,7,0
CUST_07003,19,Female,17,207,72,2391.86,2,0
CUST_07004,61,Female,18,204,69,7448.08,9,1
CUST_07005,23,Female,63,208,116,2247.6,5,0
CUST_07006,59,Female,26,72,57,3452.43,0,0
CUST_07007,42,Female,13,312,68,7099.4,3,0
CUST_07008,38,Female,17,339,12,1324.88,0,1
CUST_07009,33,Female,26,147,74,7404.87,1,0
CUST_07010,48,Female,6,204,68,5073.33,2,0
CUST_07011,31,Female,4,349,51,2518.41,4,1
CUST_07012,56,Male,7,133,74,7236.84,8,0
CUST_07013,45,Female,17,282,29,1159.17,8,0
CUST_07014,49,Female,50,78,92,2128.51,2,0
CUST_07015,45,Female,6,97,29,511.74,7,0
CUST_07016,68,Male,30,163,83,4244.94,1,0
CUST_07017,66,Female,56,331,115,2190.23,8,1
CUST_07018,26,Male,39,196,107,5204.82,3,0
CUST_07019,62,Male,14,116,119,6434.3,1,0
CUST_07020,39,Female,54,161,13,800.36,4,0
CUST_07021,49,Female,22,255,117,13024.42,6,0
CUST_07022,22,Male,57,70,57,4250.9,5,0
CUST_07023,40,Female,41,202,98,14505.53,8,0
CUST_07024,22,Male,10,36,46,6573.09,6,1
CUST_07025,59,Male,2,305,20,2950.15,5,1
CUST_07026,49,Male,67,218,82,5793.38,7,0
CUST_07027,27,Female,48,309,59,1237.07,6,0
CUST_07028,56,Male,42,197,112,14687.7,6,0
CUST_07029,32,Male,11,336,36,2653.55,7,1
CUST_07030,24,Female,12,327,1,101.56,5,1
CUST_07031,46,Male,14,192,90,11597.64,9,0
CUST_07032,64,Female,30,277,3,290.96,4,0
CUST_07033,20,Female,60,291,44,5037.2,3,0
CUST_07034,36,Female,30,86,55,2671.96,7,0
CUST_07035,27,Male,38,22,60,2479.94,8,0
CUST_07036,45,Female,65,134,3,269.88,8,0
CUST_07037,46,Female,47,161,85,8595.43,3,0
CUST_07038,32,Male,39,295,63,8359.5,8,1
CUST_07039,52,Male,49,43,82,10322.88,1,0
CUST_07040,23,Female,58,41,31,4604.19,6,0
CUST_07041,29,Male,17,291,100,14545.77,3,0
CUST_07042,64,Female,6,280,61,6049.6,3,0
CUST_07043,55,Female,15,183,49,4065.46,7,1
CUST_07044,30,Male,67,252,44,5178.22,2,0
CUST_07045,46,Male,28,360,52,2614.84,4,1
CUST_07046,36,Female,44,40,31,1939.69,4,0
CUST_07047,20,Male,18,87,72,8536.46,2,0
CUST_07048,25,Female,32,225,89,12748.9,3,0
CUST_07049,25,Male,69,285,49,6657.79,8,1
CUST_07050,37,Female,44,138,46,1142.44,2,0
CUST_07051,64,Female,70,335,54,2500.67,9,1
CUST_07052,21,Male,63,138,84,4359.2,8,0
CUST_07053,68,Male,58,64,11,734.04,9,0
CUST_07054,38,Female,47,117,104,2552.99,0,0
CUST_07055,20,Female,17,98,65,3001.0,4,0
CUST_07056,62,Male,39,146,85,9492.74,4,0
CUST_07057,25,Female,59,85,17,816.02,8,0
CUST_07058,40,Male,7,51,116,16500.2,7,0
CUST_07059,33,Female,63,95,28,2019.07,6,0
CUST_07060,30,Female,57,278,82,2333.52,0,0
CUST_07061,20,Male,34,9,93,11974.75,6,0
CUST_07062,65,Male,53,347,74,10255.85,1,0
CUST_07063,26,Male,66,89,9,1262.66,8,0
CUST_07064,31,Female,48,89,34,2777.13,2,0
CUST_07065,30,Male,60,219,20,2785.38,8,0
CUST_07066,24,Male,43,330,95,10520.35,4,0
CUST_07067,32,Female,4,350,3,124.22,3,1
CUST_07068,24,Male,52,286,1,86.98,4,0
CUST_07069,55,Female,32,161,60,4406.03,1,0
CUST_07070,51,Male,51,43,97,7361.54,7,0
CUST_07071,58,Male,10,246,50,3539.97,7,1
CUST_07072,39,Male,12,258,8,309.3,7,1
CUST_07073,41,Female,39,343,18,1217.78,7,1
CUST_07074,66,Female,68,159,30,2523.61,6,0
CUST_07075,54,Female,10,132,97,5195.91,1,0
CUST_07076,61,Male,10,47,22,855.25,7,1
CUST_07077,18,Male,23,340,81,3382.7,5,0
CUST_07078,27,Female,13,89,106,4351.41,4,0
CUST_07079,60,Male,48,45,9,677.8,1,0
CUST_07080,33,Male,44,321,22,950.97,2,1
CUST_07081,63,Male,64,194,10,1118.39,3,0
CUST_07082,25,Female,40,6,118,7116.55,3,0
CUST_07083,66,Female,6,263,97,13756.24,4,0
CUST_07084,42,Male,43,196,112,2628.47,1,0
CUST_07085,67,Male,32,18,103,5854.89,8,0
CUST_07086,29,Female,49,297,67,7683.38,8,1
CUST_07087,42,Female,19,107,81,8703.11,8,0
CUST_07088,34,Male,52,69,9,646.07,4,0
CUST_07089,43,Female,52,25,47,6226.4,3,0
CUST_07090,63,Male,34,56,40,985.41,8,0
CUST_07091,65,Male,59,1,36,3014.22,7,0
CUST_07092,31,Male,5,183,19,799.06,6,1
CUST_07093,58,Male,66,54,98,6417.27,4,0
CUST_07094,53,Male,41,81,2,218.75,7,0
CUST_07095,40,Female,34,160,45,1276.26,4,0
CUST_07096,60,Male,54,226,91,1902.73,1,0
CUST_07097,23,Male,20,264,83,5960.4,5,0
CUST_07098,64,Male,54,109,33,1704.18,1,0
CUST_07099,22,Female,66,309,64,7185.29,9,0
CUST_07100,60,Female,18,44,26,620.08,8,1
CUST_07101,42,Male,44,201,119,17311.91,6,0
CUST_07102,35,Male,48,284,111,10966.97,2,0
CUST_07103,30,Male,35,147,34,2810.81,9,1
CUST_07104,60,Male,39,199,63,4453.73,7,0
CUST_07105,31,Male,3,234,28,3251.24,0,0
CUST_07106,45,Female,19,184,80,5048.3,8,1
CUST_07107,35,Female,18,35,86,10310.37,6,0
CUST_07108,45,Female,5,209,92,10206.8,9,1
CUST_07109,68,Male,55,360,78,6975.7,1,0
CUST_07110,44,Male,13,63,6,809.82,7,0
CUST_07111,49,Female,34,82,11,678.79,5,0
CUST_07112,64,Female,18,263,46,1049.25,5,1
CUST_07113,26,Male,68,255,20,1315.74,3,0
CUST_07114,57,Female,43,39,36,4794.13,4,0
CUST_07115,49,Male,65,286,113,2874.45,8,0
CUST_07116,37,Male,41,23,16,1888.41,6,0
CUST_07117,45,Male,38,84,70,8848.7,0,0
CUST_07118,50,Female,38,303,72,5239.7,1,0
CUST_07119,21,Male,13,206,45,1856.71,0,0
CUST_07120,63,Female,22,95,100,6299.46,8,0
CUST_07121,51,Male,29,63,48,3302.1,9,0
CUST_07122,65,Male,9,137,113,15916.61,0,0
CUST_07123,20,Female,68,151,4,213.7,2,0
CUST_07124,43,Male,17,117,48,7022.53,5,0
CUST_07125,25,Male,37,191,98,2909.69,5,0
CUST_07126,23,Male,64,202,84,12305.49,8,0
CUST_07127,33,Female,67,250,88,3973.03,8,1
CUST_07128,41,Female,4,87,109,4103.58,3,0
CUST_07129,65,Male,40,74,67,2091.31,0,0
CUST_07130,56,Male,16,322,28,1615.46,9,1
CUST_07131,47,Female,11,37,30,2947.07,8,0
CUST_07132,62,Male,26,125,29,3043.68,1,0
CUST_07133,30,Male,65,166,21,1363.82,9,1
CUST_07134,22,Male,2,1,42,1938.4,9,0
CUST_07135,42,Female,45,338,91,13588.93,3,0
CUST_07136,37,Male,43,291,50,2576.46,6,1
CUST_07137,35,Female,3,71,89,5880.16,1,0
CUST_07138,64,Female,34,108,3,239.8,8,1
CUST_07139,35,Female,65,86,65,7464.89,4,0
CUST_07140,19,Female,64,181,23,817.25,9,1
CUST_07141,27,Male,7,25,107,5449.31,8,0
CUST_07142,62,Female,35,298,5,747.91,8,1
CUST_07143,67,Female,22,151,95,12007.66,7,0
CUST_07144,64,Female,48,265,25,1873.07,2,0
CUST_07145,29,Male,32,203,35,1038.56,8,0
CUST_07146,64,Male,26,51,107,14124.61,2,0
CUST_07147,30,Female,6,220,65,7845.86,8,0
CUST_07148,67,Male,46,57,79,7378.03,1,0
CUST_07149,64,Male,55,82,39,2714.47,6,0
CUST_07150,28,Female,55,164,88,12435.1,1,0
CUST_07151,36,Female,57,269,98,5381.59,4,0
CUST_07152,52,Male,63,183,111,6473.9,1,0
CUST_07153,56,Female,1,180,18,2397.55,7,1
CUST_07154,43,Female,21,284,25,2488.91,1,0
CUST_07155,63,Male,20,86,100,14337.16,8,0
CUST_07156,31,Female,29,111,1,102.08,1,0
CUST_07157,62,Female,43,158,62,1206.13,3,0
CUST_07158,61,Female,45,45,9,349.81,6,0
CUST_07159,41,Female,65,38,41,2174.81,8,0
CUST_07160,58,Female,3,20,95,12547.62,2,0
CUST_07161,18,Male,20,97,22,2797.64,1,0
CUST_07162,68,Male,37,358,102,12412.8,5,1
CUST_07163,60,Male,38,59,110,9870.03,0,0
CUST_07164,39,Female,45,224,105,3544.76,4,0
CUST_07165,40,Female,42,298,66,2159.0,7,0
CUST_07166,36,Male,46,189,105,3362.35,2,0
CUST_07167,35,Male,60,59,45,5866.77,4,0
CUST_07168,29,Male,13,8,52,1773.73,8,0
CUST_07169,45,Male,31,313,20,2483.02,0,0
CUST_07170,45,Male,68,102,87,11226.58,8,0
CUST_07171,50,Male,62,340,12,350.16,0,0
CUST_07172,36,Female,49,21,74,10121.01,3,0
CUST_07173,45,Male,18,305,64,8714.73,0,0
CUST_07174,69,Female,53,216,32,3237.07,7,1
CUST_07175,66,Female,18,310,62,5223.89,6,1
CUST_07176,54,Female,51,231,5,511.93,2,0
CUST_07177,43,Male,41,236,44,3064.61,4,0
CUST_07178,52,Female,67,151,29,2739.6,1,0
CUST_07179,51,Female,65,68,33,4814.24,9,0
CUST_07180,52,Male,6,46,87,2635.59,4,0
CUST_07181,57,Male,37,222,100,4656.18,4,0
CUST_07182,33,Male,12,240,13,1114.78,8,1
CUST_07183,55,Female,2,156,50,2495.61,4,0
CUST_07184,30,Female,53,95,2,298.05,1,0
CUST_07185,40,Male,25,97,75,8417.74,2,0
CUST_07186,39,Male,28,306,28,2060.43,5,1
CUST_07187,33,Female,45,83,89,12181.44,0,0
CUST_07188,45,Female,37,245,118,4071.04,5,0
CUST_07189,65,Female,17,63,100,5386.72,4,0
CUST_07190,52,Female,69,10,18,2592.92,1,0
CUST_07191,62,Female,56,89,103,9289.69,1,0
CUST_07192,63,Female,58,165,73,10168.13,1,0
CUST_07193,25,Male,4,326,66,9759.29,2,0
CUST_07194,61,Male,55,286,100,6363.05,9,1
CUST_07195,39,Female,49,215,46,4269.97,1,0
CUST_07196,38,Male,38,336,17,2198.16,2,0
CUST_07197,43,Male,45,72,33,1710.06,8,0
CUST_07198,57,Female,30,208,99,7455.87,2,0
CUST_07199,38,Female,37,139,33,1178.04,6,0
CUST_07200,42,Female,56,246,96,9896.88,2,0
CUST_07201,58,Female,27,129,84,1307.56,5,0
CUST_07202,18,Female,32,100,30,2269.7,8,0
CUST_07203,23,Male,11,11,22,3089.56,5,0
CUST_07204,40,Female,58,340,53,7215.2,3,0
CUST_07205,68,Male,35,176,89,10992.29,4,0
CUST_07206,40,Male,17,317,109,3712.16,7,0
CUST_07207,60,Male,30,357,46,3920.81,7,1
CUST_07208,60,Female,18,316,44,4931.69,6,1
CUST_07209,40,Male,30,150,75,2149.38,4,0
CUST_07210,49,Female,16,75,114,3972.39,8,0
CUST_07211,47,Male,54,99,34,693.9,0,0
CUST_07212,30,Male,4,265,28,1641.22,3,0
CUST_07213,60,Female,15,243,35,4670.35,9,1
CUST_07214,35,Female,27,83,68,5678.63,6,0
CUST_07215,40,Male,4,293,9,1171.72,4,0
CUST_07216,32,Female,35,70,107,2813.33,3,0
CUST_07217,50,Female,63,228,22,496.63,4,0
CUST_07218,38,Female,66,172,61,7535.13,0,0
CUST_07219,56,Female,39,131,89,7315.47,3,0
CUST_07220,40,Male,28,10,85,6678.91,0,0
CUST_07221,44,Female,34,56,25,1980.32,1,0
CUST_07222,62,Male,33,33,105,6976.69,8,0
CUST_07223,61,Male,50,244,81,10907.84,4,0
CUST_07224,35,Female,60,226,79,6741.43,8,0
CUST_07225,41,Male,42,228,41,6005.47,8,1
CUST_07226,68,Male,28,245,7,904.97,9,1
CUST_07227,64,Female,27,103,59,6759.75,4,0
CUST_07228,57,Female,1,197,96,9685.26,2,0
CUST_07229,68,Female,8,301,72,9197.85,3,0
CUST_07230,59,Female,46,313,67,8980.25,4,0
CUST_07231,24,Male,24,209,33,1088.59,5,0
CUST_07232,67,Female,40,192,100,6356.5,5,0
CUST_07233,65,Female,51,127,81,10022.58,7,0
CUST_07234,37,Male,24,10,65,2916.96,7,0
CUST_07235,44,Male,22,330,100,9413.67,7,1
CUST_07236,23,Male,68,66,104,12517.53,2,0
CUST_07237,44,Female,8,358,60,2713.9,3,0
CUST_07238,26,Male,58,341,81,5611.02,3,0
CUST_07239,62,Female,15,158,58,8035.36,6,1
CUST_07240,48,Male,8,256,44,2774.65,4,1
CUST_07241,38,Male,42,338,118,11403.19,3,0
CUST_07242,43,Male,39,35,48,3531.31,9,0
CUST_07243,57,Male,35,309,37,4935.78,4,0
CUST_07244,65,Male,41,167,25,1806.5,0,0
CUST_07245,62,Male,48,22,25,1587.39,3,0
CUST_07246,30,Male,71,67,57,2188.33,6,0
CUST_07247,66,Female,44,198,13,807.92,2,0
CUST_07248,40,Female,35,100,77,8115.02,6,0
CUST_07249,37,Female,27,336,12,464.81,4,0
CUST_07250,54,Female,65,195,96,10581.65,0,0
CUST_07251,45,Female,70,100,99,1627.3,3,0
CUST_07252,34,Female,66,75,92,5937.56,9,0
CUST_07253,45,Male,71,17,108,8413.33,2,0
CUST_07254,58,Female,63,147,63,1762.5,3,0
CUST_07255,19,Female,29,250,62,6655.9,5,0
CUST_07256,42,Female,31,255,116,3349.17,9,1
CUST_07257,67,Female,64,188,84,2280.17,3,0
CUST_07258,58,Male,53,328,28,1810.79,6,0
CUST_07259,23,Female,68,346,55,6306.87,7,1
CUST_07260,28,Male,25,240,95,13784.13,2,0
CUST_07261,55,Male,13,307,88,10539.09,2,1
CUST_07262,23,Male,40,176,116,9037.63,1,0
CUST_07263,62,Male,7,313,75,3885.05,5,1
CUST_07264,28,Male,32,32,42,2339.02,5,0
CUST_07265,31,Male,24,335,61,3251.26,0,0
CUST_07266,19,Female,1,122,80,4205.89,8,1
CUST_07267,57,Male,47,324,38,924.46,1,0
CUST_07268,20,Female,51,28,81,3625.58,3,0
CUST_07269,52,Female,36,189,109,3223.15,8,0
CUST_07270,50,Female,27,333,114,1823.48,6,0
CUST_07271,41,Male,70,140,108,5784.07,2,0
CUST_07272,36,Female,42,271,5,312.73,9,1
CUST_07273,35,Male,68,285,84,11777.09,1,0
CUST_07274,66,Male,70,343,48,7166.44,8,0
CUST_07275,69,Female,13,269,35,3262.84,1,0
CUST_07276,41,Female,25,294,48,6558.37,3,0
CUST_07277,62,Female,22,186,107,10535.28,1,0
CUST_07278,52,Male,21,110,14,1150.42,6,0
CUST_07279,18,Male,15,255,54,1121.16,5,1
CUST_07280,53,Male,67,35,26,546.53,7,0
CUST_07281,42,Female,37,332,118,2260.6,2,0
CUST_07282,62,Male,45,222,109,3843.43,6,1
CUST_07283,66,Female,26,110,43,1091.42,7,0
CUST_07284,60,Male,55,261,110,4540.98,0,0
CUST_07285,51,Male,50,2,42,3573.92,7,0
CUST_07286,42,Male,35,234,88,7298.03,0,0
CUST_07287,33,Male,41,286,95,5839.14,5,0
CUST_07288,51,Female,11,99,18,1888.32,1,0
CUST_07289,46,Female,8,119,103,6994.7,8,1
CUST_07290,36,Male,54,10,55,2460.28,9,0
CUST_07291,40,Male,1,73,50,5422.03,9,1
CUST_07292,36,Female,20,209,86,12670.17,9,1
CUST_07293,42,Female,34,124,21,2613.35,2,0
CUST_07294,33,Female,57,38,34,2410.5,3,0
CUST_07295,68,Male,13,94,89,5848.65,9,0
CUST_07296,26,Male,54,233,40,808.7,4,0
CUST_07297,18,Male,53,163,119,12340.87,2,0
CUST_07298,59,Male,52,327,111,5001.02,6,0
CUST_07299,36,Female,6,140,30,3218.25,1,0
CUST_07300,50,Male,36,242,70,8233.6,6,0
CUST_07301,51,Female,25,170,117,15651.38,4,0
CUST_07302,33,Male,58,98,109,9702.5,8,0
CUST_07303,61,Female,55,67,25,3176.17,1,0
CUST_07304,57,Male,3,289,69,7771.47,8,1
CUST_07305,35,Male,28,104,29,1816.92,8,0
CUST_07306,51,Female,68,141,86,2525.64,7,0
CUST_07307,42,Male,38,203,67,3195.43,4,0
CUST_07308,62,Male,34,290,57,7354.03,2,0
CUST_07309,23,Male,13,306,47,4095.91,9,1
CUST_07310,38,Female,5,137,94,9855.99,0,0
CUST_07311,23,Female,60,263,88,10896.16,9,0
CUST_07312,49,Female,17,106,105,11030.33,2,0
CUST_07313,58,Female,57,130,17,2219.65,5,0
CUST_07314,65,Female,31,261,49,1306.27,3,0
CUST_07315,60,Female,65,113,109,14932.16,5,0
CUST_07316,56,Female,66,322,50,6235.2,3,0
CUST_07317,48,Female,33,116,84,11500.11,8,0
CUST_07318,59,Male,4,138,90,10229.92,7,0
CUST_07319,27,Female,55,161,5,260.22,9,0
CUST_07320,47,Female,24,108,13,394.86,5,0
CUST_07321,69,Male,32,248,63,2047.57,9,1
CUST_07322,35,Male,47,134,39,3211.73,7,0
CUST_07323,41,Male,16,14,68,4608.8,6,0
CUST_07324,69,Male,21,78,45,4649.37,4,0
CUST_07325,26,Male,67,271,17,1410.02,8,1
CUST_07326,48,Male,31,225,104,3319.49,3,0
CUST_07327,32,Male,14,121,59,902.89,3,0
CUST_07328,21,Female,6,223,99,3199.91,9,1
CUST_07329,57,Male,69,209,95,3306.93,8,0
CUST_07330,26,Male,29,240,80,8975.12,3,0
CUST_07331,62,Male,55,21,98,5244.27,3,0
CUST_07332,26,Female,37,285,59,1630.82,7,0
CUST_07333,43,Male,59,329,96,11229.71,5,0
CUST_07334,21,Male,36,93,97,13770.66,6,0
CUST_07335,34,Female,59,255,8,228.52,3,0
CUST_07336,33,Male,64,162,30,4350.39,0,0
CUST_07337,32,Male,43,303,3,429.86,3,0
CUST_07338,52,Male,42,252,17,1455.55,3,0
CUST_07339,69,Female,60,265,51,2801.35,1,0
CUST_07340,22,Female,62,188,24,807.42,7,0
CUST_07341,22,Female,64,112,80,10097.62,4,0
CUST_07342,37,Male,58,30,64,6184.95,8,0
CUST_07343,32,Female,2,273,84,8645.73,4,1
CUST_07344,35,Male,71,315,74,9710.16,3,0
CUST_07345,64,Male,8,168,119,8916.96,2,0
CUST_07346,19,Male,56,96,88,5693.13,9,0
CUST_07347,46,Female,36,135,111,13088.14,9,0
CUST_07348,30,Male,69,38,71,3913.86,0,0
CUST_07349,21,Female,13,288,112,6638.24,6,1
CUST_07350,59,Female,39,69,49,3255.92,8,0
CUST_07351,62,Male,6,234,20,2612.17,1,0
CUST_07352,27,Male,19,67,77,9253.9,3,0
CUST_07353,48,Male,25,56,29,1575.9,7,0
CUST_07354,58,Male,3,276,10,343.88,8,1
CUST_07355,25,Male,53,192,9,612.24,8,0
CUST_07356,20,Female,28,120,71,7051.33,5,0
CUST_07357,65,Male,26,11,108,11479.68,1,0
CUST_07358,63,Female,47,146,63,2649.66,0,0
CUST_07359,26,Male,8,14,33,1606.09,3,0
CUST_07360,47,Female,57,34,24,3373.53,5,0
CUST_07361,28,Female,55,204,80,5358.65,1,0
CUST_07362,52,Female,1,86,32,1837.1,5,0
CUST_07363,54,Female,40,154,4,435.68,0,0
CUST_07364,59,Male,23,170,62,4846.13,5,0
CUST_07365,30,Male,54,167,78,3768.82,4,0
CUST_07366,53,Female,42,185,119,8360.36,1,0
CUST_07367,30,Female,50,306,93,3205.37,3,0
CUST_07368,29,Female,4,113,22,1160.3,8,1
CUST_07369,54,Male,8,144,23,1644.33,1,0
CUST_07370,27,Male,36,318,90,7643.63,4,0
CUST_07371,26,Male,10,354,26,2993.22,2,0
CUST_07372,69,Female,30,211,49,3281.4,1,0
CUST_07373,24,Female,16,191,44,3901.49,9,1
CUST_07374,19,Female,30,286,111,15915.83,7,0
CUST_07375,40,Female,64,182,22,2760.4,9,1
CUST_07376,56,Female,11,155,108,5075.59,8,0
CUST_07377,57,Female,34,342,67,2935.96,5,0
CUST_07378,56,Male,55,192,42,4387.49,4,0
CUST_07379,38,Female,4,81,52,4959.22,6,1
CUST_07380,40,Male,49,335,17,1510.07,2,0
CUST_07381,46,Female,44,332,14,501.38,5,0
CUST_07382,31,Male,31,49,64,4093.02,6,0
CUST_07383,43,Female,48,304,45,5288.18,0,0
CUST_07384,68,Female,26,55,64,7211.8,3,0
CUST_07385,22,Female,70,336,30,1118.95,6,0
CUST_07386,48,Female,12,67,13,944.14,9,1
CUST_07387,42,Female,45,115,26,1943.92,5,0
CUST_07388,48,Female,8,112,104,8700.49,9,1
CUST_07389,67,Male,9,159,32,2472.2,1,0
CUST_07390,37,Female,1,107,46,3805.65,7,0
CUST_07391,61,Male,5,26,98,12227.9,6,0
CUST_07392,34,Female,71,110,51,3446.48,1,0
CUST_07393,62,Female,54,66,87,7788.54,8,0
CUST_07394,19,Female,24,205,34,3295.06,5,0
CUST_07395,42,Female,26,101,108,15358.81,1,0
CUST_07396,30,Female,10,206,116,11993.17,4,0
CUST_07397,56,Female,61,1,76,2480.81,0,0
CUST_07398,45,Female,40,224,87,8145.97,1,0
CUST_07399,59,Female,44,70,28,2922.05,8,0
CUST_07400,23,Female,12,150,19,309.37,9,1
CUST_07401,20,Male,22,215,48,1207.98,0,0
CUST_07402,52,Female,27,310,98,1721.34,3,0
CUST_07403,35,Female,67,142,72,1549.02,8,0
CUST_07404,28,Female,69,14,34,921.56,3,0
CUST_07405,37,Female,14,199,106,15296.34,9,0
CUST_07406,22,Male,25,19,16,686.52,0,0
CUST_07407,36,Male,52,315,71,3025.69,4,0
CUST_07408,39,Female,59,150,27,3530.29,5,0
CUST_07409,36,Female,38,262,51,5947.73,0,0
CUST_07410,64,Female,20,319,84,8923.75,7,1
CUST_07411,33,Male,20,333,54,3884.45,0,0
CUST_07412,41,Female,56,74,99,1901.68,5,0
CUST_07413,58,Female,30,351,17,2151.91,8,1
CUST_07414,21,Male,41,266,92,12071.09,2,0
CUST_07415,32,Male,71,293,72,5763.03,4,0
CUST_07416,42,Male,63,145,68,6940.04,0,0
CUST_07417,61,Male,69,133,97,7709.88,0,0
CUST_07418,52,Male,29,148,114,6267.88,1,0
CUST_07419,31,Male,44,79,86,7562.83,5,0
CUST_07420,66,Female,57,309,95,10256.28,6,1
CUST_07421,36,Male,24,215,1,35.87,4,0
CUST_07422,55,Male,19,33,105,9097.89,0,0
CUST_07423,53,Male,17,194,14,1676.56,0,0
CUST_07424,24,Male,69,178,7,554.43,0,0
CUST_07425,47,Female,61,288,64,2315.57,2,0
CUST_07426,36,Male,4,335,72,9533.73,3,1
CUST_07427,66,Female,22,201,8,847.77,7,1
CUST_07428,42,Female,6,3,54,5421.13,8,0
CUST_07429,33,Male,30,53,24,2471.42,4,0
CUST_07430,64,Female,11,258,55,2644.57,3,0
CUST_07431,57,Female,48,121,1,81.46,9,1
CUST_07432,68,Male,46,150,99,5841.82,8,0
CUST_07433,25,Female,27,153,105,13390.25,5,0
CUST_07434,35,Female,19,217,72,6802.78,2,0
CUST_07435,45,Female,59,135,69,7716.59,6,0
CUST_07436,33,Male,68,256,32,3332.5,8,0
CUST_07437,69,Female,54,62,1,80.3,9,0
CUST_07438,36,Male,17,287,66,8161.26,1,0
CUST_07439,59,Male,50,63,42,4119.13,8,0
CUST_07440,34,Male,40,293,110,5017.76,1,0
CUST_07441,62,Female,11,68,79,4285.83,4,0
CUST_07442,30,Female,14,225,106,13423.9,0,0
CUST_07443,24,Male,13,335,9,1278.6,1,0
CUST_07444,44,Male,28,137,76,6762.52,6,0
CUST_07445,27,Female,44,46,74,4961.55,3,0
CUST_07446,51,Female,63,95,24,2385.04,6,0
CUST_07447,53,Male,61,290,105,8428.71,3,0
CUST_07448,42,Female,17,364,114,14663.68,0,0
CUST_07449,23,Male,50,247,19,2421.63,5,0
CUST_07450,41,Female,26,316,51,3905.62,8,1
CUST_07451,35,Female,7,292,81,10013.11,5,0
CUST_07452,40,Male,16,214,2,82.1,6,0
CUST_07453,23,Female,17,256,10,654.78,6,0
CUST_07454,46,Female,35,48,69,1776.49,0,0
CUST_07455,42,Male,23,93,103,12777.38,1,0
CUST_07456,34,Male,69,6,6,879.95,0,0
CUST_07457,63,Male,9,193,62,5757.52,0,0
CUST_07458,41,Male,18,103,66,7819.48,7,0
CUST_07459,28,Female,48,74,8,553.72,3,0
CUST_07460,43,Male,66,74,68,6175.06,9,0
CUST_07461,68,Female,23,113,59,3651.69,7,0
CUST_07462,51,Male,10,152,50,5453.72,4,0
CUST_07463,45,Female,38,263,95,4583.09,0,0
CUST_07464,20,Male,59,86,36,1284.76,8,0
CUST_07465,28,Male,68,58,8,1090.44,2,0
CUST_07466,55,Male,43,149,95,12509.41,6,0
CUST_07467,31,Female,12,214,17,2171.23,6,1
CUST_07468,68,Male,53,300,59,7428.59,9,0
CUST_07469,43,Male,14,281,110,12483.15,9,1
CUST_07470,65,Female,52,95,104,13841.63,3,0
CUST_07471,38,Female,61,208,78,3383.56,7,0
CUST_07472,56,Female,41,143,8,1060.03,7,0
CUST_07473,47,Male,21,83,89,12362.27,1,0
CUST_07474,25,Male,48,52,78,8709.52,7,0
CUST_07475,68,Female,56,17,87,8344.38,4,0
CUST_07476,37,Female,35,218,43,2015.39,1,0
CUST_07477,65,Male,44,228,105,13852.83,5,0
CUST_07478,49,Male,39,292,63,5850.92,7,1
CUST_07479,39,Female,15,201,81,7892.67,3,0
CUST_07480,24,Male,12,82,113,10948.09,9,0
CUST_07481,26,Female,8,128,12,1584.18,8,1
CUST_07482,62,Male,67,80,84,2813.32,7,0
CUST_07483,18,Female,1,189,98,2285.92,6,0
CUST_07484,46,Female,42,156,56,2533.32,6,0
CUST_07485,25,Male,31,316,49,3987.99,7,1
CUST_07486,21,Male,30,160,52,4075.3,6,0
CUST_07487,52,Female,43,242,11,925.37,0,0
CUST_07488,20,Male,26,314,27,821.75,4,0
CUST_07489,62,Female,12,82,62,7566.51,1,0
CUST_07490,57,Female,59,44,9,502.08,4,0
CUST_07491,24,Female,69,162,82,11339.46,4,0
CUST_07492,44,Male,11,221,102,13096.3,5,0
CUST_07493,18,Male,47,149,36,848.43,5,0
CUST_07494,44,Female,23,124,46,1022.63,5,0
CUST_07495,33,Male,43,1,92,9191.91,6,0
CUST_07496,55,Female,39,183,84,2136.31,1,0
CUST_07497,24,Female,55,208,118,10879.38,3,0
CUST_07498,61,Male,18,97,106,2722.83,4,0
CUST_07499,40,Male,42,21,29,2311.65,9,0
CUST_07500,58,Male,26,355,68,4867.4,6,1
CUST_07501,28,Female,18,223,79,7487.31,1,0
CUST_07502,59,Male,41,48,41,2586.54,7,0
CUST_07503,50,Male,42,32,108,3661.89,1,0
CUST_07504,67,Female,33,288,28,3603.2,4,0
CUST_07505,53,Male,43,130,64,3545.96,8,0
CUST_07506,54,Male,14,278,104,2507.18,1,0
CUST_07507,58,Male,55,245,24,1981.93,1,0
CUST_07508,34,Female,58,52,101,13482.1,1,0
CUST_07509,52,Male,10,209,16,846.36,6,1
CUST_07510,65,Female,28,352,22,1668.74,4,0
CUST_07511,22,Female,14,230,47,3259.29,8,1
CUST_07512,65,Female,26,186,17,366.05,3,0
CUST_07513,49,Female,17,162,1,132.23,0,0
CUST_07514,20,Male,34,199,31,3640.92,7,0
CUST_07515,69,Male,14,279,89,2485.66,5,1
CUST_07516,64,Male,26,33,12,394.11,8,0
CUST_07517,52,Female,34,19,20,328.57,2,0
CUST_07518,69,Male,24,121,19,2813.37,9,0
CUST_07519,31,Male,70,69,5,355.92,6,0
CUST_07520,65,Male,20,293,15,2109.04,0,0
CUST_07521,48,Male,39,215,105,7530.53,1,0
CUST_07522,48,Female,45,123,25,725.33,4,0
CUST_07523,34,Female,34,280,35,2147.21,9,1
CUST_07524,41,Male,22,54,108,7717.82,1,0
CUST_07525,69,Female,71,21,55,2136.36,7,0
CUST_07526,40,Female,33,97,63,1400.08,4,0
CUST_07527,35,Female,6,346,115,6638.95,8,1
CUST_07528,67,Female,16,138,47,4126.82,2,0
CUST_07529,31,Male,23,42,67,3314.42,5,0
CUST_07530,67,Male,18,246,116,16752.99,3,0
CUST_07531,32,Female,14,28,82,6559.37,6,0
CUST_07532,32,Female,50,58,64,2085.55,6,0
CUST_07533,23,Female,61,127,22,1558.08,4,0
CUST_07534,44,Female,36,263,80,8843.16,9,1
CUST_07535,32,Female,15,144,79,6380.44,4,0
CUST_07536,67,Female,5,93,69,4120.44,3,0
CUST_07537,53,Female,53,35,106,3111.15,8,0
CUST_07538,25,Male,48,92,106,8166.24,6,0
CUST_07539,32,Female,11,263,77,2167.33,5,0
CUST_07540,20,Female,2,14,114,7417.88,2,0
CUST_07541,64,Female,24,315,92,2823.51,4,0
CUST_07542,30,Male,68,318,74,7864.84,3,0
CUST_07543,58,Male,12,202,80,9544.12,4,0
CUST_07544,51,Female,59,322,2,95.74,1,0
CUST_07545,41,Female,67,278,114,2859.88,4,0
CUST_07546,57,Female,32,144,100,6184.91,6,0
CUST_07547,49,Male,36,355,115,10427.19,9,1
CUST_07548,49,Male,21,299,25,2966.79,9,1
CUST_07549,47,Male,70,353,61,4232.86,2,0
CUST_07550,69,Female,66,354,5,322.01,3,0
CUST_07551,66,Male,9,245,28,3853.51,0,0
CUST_07552,30,Female,44,12,81,6132.32,8,0
CUST_07553,18,Male,59,71,66,4974.71,2,0
CUST_07554,51,Female,24,184,15,1055.25,9,1
CUST_07555,32,Female,63,104,55,3521.91,5,0
CUST_07556,61,Female,41,11,38,4307.12,0,0
CUST_07557,31,Male,2,208,93,4932.78,4,0
CUST_07558,46,Female,28,225,23,1521.1,9,1
CUST_07559,51,Male,16,317,82,4354.95,4,1
CUST_07560,35,Male,59,273,14,1287.9,4,0
CUST_07561,24,Male,1,54,32,4628.89,0,0
CUST_07562,46,Female,1,173,44,2978.35,6,1
CUST_07563,48,Male,31,247,70,10199.52,4,0
CUST_07564,42,Female,22,153,92,9536.12,0,0
CUST_07565,55,Male,59,106,118,14441.45,7,0
CUST_07566,31,Male,28,159,116,6954.83,5,0
CUST_07567,25,Male,27,106,116,5254.45,6,0
CUST_07568,44,Female,1,193,82,7615.29,3,0
CUST_07569,19,Male,2,295,99,14726.39,0,0
CUST_07570,34,Female,66,276,58,6430.79,7,1
CUST_07571,54,Female,49,73,102,10915.97,0,0
CUST_07572,31,Female,19,43,4,303.06,8,0
CUST_07573,42,Male,28,194,115,15379.0,5,0
CUST_07574,47,Male,70,129,62,6763.62,4,0
CUST_07575,46,Female,39,311,113,11990.34,1,0
CUST_07576,37,Female,19,108,60,3269.51,7,0
CUST_07577,38,Male,64,103,95,13707.93,8,0
CUST_07578,39,Female,58,133,75,3660.18,2,0
CUST_07579,52,Male,17,250,110,9426.75,9,1
CUST_07580,54,Female,70,270,59,3589.56,7,0
CUST_07581,33,Male,41,103,75,2955.35,9,0
CUST_07582,67,Male,5,296,29,999.13,4,1
CUST_07583,66,Male,23,238,19,1036.26,9,1
CUST_07584,60,Female,69,108,17,1836.21,3,0
CUST_07585,34,Female,10,137,4,586.38,9,1
CUST_07586,33,Male,68,298,44,5728.41,8,1
CUST_07587,19,Female,12,289,4,177.73,6,1
CUST_07588,21,Female,10,25,59,1509.56,3,0
CUST_07589,38,Female,60,118,12,1292.42,4,0
CUST_07590,56,Male,30,230,113,2153.18,4,0
CUST_07591,51,Female,24,334,47,6156.13,1,0
CUST_07592,47,Male,69,256,7,885.14,4,0
CUST_07593,23,Male,13,9,85,10382.71,2,0
CUST_07594,34,Female,9,119,97,8688.94,4,0
CUST_07595,56,Female,18,119,101,14789.14,0,0
CUST_07596,42,Female,35,91,12,922.55,7,0
CUST_07597,22,Female,4,172,71,10520.91,8,1
CUST_07598,22,Female,41,211,54,7238.84,8,0
CUST_07599,37,Male,26,314,58,1860.82,7,1
CUST_07600,33,Male,44,116,63,8556.1,1,0
CUST_07601,68,Female,42,288,15,842.36,1,0
CUST_07602,58,Female,10,22,37,4392.41,9,0
CUST_07603,54,Female,1,349,56,841.58,4,0
CUST_07604,57,Female,54,55,73,3813.48,5,0
CUST_07605,26,Female,16,108,97,11386.88,4,0
CUST_07606,22,Female,46,77,102,14919.22,0,0
CUST_07607,59,Male,13,61,80,3046.4,0,0
CUST_07608,19,Male,64,122,31,2387.64,7,0
CUST_07609,26,Female,55,92,15,1414.02,4,0
CUST_07610,60,Female,63,323,2,287.19,7,1
CUST_07611,53,Female,18,222,13,990.49,2,0
CUST_07612,39,Male,61,130,5,705.14,4,0
CUST_07613,39,Female,20,248,48,7058.66,1,0
CUST_07614,39,Female,65,121,33,4689.97,7,0
CUST_07615,51,Female,64,201,32,3714.52,0,0
CUST_07616,46,Male,64,161,53,1698.18,4,0
CUST_07617,55,Female,13,250,106,10210.54,6,0
CUST_07618,63,Female,68,218,112,13073.32,9,0
CUST_07619,50,Female,70,63,109,15686.44,4,0
CUST_07620,35,Female,57,217,21,2520.52,2,0
CUST_07621,24,Female,45,341,66,5791.91,3,0
CUST_07622,18,Male,38,64,100,4269.71,8,0
CUST_07623,50,Male,54,212,61,4678.86,4,0
CUST_07624,18,Female,36,120,54,5463.21,2,0
CUST_07625,41,Male,67,69,97,5705.63,6,0
CUST_07626,21,Female,11,124,75,5746.56,5,0
CUST_07627,21,Male,27,145,41,711.09,2,0
CUST_07628,35,Male,17,296,87,11629.15,9,1
CUST_07629,44,Female,33,358,38,748.35,2,0
CUST_07630,60,Male,5,129,33,2318.39,3,0
CUST_07631,49,Female,62,13,104,8734.07,9,0
CUST_07632,50,Female,65,274,8,1170.21,2,0
CUST_07633,45,Male,71,68,100,14124.71,5,0
CUST_07634,59,Female,67,270,36,3681.31,0,0
CUST_07635,58,Male,44,133,33,3096.96,0,0
CUST_07636,53,Female,14,62,29,1870.07,6,0
CUST_07637,23,Male,57,161,95,1951.95,7,0
CUST_07638,33,Male,48,26,57,2915.01,3,0
CUST_07639,51,Female,17,247,94,12167.6,6,0
CUST_07640,40,Female,44,189,72,7381.18,1,0
CUST_07641,67,Male,4,286,61,7621.8,8,0
CUST_07642,59,Female,30,318,90,11519.23,8,1
CUST_07643,41,Female,55,337,87,2035.63,6,0
CUST_07644,66,Female,30,220,114,6898.63,4,0
CUST_07645,30,Male,18,326,55,5844.21,6,1
CUST_07646,35,Female,44,249,52,6768.68,6,0
CUST_07647,30,Female,62,91,115,14167.25,2,0
CUST_07648,66,Female,31,36,43,3095.56,6,0
CUST_07649,54,Female,16,7,26,3661.68,2,0
CUST_07650,60,Male,23,321,116,6449.23,2,0
CUST_07651,56,Male,14,202,106,6967.36,6,0
CUST_07652,59,Male,2,333,102,4028.16,6,0
CUST_07653,34,Male,12,41,103,4700.33,5,0
CUST_07654,32,Male,58,32,2,32.35,6,0
CUST_07655,35,Female,56,142,55,3115.54,9,0
CUST_07656,40,Male,24,256,90,5074.83,9,0
CUST_07657,68,Male,37,161,18,433.48,4,0
CUST_07658,47,Male,29,30,91,5547.77,8,0
CUST_07659,51,Male,42,262,50,2784.34,0,0
CUST_07660,21,Male,18,10,81,9952.66,4,0
CUST_07661,20,Female,3,203,45,1624.2,2,0
CUST_07662,24,Male,13,359,15,1693.29,7,1
CUST_07663,35,Female,29,276,107,3482.65,6,1
CUST_07664,59,Male,66,345,7,573.94,0,0
CUST_07665,24,Female,59,124,81,9267.36,8,0
CUST_07666,57,Male,48,118,83,8040.34,4,0
CUST_07667,23,Female,4,268,27,2759.22,0,0
CUST_07668,39,Female,51,278,40,1714.4,0,0
CUST_07669,18,Female,5,76,17,2153.89,7,0
CUST_07670,21,Female,39,14,32,4593.13,2,0
CUST_07671,63,Female,41,106,16,573.44,8,0
CUST_07672,66,Female,5,176,63,8499.71,7,0
CUST_07673,69,Female,8,182,94,6456.71,5,0
CUST_07674,67,Female,56,36,78,8528.73,5,0
CUST_07675,60,Female,25,55,118,9842.06,4,0
CUST_07676,46,Female,52,270,60,7326.05,1,0
CUST_07677,38,Male,52,2,114,2406.9,5,0
CUST_07678,43,Female,7,256,105,6163.26,7,0
CUST_07679,31,Female,61,2,82,1755.68,5,0
CUST_07680,26,Female,47,61,86,12223.13,6,0
CUST_07681,64,Male,66,363,52,1974.46,1,0
CUST_07682,29,Female,59,107,80,5785.3,1,0
CUST_07683,59,Female,5,134,49,4978.17,2,0
CUST_07684,68,Female,44,23,49,3787.83,9,0
CUST_07685,68,Male,42,73,80,6994.66,6,0
CUST_07686,23,Male,61,351,26,1106.1,7,0
CUST_07687,37,Male,63,28,51,1226.5,3,0
CUST_07688,41,Female,50,25,43,2139.14,9,0
CUST_07689,44,Male,38,355,70,4047.13,5,0
CUST_07690,55,Female,54,65,115,8180.51,8,0
CUST_07691,25,Female,44,194,71,3901.68,6,0
CUST_07692,18,Female,24,207,9,178.51,3,0
CUST_07693,66,Male,63,299,44,1221.97,7,1
CUST_07694,66,Male,39,40,64,6781.79,7,0
CUST_07695,41,Female,12,23,90,2117.31,6,0
CUST_07696,64,Female,63,177,2,42.48,4,0
CUST_07697,24,Male,9,264,36,4485.28,9,1
CUST_07698,36,Female,22,128,3,61.7,9,0
CUST_07699,39,Female,36,263,54,1311.07,5,1
CUST_07700,52,Male,28,277,21,1872.87,9,1
CUST_07701,47,Male,56,35,108,8076.67,2,0
CUST_07702,46,Female,29,101,67,9728.47,2,0
CUST_07703,39,Male,5,225,9,1273.27,3,1
CUST_07704,28,Male,4,229,12,1249.55,1,0
CUST_07705,37,Male,51,99,72,1778.55,5,0
CUST_07706,46,Female,15,82,115,9537.03,2,0
CUST_07707,68,Female,60,317,37,780.11,1,0
CUST_07708,58,Male,26,330,85,11693.58,8,1
CUST_07709,59,Male,23,196,37,3851.62,0,0
CUST_07710,51,Male,29,68,104,9617.5,3,0
CUST_07711,18,Female,57,273,67,4875.39,8,1
CUST_07712,48,Male,62,299,115,9638.35,4,0
CUST_07713,47,Female,59,359,56,3866.23,5,0
CUST_07714,65,Male,48,344,105,2987.03,3,0
CUST_07715,35,Male,35,359,85,8859.82,9,1
CUST_07716,34,Male,46,141,63,9419.47,5,0
CUST_07717,55,Female,33,185,26,784.85,6,0
CUST_07718,31,Female,71,154,88,13130.88,5,0
CUST_07719,40,Female,10,189,46,6276.59,5,0
CUST_07720,42,Male,48,62,53,7192.89,2,0
CUST_07721,32,Male,44,19,60,7633.12,7,0
CUST_07722,63,Female,70,81,116,16202.85,7,0
CUST_07723,39,Female,63,30,98,4730.2,3,0
CUST_07724,20,Female,49,127,32,2368.49,7,0
CUST_07725,36,Male,41,218,91,7259.53,8,1
CUST_07726,61,Male,39,13,62,1498.99,4,0
CUST_07727,51,Male,23,177,47,6929.16,2,0
CUST_07728,52,Female,13,338,61,6592.56,6,0
CUST_07729,67,Female,53,121,94,7140.42,3,0
CUST_07730,18,Female,70,179,4,595.82,7,0
CUST_07731,69,Male,57,111,2,103.49,2,0
CUST_07732,38,Female,67,9,23,1391.45,0,0
CUST_07733,46,Male,48,222,55,2242.1,4,0
CUST_07734,23,Male,20,285,41,1647.34,5,0
CUST_07735,54,Female,62,349,68,2750.25,8,1
CUST_07736,18,Female,45,110,37,3606.13,2,0
CUST_07737,68,Female,63,136,11,601.79,5,0
CUST_07738,18,Female,8,108,36,5165.4,7,0
CUST_07739,44,Male,26,337,100,12525.8,9,1
CUST_07740,38,Female,38,204,15,551.44,3,0
CUST_07741,33,Female,41,15,101,12886.33,9,0
CUST_07742,61,Male,2,162,67,4131.47,9,1
CUST_07743,57,Female,7,195,112,5123.85,5,1
CUST_07744,43,Female,25,261,30,3617.39,2,0
CUST_07745,33,Male,51,354,57,7449.6,9,1
CUST_07746,45,Male,50,9,62,8968.96,8,0
CUST_07747,18,Male,64,216,87,6240.47,5,0
CUST_07748,53,Female,12,261,33,2999.21,1,0
CUST_07749,27,Female,53,113,65,6370.9,6,0
CUST_07750,60,Female,10,117,1,99.74,6,0
CUST_07751,34,Male,61,340,3,207.87,0,0
CUST_07752,40,Female,55,47,9,320.11,3,0
CUST_07753,24,Female,68,318,32,784.33,0,0
CUST_07754,61,Male,42,301,77,10572.75,5,1
CUST_07755,24,Female,66,322,45,2901.8,4,0
CUST_07756,61,Female,44,279,95,3742.32,2,0
CUST_07757,32,Male,28,98,57,8423.59,8,0
CUST_07758,51,Male,58,93,21,2591.24,8,0
CUST_07759,63,Female,2,299,23,3391.57,5,1
CUST_07760,62,Female,55,252,77,4053.18,5,0
CUST_07761,21,Female,34,163,26,2016.0,8,0
CUST_07762,31,Female,20,158,89,11051.45,1,0
CUST_07763,31,Male,47,67,117,10472.12,0,0
CUST_07764,33,Male,26,138,72,4530.24,9,1
CUST_07765,24,Female,1,312,104,3784.31,2,0
CUST_07766,49,Male,65,290,30,2725.15,7,0
CUST_07767,36,Female,15,65,115,11014.96,1,0
CUST_07768,19,Male,14,262,69,7748.77,7,1
CUST_07769,27,Male,55,198,24,2921.3,9,0
CUST_07770,67,Male,1,171,74,2289.91,5,0
CUST_07771,34,Male,33,16,83,8281.21,3,0
CUST_07772,54,Female,70,191,64,7711.65,3,0
CUST_07773,29,Male,56,25,35,2363.05,6,0
CUST_07774,23,Female,23,250,22,1148.43,6,1
CUST_07775,39,Female,54,27,39,3110.39,8,0
CUST_07776,49,Female,3,170,55,3127.39,3,0
CUST_07777,58,Male,46,117,102,8550.7,8,0
CUST_07778,37,Female,6,55,7,396.53,3,0
CUST_07779,18,Male,25,363,62,4468.01,1,0
CUST_07780,64,Female,17,26,39,5403.2,6,0
CUST_07781,23,Female,28,272,20,2774.84,8,1
CUST_07782,36,Male,32,108,104,15490.19,9,0
CUST_07783,35,Female,23,90,56,4515.09,1,0
CUST_07784,23,Male,16,357,96,3617.78,5,0
CUST_07785,62,Male,26,122,66,8911.23,5,0
CUST_07786,50,Female,33,345,15,1433.61,9,1
CUST_07787,40,Male,58,243,74,8579.72,2,0
CUST_07788,40,Female,48,269,21,775.95,7,0
CUST_07789,43,Female,55,252,79,4594.58,4,0
CUST_07790,30,Male,41,75,34,1773.25,3,0
CUST_07791,24,Male,62,112,35,3169.85,3,0
CUST_07792,32,Male,17,151,115,17206.15,4,0
CUST_07793,61,Male,59,270,5,488.34,9,0
CUST_07794,44,Male,14,98,56,5170.85,3,0
CUST_07795,43,Female,21,360,83,9750.52,5,1
CUST_07796,50,Female,63,255,7,415.73,7,1
CUST_07797,32,Female,46,168,53,2606.58,1,0
CUST_07798,53,Male,55,250,110,14094.96,6,0
CUST_07799,62,Female,62,320,44,6365.68,5,0
CUST_07800,44,Female,39,246,58,4169.62,3,0
CUST_07801,22,Male,42,213,106,2180.49,1,0
CUST_07802,19,Male,48,276,42,1645.84,0,0
CUST_07803,50,Male,28,334,100,13069.25,7,1
CUST_07804,33,Female,6,280,18,565.6,7,1
CUST_07805,40,Female,59,46,6,708.04,8,0
CUST_07806,55,Female,70,18,116,11453.04,4,0
CUST_07807,33,Female,39,246,4,452.44,8,0
CUST_07808,31,Female,57,350,69,3425.14,3,0
CUST_07809,46,Male,54,220,14,244.64,9,1
CUST_07810,43,Female,60,176,41,835.04,3,0
CUST_07811,52,Female,17,234,47,5304.17,4,0
CUST_07812,32,Male,40,149,97,9487.44,2,0
CUST_07813,20,Female,66,98,53,6808.44,4,0
CUST_07814,40,Male,54,5,21,1446.87,4,0
CUST_07815,46,Male,71,159,13,1169.99,9,1
CUST_07816,51,Female,44,87,66,7971.04,3,0
CUST_07817,50,Female,67,231,15,1230.72,4,0
CUST_07818,58,Male,57,120,111,16550.33,4,0
CUST_07819,58,Female,36,172,80,9223.23,8,0
CUST_07820,40,Female,57,64,99,10617.44,0,0
CUST_07821,24,Female,43,94,45,5544.31,6,0
CUST_07822,20,Male,44,170,84,10073.34,0,0
CUST_07823,49,Male,62,235,65,2902.83,0,0
CUST_07824,48,Male,61,121,46,1996.48,2,0
CUST_07825,35,Male,11,100,3,290.46,4,0
CUST_07826,60,Male,33,135,17,1255.73,8,0
CUST_07827,24,Female,66,315,17,2255.27,8,0
CUST_07828,58,Male,23,69,105,5687.2,0,0
CUST_07829,18,Male,49,198,84,5011.95,2,0
CUST_07830,31,Male,20,305,20,749.05,0,0
CUST_07831,69,Male,15,206,4,590.14,0,0
CUST_07832,49,Male,66,11,75,2299.97,8,0
CUST_07833,23,Male,30,357,15,2215.37,1,0
CUST_07834,56,Female,4,130,57,6290.69,0,0
CUST_07835,27,Male,64,223,45,1216.59,5,0
CUST_07836,24,Female,65,110,27,959.1,1,0
CUST_07837,43,Female,8,27,88,5204.42,4,0
CUST_07838,51,Male,52,320,20,1002.93,2,0
CUST_07839,47,Male,14,194,108,15808.21,9,1
CUST_07840,53,Male,58,346,79,7726.29,4,0
CUST_07841,38,Male,11,16,6,150.26,7,0
CUST_07842,34,Male,59,73,18,1546.73,5,0
CUST_07843,50,Female,24,116,86,11705.79,7,1
CUST_07844,27,Male,32,201,49,3488.04,5,0
CUST_07845,68,Female,46,133,85,8918.85,3,0
CUST_07846,64,Male,28,164,24,2865.14,3,0
CUST_07847,59,Female,16,7,81,3238.29,9,0
CUST_07848,68,Female,42,61,11,1435.42,9,0
CUST_07849,29,Male,16,352,18,1360.64,2,1
CUST_07850,33,Male,12,120,35,792.85,7,1
CUST_07851,58,Female,62,31,55,7350.86,9,0
CUST_07852,49,Female,34,48,95,8662.83,8,0
CUST_07853,32,Male,38,91,28,1169.66,7,0
CUST_07854,44,Male,47,6,88,5091.31,8,0
CUST_07855,45,Male,22,285,36,3307.15,9,1
CUST_07856,34,Male,3,84,109,7140.97,8,0
CUST_07857,63,Female,1,139,24,1116.16,2,0
CUST_07858,67,Female,53,275,33,2630.33,3,0
CUST_07859,19,Male,64,330,115,4597.83,2,0
CUST_07860,53,Male,44,133,94,4523.86,4,0
CUST_07861,67,Male,47,103,116,14686.66,8,0
CUST_07862,24,Female,38,326,37,1696.56,2,0
CUST_07863,30,Female,63,95,13,1415.37,5,0
CUST_07864,32,Male,41,18,16,781.01,3,0
CUST_07865,42,Male,21,21,112,4891.46,0,0
CUST_07866,40,Female,45,6,43,2102.96,7,0
CUST_07867,39,Male,13,24,73,5710.08,2,0
CUST_07868,43,Male,66,225,50,1737.39,7,0
CUST_07869,50,Male,66,60,111,3262.59,4,0
CUST_07870,28,Male,43,284,13,1523.08,7,1
CUST_07871,27,Male,62,220,71,1288.35,0,0
CUST_07872,42,Female,48,330,35,2346.41,5,1
CUST_07873,54,Female,26,279,108,7394.18,2,0
CUST_07874,65,Male,61,335,90,12200.45,4,0
CUST_07875,60,Male,62,46,114,13629.42,3,0
CUST_07876,55,Female,14,293,73,6127.72,8,1
CUST_07877,58,Male,54,142,35,2792.12,2,0
CUST_07878,62,Male,41,304,24,2192.55,6,1
CUST_07879,41,Male,60,78,97,6140.76,3,0
CUST_07880,57,Female,9,199,85,9316.42,2,0
CUST_07881,63,Male,44,115,53,5703.84,9,0
CUST_07882,50,Male,56,36,86,7961.74,2,0
CUST_07883,34,Male,3,60,39,888.75,3,0
CUST_07884,41,Male,59,245,19,610.34,6,0
CUST_07885,54,Female,13,79,44,893.3,8,1
CUST_07886,19,Female,30,191,46,5151.98,5,1
CUST_07887,49,Male,53,97,45,3576.42,0,0
CUST_07888,41,Male,51,304,32,4605.52,7,1
CUST_07889,26,Female,42,150,5,717.82,1,0
CUST_07890,21,Male,26,43,76,9329.23,8,0
CUST_07891,34,Female,59,297,104,7780.41,2,0
CUST_07892,34,Female,69,319,6,346.24,9,1
CUST_07893,67,Male,3,218,82,3454.78,6,1
CUST_07894,65,Female,41,207,7,324.71,5,0
CUST_07895,47,Male,1,146,83,12341.52,8,1
CUST_07896,57,Male,65,328,15,1298.96,2,0
CUST_07897,28,Female,70,259,106,1765.35,1,0
CUST_07898,38,Female,50,54,73,1531.51,2,0
CUST_07899,38,Female,59,119,20,1538.67,3,0
CUST_07900,35,Female,63,243,112,8385.44,4,0
CUST_07901,46,Male,25,142,59,4115.28,5,0
CUST_07902,41,Male,10,290,84,10599.66,6,0
CUST_07903,27,Male,1,127,4,439.7,9,0
CUST_07904,62,Female,14,225,74,2183.1,2,0
CUST_07905,34,Male,21,229,106,6779.94,8,1
CUST_07906,35,Male,58,241,40,3822.07,2,0
CUST_07907,59,Female,38,257,65,4331.34,2,0
CUST_07908,65,Male,1,245,35,1509.24,7,0
CUST_07909,37,Male,5,176,88,8781.27,9,1
CUST_07910,54,Male,44,355,44,4237.36,2,0
CUST_07911,62,Male,65,10,7,1026.01,6,0
CUST_07912,35,Male,57,83,22,1996.38,0,0
CUST_07913,34,Male,45,139,23,3059.69,0,0
CUST_07914,26,Male,60,119,65,9304.2,4,0
CUST_07915,31,Male,66,127,88,6485.23,8,0
CUST_07916,66,Male,47,99,20,442.81,7,0
CUST_07917,46,Male,26,66,32,1099.9,1,0
CUST_07918,48,Male,9,259,95,7888.42,7,0
CUST_07919,21,Male,51,143,97,13148.29,9,0
CUST_07920,35,Male,8,59,36,3719.08,8,0
CUST_07921,37,Female,5,244,18,759.6,3,1
CUST_07922,64,Female,39,361,101,11073.74,8,1
CUST_07923,60,Male,68,192,97,13164.8,3,0
CUST_07924,61,Male,40,348,33,629.65,7,1
CUST_07925,26,Female,36,130,69,3296.79,6,0
CUST_07926,30,Female,21,158,82,2925.71,6,0
CUST_07927,32,Female,26,166,9,1087.69,8,0
CUST_07928,44,Male,56,261,42,5684.68,7,0
CUST_07929,32,Female,57,133,95,8537.2,9,1
CUST_07930,45,Female,59,12,71,9195.01,9,0
CUST_07931,54,Male,7,132,79,8191.23,5,0
CUST_07932,36,Male,42,153,110,11401.99,3,0
CUST_07933,43,Male,13,282,4,373.04,4,1
CUST_07934,69,Male,34,55,46,1000.62,3,0
CUST_07935,43,Male,53,256,103,14573.68,0,0
CUST_07936,42,Female,46,126,72,4538.1,5,0
CUST_07937,43,Male,57,46,24,2960.35,8,0
CUST_07938,43,Male,61,174,72,8953.05,6,0
CUST_07939,63,Female,56,299,69,10031.07,9,1
CUST_07940,45,Male,29,21,23,1359.4,3,0
CUST_07941,66,Male,14,255,107,16012.43,0,0
CUST_07942,35,Male,68,165,55,3056.77,7,0
CUST_07943,49,Male,71,268,98,7441.63,1,0
CUST_07944,20,Male,13,101,15,1655.16,1,0
CUST_07945,19,Female,17,149,51,1832.1,6,0
CUST_07946,50,Male,29,141,50,2548.02,7,0
CUST_07947,59,Female,2,33,47,5324.88,1,0
CUST_07948,36,Male,62,236,83,12162.97,1,0
CUST_07949,34,Female,20,198,25,2848.2,3,0
CUST_07950,61,Female,56,235,39,5125.0,8,0
CUST_07951,50,Female,52,332,68,1364.13,8,0
CUST_07952,29,Male,25,120,46,4273.33,7,0
CUST_07953,66,Female,62,158,72,9964.97,6,0
CUST_07954,20,Female,17,37,93,9962.49,7,0
CUST_07955,60,Female,39,338,119,12652.37,6,0
CUST_07956,66,Male,10,144,106,4495.51,2,0
CUST_07957,43,Male,59,45,13,1706.3,3,0
CUST_07958,52,Male,25,199,38,5007.68,1,0
CUST_07959,25,Male,28,238,36,3524.07,7,1
CUST_07960,69,Female,61,129,37,2685.96,7,0
CUST_07961,53,Female,58,181,42,5303.63,6,0
CUST_07962,24,Female,44,28,109,8477.41,8,0
CUST_07963,63,Male,23,300,115,14496.09,6,0
CUST_07964,63,Male,17,67,107,8609.61,2,0
CUST_07965,53,Male,38,242,95,8860.86,7,1
CUST_07966,33,Male,30,363,19,2203.68,2,0
CUST_07967,41,Female,19,244,37,1878.64,0,0
CUST_07968,18,Male,32,167,89,4300.85,0,0
CUST_07969,66,Female,20,266,101,10621.02,3,0
CUST_07970,42,Female,64,51,65,9345.59,1,0
CUST_07971,27,Female,36,109,85,6393.24,9,0
CUST_07972,33,Male,65,335,105,14307.02,7,0
CUST_07973,33,Male,43,134,39,3313.26,0,0
CUST_07974,25,Male,26,167,105,15380.48,5,0
CUST_07975,46,Male,7,80,26,3170.09,3,0
CUST_07976,56,Female,34,338,42,5503.69,7,0
CUST_07977,45,Female,36,99,62,6618.29,2,0
CUST_07978,23,Male,6,153,53,7009.06,4,0
CUST_07979,33,Male,37,289,67,6366.86,6,0
CUST_07980,37,Female,62,83,50,4579.52,0,0
CUST_07981,33,Male,60,102,105,13959.86,3,0
CUST_07982,24,Female,64,331,69,1175.34,1,0
CUST_07983,58,Female,50,231,107,8520.96,3,0
CUST_07984,31,Female,52,252,29,3841.34,1,0
CUST_07985,60,Female,17,358,97,4023.58,1,0
CUST_07986,43,Female,60,321,2,288.66,9,1
CUST_07987,43,Female,54,25,18,2069.66,6,0
CUST_07988,31,Female,10,57,60,7075.62,7,0
CUST_07989,24,Male,25,302,116,12161.36,6,0
CUST_07990,50,Male,18,100,14,1055.73,8,1
CUST_07991,43,Female,64,119,118,9113.04,7,0
CUST_07992,62,Male,59,151,40,5131.18,7,1
CUST_07993,37,Female,27,80,64,2162.16,5,0
CUST_07994,20,Female,58,331,30,2564.37,4,0
CUST_07995,69,Female,61,150,29,1648.44,0,0
CUST_07996,21,Male,71,359,29,4288.6,1,0
CUST_07997,43,Male,43,126,19,294.47,9,1
CUST_07998,28,Male,11,289,110,2595.56,0,0
CUST_07999,19,Male,5,41,90,13103.76,8,0
CUST_08000,31,Female,58,190,110,9725.31,3,0
CUST_08001,61,Female,39,63,58,1954.73,2,0
CUST_08002,47,Female,48,205,118,8916.84,9,1
CUST_08003,66,Male,20,341,116,6792.82,1,0
CUST_08004,29,Male,19,204,40,5520.52,6,0
CUST_08005,43,Male,60,179,9,970.41,5,0
CUST_08006,61,Male,26,346,110,3588.21,9,1
CUST_08007,50,Female,25,321,108,9441.38,9,1
CUST_08008,30,Male,15,105,77,2552.71,6,0
CUST_08009,31,Male,21,313,102,10690.23,0,0
CUST_08010,41,Female,47,86,31,3508.45,0,0
CUST_08011,51,Female,35,328,78,7089.55,9,1
CUST_08012,61,Male,44,251,95,13813.38,3,0
CUST_08013,43,Female,6,338,15,2137.28,4,1
CUST_08014,38,Male,23,4,34,1455.15,1,0
CUST_08015,45,Male,39,321,114,1715.07,9,1
CUST_08016,65,Male,18,184,62,6477.21,5,0
CUST_08017,53,Female,40,181,74,5861.66,1,0
CUST_08018,57,Male,36,300,57,3430.2,6,1
CUST_08019,19,Male,28,16,21,2914.38,9,1
CUST_08020,59,Female,64,94,103,15151.15,1,0
CUST_08021,26,Male,58,279,54,7593.91,0,0
CUST_08022,40,Male,38,156,89,7344.85,8,0
CUST_08023,32,Male,44,357,37,4068.27,3,0
CUST_08024,30,Male,2,16,40,1526.5,0,0
CUST_08025,40,Female,35,41,20,2867.31,7,0
CUST_08026,34,Female,1,137,109,5809.3,8,0
CUST_08027,65,Male,46,258,71,2912.41,5,0
CUST_08028,19,Male,60,43,18,416.19,9,0
CUST_08029,37,Female,63,66,105,9376.51,9,0
CUST_08030,37,Male,45,352,44,6293.87,3,1
CUST_08031,63,Female,57,208,56,1865.05,1,0
CUST_08032,20,Male,37,245,90,2818.09,7,0
CUST_08033,29,Female,7,243,17,880.61,2,0
CUST_08034,57,Female,16,77,42,4402.78,5,0
CUST_08035,19,Female,50,219,71,6315.79,5,0
CUST_08036,53,Male,14,223,28,783.66,0,0
CUST_08037,31,Female,6,353,21,1568.92,6,1
CUST_08038,33,Female,61,21,37,889.33,6,0
CUST_08039,36,Female,21,147,23,2990.16,4,0
CUST_08040,51,Male,10,313,111,3270.07,1,0
CUST_08041,61,Female,32,77,48,3774.01,3,0
CUST_08042,63,Male,6,316,59,4950.84,6,1
CUST_08043,23,Male,2,355,112,9695.51,5,1
CUST_08044,30,Female,39,35,74,7195.46,8,0
CUST_08045,53,Male,49,126,110,12068.5,7,0
CUST_08046,39,Female,27,323,52,810.59,4,0
CUST_08047,35,Female,56,232,17,325.95,6,0
CUST_08048,29,Female,14,87,38,3707.26,2,0
CUST_08049,69,Female,23,304,1,39.59,3,0
CUST_08050,47,Female,51,188,75,9547.43,6,0
CUST_08051,68,Male,25,45,33,3290.56,0,0
CUST_08052,57,Female,53,331,95,13998.64,8,1
CUST_08053,24,Male,11,324,44,4984.35,6,1
CUST_08054,49,Male,35,348,88,2397.69,8,1
CUST_08055,65,Female,55,72,20,761.64,6,0
CUST_08056,36,Male,58,216,47,1000.35,4,0
CUST_08057,23,Male,68,98,69,7939.05,0,0
CUST_08058,37,Female,37,271,42,1349.09,6,0
CUST_08059,44,Male,9,91,26,2719.82,9,0
CUST_08060,60,Male,28,142,49,4408.96,8,0
CUST_08061,54,Male,55,117,106,10652.49,2,0
CUST_08062,65,Female,46,2,71,5940.6,4,0
CUST_08063,24,Female,70,43,91,1525.06,9,0
CUST_08064,22,Female,27,71,18,885.32,2,0
CUST_08065,28,Male,10,144,102,13716.2,0,0
CUST_08066,32,Female,23,342,95,13342.87,7,1
CUST_08067,20,Female,21,246,9,253.11,6,1
CUST_08068,22,Male,45,284,66,9477.92,9,1
CUST_08069,40,Male,3,327,118,12451.48,7,1
CUST_08070,54,Female,59,214,60,8372.72,2,0
CUST_08071,26,Female,43,107,108,7468.97,4,0
CUST_08072,32,Female,7,263,37,1063.22,6,1
CUST_08073,20,Male,27,294,47,2624.07,8,0
CUST_08074,46,Female,62,176,109,11783.66,5,0
CUST_08075,23,Male,42,107,29,3548.29,2,0
CUST_08076,34,Male,4,86,98,2133.12,6,0
CUST_08077,43,Male,62,227,63,5086.52,6,0
CUST_08078,38,Female,8,82,15,355.34,2,0
CUST_08079,25,Female,17,329,110,14474.66,4,0
CUST_08080,38,Female,5,241,9,713.75,5,1
CUST_08081,28,Female,63,2,80,11080.08,0,0
CUST_08082,55,Male,9,251,66,1690.14,0,0
CUST_08083,25,Female,8,42,1,59.61,3,0
CUST_08084,59,Female,7,81,9,956.99,9,1
CUST_08085,41,Male,37,262,57,3114.14,6,0
CUST_08086,52,Male,55,197,56,7202.18,6,0
CUST_08087,31,Male,67,248,20,2964.45,7,1
CUST_08088,31,Male,8,330,110,5826.11,5,1
CUST_08089,27,Male,69,296,2,127.49,6,0
CUST_08090,29,Male,5,36,1,145.59,5,0
CUST_08091,55,Female,17,103,74,4687.03,4,0
CUST_08092,61,Male,58,303,87,7835.06,9,0
CUST_08093,63,Male,63,98,54,6417.77,5,0
CUST_08094,51,Female,27,145,19,1409.35,9,0
CUST_08095,58,Male,68,282,18,1175.44,3,0
CUST_08096,27,Female,28,127,24,1965.71,6,0
CUST_08097,34,Female,58,304,52,6252.23,7,1
CUST_08098,34,Male,50,283,86,4914.2,7,0
CUST_08099,20,Male,67,302,20,1247.18,3,0
CUST_08100,48,Male,31,67,11,445.87,2,0
CUST_08101,68,Male,12,147,73,8009.44,6,0
CUST_08102,18,Male,55,328,79,10777.64,6,0
CUST_08103,29,Male,4,81,60,2404.49,2,0
CUST_08104,56,Male,42,253,16,314.71,0,0
CUST_08105,21,Female,54,242,13,864.13,2,0
CUST_08106,59,Male,22,65,53,3729.66,2,0
CUST_08107,30,Female,1,71,6,613.15,5,0
CUST_08108,51,Male,48,36,25,663.87,1,0
CUST_08109,59,Female,43,67,63,7931.84,3,0
CUST_08110,38,Male,20,83,47,4346.95,4,0
CUST_08111,39,Female,18,170,15,1330.59,5,0
CUST_08112,21,Male,70,67,54,3116.29,9,0
CUST_08113,35,Female,49,98,82,5273.51,8,0
CUST_08114,22,Male,17,325,43,966.76,9,1
CUST_08115,36,Female,53,293,97,11325.42,4,0
CUST_08116,19,Male,22,250,14,1352.95,1,0
CUST_08117,29,Female,10,302,34,4991.81,6,1
CUST_08118,34,Male,24,208,2,125.46,9,1
CUST_08119,27,Male,12,312,20,2098.86,0,0
CUST_08120,51,Male,4,63,106,14748.69,7,0
CUST_08121,23,Male,42,78,16,1777.23,6,0
CUST_08122,25,Female,5,30,67,1369.61,7,0
CUST_08123,68,Female,26,352,110,11038.72,0,0
CUST_08124,28,Male,59,251,30,2658.83,5,0
CUST_08125,29,Female,62,319,87,7169.44,4,0
CUST_08126,26,Female,5,115,103,9235.08,1,0
CUST_08127,19,Female,26,332,51,3936.0,7,1
CUST_08128,25,Male,6,219,115,12465.7,9,1
CUST_08129,28,Male,24,154,87,1480.15,1,0
CUST_08130,53,Female,53,221,115,4652.39,1,0
CUST_08131,27,Male,7,23,3,192.98,8,0
CUST_08132,38,Female,10,214,77,5860.48,5,0
CUST_08133,37,Female,39,148,51,1663.4,2,0
CUST_08134,65,Male,28,358,46,5783.11,8,1
CUST_08135,25,Male,42,302,40,5618.71,1,0
CUST_08136,53,Female,62,208,29,3376.01,7,0
CUST_08137,46,Male,52,159,23,3228.98,3,0
CUST_08138,59,Male,22,307,104,11994.83,9,1
CUST_08139,29,Male,57,167,17,1267.22,1,0
CUST_08140,31,Female,11,63,85,5786.2,4,0
CUST_08141,65,Male,14,325,93,3484.14,2,0
CUST_08142,67,Female,31,276,101,2693.71,8,1
CUST_08143,38,Male,4,23,69,3080.74,7,0
CUST_08144,39,Male,22,224,85,7381.26,5,0
CUST_08145,38,Female,64,201,66,2192.38,5,0
CUST_08146,61,Female,61,283,118,16922.04,8,1
CUST_08147,67,Male,6,347,23,1023.45,1,0
CUST_08148,47,Female,68,336,75,9565.52,6,1
CUST_08149,56,Male,6,215,79,9917.7,2,0
CUST_08150,37,Female,66,265,23,783.44,2,0
CUST_08151,41,Male,36,229,7,776.65,3,0
CUST_08152,40,Female,15,227,43,5428.98,4,0
CUST_08153,24,Female,40,327,62,8331.49,4,0
CUST_08154,26,Male,41,335,34,4888.77,9,1
CUST_08155,18,Female,7,277,102,14337.52,0,0
CUST_08156,43,Female,22,230,105,5985.37,9,1
CUST_08157,55,Male,11,356,113,5778.09,5,1
CUST_08158,55,Female,2,215,51,3502.0,1,0
CUST_08159,61,Female,30,157,44,3422.14,1,0
CUST_08160,39,Female,68,13,70,3260.21,8,0
CUST_08161,61,Female,53,197,80,2129.7,0,0
CUST_08162,27,Female,21,111,55,5700.15,1,0
CUST_08163,23,Female,25,103,66,2542.49,9,0
CUST_08164,34,Female,5,103,96,13297.1,8,1
CUST_08165,68,Male,66,170,58,3122.57,3,0
CUST_08166,67,Female,49,109,43,1792.57,3,0
CUST_08167,55,Male,8,126,111,4574.46,9,0
CUST_08168,41,Female,27,235,61,3298.77,8,1
CUST_08169,68,Female,2,148,38,3710.41,4,0
CUST_08170,27,Male,28,171,28,4118.04,3,0
CUST_08171,25,Male,11,1,57,4596.84,8,0
CUST_08172,38,Male,46,40,41,3934.22,3,0
CUST_08173,23,Male,21,237,73,9398.82,3,0
CUST_08174,38,Female,42,7,89,5348.46,6,0
CUST_08175,56,Male,32,163,50,1964.17,9,1
CUST_08176,41,Female,32,290,90,6618.57,9,0
CUST_08177,50,Female,71,325,109,6324.56,0,0
CUST_08178,35,Female,22,157,90,11873.48,2,0
CUST_08179,45,Male,21,114,61,8968.33,9,1
CUST_08180,69,Female,22,112,119,12842.81,3,0
CUST_08181,49,Male,34,257,69,7124.78,7,0
CUST_08182,29,Female,10,73,63,7019.45,8,0
CUST_08183,65,Female,65,193,81,6328.93,0,0
CUST_08184,59,Male,65,273,26,2597.07,2,0
CUST_08185,44,Male,67,224,119,2929.81,2,0
CUST_08186,27,Male,43,361,26,2122.01,7,1
CUST_08187,63,Female,41,94,117,7004.73,4,0
CUST_08188,69,Male,13,207,107,2373.19,4,0
CUST_08189,59,Female,4,170,73,6463.77,7,0
CUST_08190,49,Male,23,156,23,1463.6,5,0
CUST_08191,59,Female,70,244,52,4926.11,5,0
CUST_08192,43,Male,34,3,88,7416.58,6,0
CUST_08193,42,Male,41,220,105,5490.41,9,0
CUST_08194,28,Male,18,5,73,6416.54,0,0
CUST_08195,40,Female,33,194,74,4893.95,8,0
CUST_08196,51,Female,25,54,116,16164.68,4,0
CUST_08197,69,Male,52,300,70,4599.73,7,0
CUST_08198,57,Male,17,209,4,81.68,9,1
CUST_08199,40,Male,51,76,1,118.08,5,0
CUST_08200,46,Female,3,218,6,870.58,5,1
CUST_08201,48,Male,55,118,56,2120.54,3,0
CUST_08202,24,Female,56,280,102,14925.23,2,0
CUST_08203,57,Female,35,80,29,2851.31,1,0
CUST_08204,50,Female,68,187,108,13974.89,9,0
CUST_08205,38,Female,59,8,3,236.52,3,0
CUST_08206,19,Male,59,91,109,10795.41,0,0
CUST_08207,35,Female,13,346,88,11311.77,5,1
CUST_08208,64,Male,62,351,42,6202.48,6,1
CUST_08209,50,Male,47,210,9,359.53,4,0
CUST_08210,54,Female,3,258,81,11042.79,9,1
CUST_08211,51,Male,21,41,107,11243.74,9,0
CUST_08212,37,Male,65,215,59,8426.75,9,0
CUST_08213,52,Male,18,184,38,2201.89,0,0
CUST_08214,68,Male,13,304,42,2005.51,2,0
CUST_08215,67,Male,71,241,50,3217.28,5,0
CUST_08216,35,Male,45,106,14,1881.7,6,0
CUST_08217,63,Male,62,22,100,7705.04,8,0
CUST_08218,41,Female,30,353,45,6455.21,1,0
CUST_08219,25,Female,14,245,33,1574.63,2,0
CUST_08220,47,Female,53,274,20,895.46,3,0
CUST_08221,61,Female,10,79,34,3623.88,4,0
CUST_08222,27,Female,31,323,67,3643.1,6,1
CUST_08223,40,Female,6,304,84,2724.62,5,0
CUST_08224,69,Female,19,23,67,4405.36,4,0
CUST_08225,66,Female,12,111,70,3565.27,5,1
CUST_08226,28,Male,64,130,93,6579.98,0,0
CUST_08227,19,Female,55,362,39,1566.98,7,0
CUST_08228,43,Female,67,260,43,6200.29,6,0
CUST_08229,53,Female,9,154,95,11706.15,2,0
CUST_08230,50,Female,6,19,39,5012.35,1,0
CUST_08231,64,Male,1,49,113,6237.81,8,0
CUST_08232,30,Male,42,74,85,11106.31,4,0
CUST_08233,57,Female,55,214,115,10896.92,8,0
CUST_08234,42,Female,49,53,44,996.98,8,0
CUST_08235,21,Male,30,190,1,35.69,2,0
CUST_08236,59,Male,35,129,97,7294.88,2,0
CUST_08237,36,Female,63,144,50,3408.05,8,0
CUST_08238,35,Male,22,248,74,9054.83,2,0
CUST_08239,54,Male,43,180,116,15421.66,6,0
CUST_08240,47,Male,28,7,62,8169.47,2,0
CUST_08241,36,Male,18,344,90,5909.76,0,0
CUST_08242,40,Male,32,291,3,302.49,2,0
CUST_08243,33,Female,69,206,78,6404.37,4,0
CUST_08244,18,Male,54,68,8,1080.03,9,1
CUST_08245,29,Male,34,361,48,6480.54,7,1
CUST_08246,41,Female,31,143,114,2539.09,6,0
CUST_08247,51,Female,4,108,96,8854.94,9,0
CUST_08248,25,Male,14,185,41,3401.69,0,0
CUST_08249,35,Female,15,240,36,4284.11,1,0
CUST_08250,65,Female,60,151,91,3770.5,8,0
CUST_08251,22,Female,20,211,57,6203.01,9,0
CUST_08252,43,Female,20,78,97,11127.09,7,0
CUST_08253,47,Female,49,228,85,1581.91,1,0
CUST_08254,30,Male,68,247,90,6589.91,2,0
CUST_08255,36,Female,18,102,119,17511.78,7,0
CUST_08256,46,Female,24,214,78,4335.37,3,0
CUST_08257,20,Male,27,139,43,5779.71,1,0
CUST_08258,43,Female,33,186,100,9423.02,3,0
CUST_08259,57,Female,64,168,28,1540.94,5,0
CUST_08260,29,Female,25,58,92,11762.96,7,0
CUST_08261,19,Male,69,119,85,12642.84,2,0
CUST_08262,28,Male,18,88,112,12899.13,4,0
CUST_08263,61,Female,45,122,59,1373.21,2,0
CUST_08264,45,Male,20,244,105,2317.92,7,0
CUST_08265,35,Female,35,67,118,9600.48,7,0
CUST_08266,30,Male,6,294,29,458.75,5,1
CUST_08267,54,Female,9,130,110,11687.83,9,0
CUST_08268,39,Female,52,343,38,653.63,0,0
CUST_08269,29,Male,28,40,34,4976.37,2,0
CUST_08270,19,Male,19,212,65,8702.55,6,0
CUST_08271,54,Male,63,56,20,2501.52,7,0
CUST_08272,24,Male,7,200,26,3241.57,2,0
CUST_08273,43,Female,37,291,115,14678.67,5,0
CUST_08274,43,Female,36,305,27,1987.86,1,0
CUST_08275,41,Male,17,107,23,2803.71,0,0
CUST_08276,29,Male,37,195,71,4584.14,8,0
CUST_08277,33,Male,60,352,22,2849.71,8,1
CUST_08278,40,Female,49,122,47,4626.0,4,0
CUST_08279,57,Male,56,95,101,6401.03,0,0
CUST_08280,26,Female,34,287,99,11448.25,1,0
CUST_08281,49,Female,30,125,111,5303.72,0,0
CUST_08282,32,Female,27,332,68,9875.61,5,0
CUST_08283,54,Female,51,126,93,9740.88,1,0
CUST_08284,30,Female,9,344,101,6985.39,0,0
CUST_08285,22,Female,20,36,100,8934.83,9,0
CUST_08286,28,Female,47,217,67,7676.3,5,0
CUST_08287,27,Male,19,3,66,8094.14,1,0
CUST_08288,69,Female,68,30,69,10116.74,8,0
CUST_08289,30,Male,12,255,82,3543.16,9,1
CUST_08290,58,Female,5,45,98,8143.72,2,0
CUST_08291,63,Female,69,177,15,410.2,9,0
CUST_08292,67,Female,25,222,114,2976.2,7,1
CUST_08293,32,Female,31,113,114,3315.68,8,0
CUST_08294,59,Male,46,122,104,5203.43,9,0
CUST_08295,24,Female,34,275,44,4796.23,4,0
CUST_08296,57,Male,41,232,119,15619.13,5,0
CUST_08297,45,Male,68,312,105,7755.24,9,1
CUST_08298,49,Male,38,249,51,4587.57,4,0
CUST_08299,52,Male,46,329,65,2785.87,5,0
CUST_08300,32,Female,69,103,86,10474.45,1,0
CUST_08301,65,Female,27,176,25,3373.2,8,1
CUST_08302,53,Female,43,236,61,4913.89,6,0
CUST_08303,38,Male,71,282,17,624.21,5,0
CUST_08304,23,Female,45,245,97,1521.81,3,0
CUST_08305,18,Female,18,133,52,4545.61,9,0
CUST_08306,21,Female,32,344,58,4766.49,8,1
CUST_08307,28,Female,2,159,81,11338.72,6,0
CUST_08308,61,Female,41,280,57,1135.75,3,0
CUST_08309,43,Male,20,341,38,1334.12,2,0
CUST_08310,54,Female,58,22,69,2876.45,9,0
CUST_08311,40,Female,38,102,37,3287.89,7,0
CUST_08312,46,Female,1,150,107,5718.01,5,0
CUST_08313,38,Male,69,57,107,4576.03,1,0
CUST_08314,65,Female,54,158,75,6333.46,6,0
CUST_08315,62,Female,14,303,76,1557.1,7,0
CUST_08316,62,Female,25,195,108,15839.03,4,0
CUST_08317,66,Female,9,167,34,4462.08,2,0
CUST_08318,44,Male,61,345,35,1810.02,7,0
CUST_08319,56,Male,52,194,60,3622.98,1,0
CUST_08320,57,Female,8,347,39,1879.65,9,1
CUST_08321,30,Female,16,260,116,16278.73,5,1
CUST_08322,40,Female,8,200,46,4746.35,6,0
CUST_08323,33,Male,23,5,118,10072.38,9,0
CUST_08324,47,Female,34,300,16,1338.58,8,1
CUST_08325,21,Male,18,91,88,3291.14,4,0
CUST_08326,57,Female,44,24,31,4493.68,0,0
CUST_08327,33,Male,15,236,14,1938.59,9,1
CUST_08328,48,Female,15,235,113,16224.18,1,0
CUST_08329,59,Male,23,226,47,2550.96,7,1
CUST_08330,42,Female,65,28,32,2539.12,0,0
CUST_08331,61,Female,71,152,107,9100.89,1,0
CUST_08332,29,Female,32,246,77,6245.17,4,0
CUST_08333,43,Male,32,5,102,1794.24,9,0
CUST_08334,54,Female,33,13,17,2167.08,2,0
CUST_08335,65,Female,43,55,108,12504.63,3,0
CUST_08336,50,Male,13,286,56,4429.47,9,1
CUST_08337,45,Female,9,102,36,1839.57,4,0
CUST_08338,26,Female,62,339,117,11784.46,2,0
CUST_08339,29,Male,57,214,42,1414.12,4,0
CUST_08340,22,Male,48,113,82,12269.86,2,0
CUST_08341,69,Female,43,338,19,606.5,0,0
CUST_08342,45,Female,67,90,7,160.24,6,0
CUST_08343,52,Male,32,271,55,5372.13,3,0
CUST_08344,22,Female,60,247,30,2326.82,7,0
CUST_08345,51,Female,1,30,76,8516.95,3,0
CUST_08346,63,Male,57,28,75,2420.67,6,0
CUST_08347,51,Male,69,68,29,1859.06,2,0
CUST_08348,30,Female,69,357,67,5536.85,1,0
CUST_08349,56,Female,68,143,34,2561.69,2,0
CUST_08350,59,Female,61,34,34,3186.12,6,0
CUST_08351,62,Male,8,355,95,2729.95,2,0
CUST_08352,65,Male,7,227,86,7138.24,9,0
CUST_08353,31,Male,37,203,2,179.79,7,1
CUST_08354,28,Female,42,61,27,3616.33,7,0
CUST_08355,59,Male,32,191,47,4328.48,0,0
CUST_08356,55,Female,17,2,100,8888.49,6,0
CUST_08357,21,Male,28,118,96,11964.53,7,0
CUST_08358,50,Male,70,308,57,1355.16,8,0
CUST_08359,24,Male,48,52,99,10145.01,7,0
CUST_08360,58,Male,54,15,17,2118.09,9,0
CUST_08361,25,Female,42,284,98,2721.5,5,0
CUST_08362,54,Male,36,96,26,3238.62,7,0
CUST_08363,68,Female,66,98,10,1212.66,2,0
CUST_08364,27,Male,31,55,39,589.97,1,0
CUST_08365,60,Male,65,278,9,434.08,0,0
CUST_08366,32,Male,3,245,25,885.5,7,0
CUST_08367,55,Male,13,328,20,1680.61,6,1
CUST_08368,32,Male,31,38,15,2075.86,5,0
CUST_08369,22,Female,29,120,104,10022.0,2,0
CUST_08370,46,Male,57,258,113,10875.5,5,0
CUST_08371,36,Male,33,140,91,2874.2,4,0
CUST_08372,68,Female,53,183,11,1154.57,4,0
CUST_08373,27,Male,10,213,16,2158.77,3,0
CUST_08374,29,Female,63,126,94,6858.42,4,0
CUST_08375,21,Male,65,140,22,2354.85,4,0
CUST_08376,48,Male,2,109,62,3398.57,4,0
CUST_08377,35,Female,2,9,24,1231.23,9,0
CUST_08378,33,Female,69,32,114,4558.58,9,0
CUST_08379,57,Male,37,235,88,4189.05,7,0
CUST_08380,53,Male,2,73,36,2205.81,1,0
CUST_08381,42,Male,61,136,18,1647.15,1,0
CUST_08382,40,Male,40,254,20,2407.77,5,0
CUST_08383,29,Female,63,116,8,432.73,2,0
CUST_08384,51,Male,25,156,15,565.43,9,1
CUST_08385,53,Female,38,82,77,5830.28,9,0
CUST_08386,54,Male,37,107,100,12158.45,9,0
CUST_08387,20,Female,27,229,78,5269.67,9,1
CUST_08388,26,Female,50,292,47,6499.73,3,0
CUST_08389,35,Female,34,117,111,5380.0,2,0
CUST_08390,60,Male,44,288,88,10328.77,3,0
CUST_08391,52,Female,4,213,119,9299.54,1,0
CUST_08392,51,Female,52,167,101,2975.66,8,0
CUST_08393,58,Female,55,49,24,1270.67,2,0
CUST_08394,31,Female,12,221,47,6150.43,6,1
CUST_08395,21,Female,14,279,18,284.31,8,1
CUST_08396,46,Female,35,289,32,3747.4,8,0
CUST_08397,58,Male,6,179,99,12329.45,5,0
CUST_08398,62,Female,47,171,84,2618.96,0,0
CUST_08399,67,Female,23,4,42,6085.61,9,0
CUST_08400,32,Male,68,336,96,12744.89,1,0
CUST_08401,45,Female,65,195,101,3949.27,8,0
CUST_08402,59,Female,59,258,37,1761.08,4,0
CUST_08403,33,Male,9,45,111,13929.59,9,0
CUST_08404,29,Male,58,344,33,2929.09,1,0
CUST_08405,69,Male,48,208,1,139.55,5,0
CUST_08406,22,Female,63,115,112,16484.61,6,0
CUST_08407,51,Female,9,130,92,5645.54,9,0
CUST_08408,59,Female,44,160,27,758.46,9,0
CUST_08409,18,Female,46,1,17,1869.57,9,0
CUST_08410,56,Female,15,274,46,6422.58,5,1
CUST_08411,49,Male,53,160,79,2943.42,0,0
CUST_08412,43,Male,48,265,78,11546.11,0,0
CUST_08413,34,Male,42,311,117,4848.76,1,0
CUST_08414,65,Male,17,323,95,2531.48,8,1
CUST_08415,44,Female,35,248,34,2785.25,0,0
CUST_08416,41,Female,31,24,3,371.26,8,0
CUST_08417,52,Female,4,267,56,3519.08,5,1
CUST_08418,63,Female,48,156,12,717.58,1,0
CUST_08419,59,Female,14,272,26,1081.86,9,1
CUST_08420,56,Female,25,93,24,3554.9,2,0
CUST_08421,43,Male,46,361,60,3669.11,8,1
CUST_08422,66,Male,48,12,58,6088.47,9,0
CUST_08423,55,Female,40,238,63,2070.9,1,0
CUST_08424,40,Male,50,121,98,7420.28,4,0
CUST_08425,39,Male,7,90,8,979.49,7,1
CUST_08426,21,Female,60,75,76,11095.71,9,0
CUST_08427,66,Male,35,322,73,2842.64,5,1
CUST_08428,26,Male,63,31,26,722.22,7,0
CUST_08429,21,Female,20,195,110,16314.43,5,0
CUST_08430,24,Female,16,89,58,5209.25,3,0
CUST_08431,40,Male,22,98,38,2342.01,7,0
CUST_08432,19,Male,36,129,49,7087.24,8,1
CUST_08433,66,Female,19,295,43,2910.05,4,1
CUST_08434,41,Male,2,95,59,2732.91,2,0
CUST_08435,57,Female,68,164,83,10248.26,0,0
CUST_08436,48,Male,7,230,21,1205.09,1,0
CUST_08437,64,Male,47,140,13,760.07,0,0
CUST_08438,48,Male,49,317,99,7432.29,9,1
CUST_08439,64,Female,43,328,3,325.65,8,1
CUST_08440,57,Female,32,109,89,11448.79,6,0
CUST_08441,65,Male,17,14,32,1457.06,9,0
CUST_08442,68,Male,14,161,21,1342.65,1,0
CUST_08443,60,Male,32,132,14,1147.76,2,0
CUST_08444,51,Female,60,113,95,1753.46,2,0
CUST_08445,41,Male,60,286,8,872.87,0,0
CUST_08446,66,Male,52,340,7,639.84,2,0
CUST_08447,43,Male,66,94,100,3303.07,0,0
CUST_08448,33,Female,4,347,99,3226.83,2,0
CUST_08449,64,Female,63,89,83,11275.52,2,0
CUST_08450,30,Female,33,310,59,6327.58,4,0
CUST_08451,32,Male,1,134,2,134.78,2,0
CUST_08452,44,Male,64,261,69,4184.23,9,1
CUST_08453,21,Male,37,206,44,2542.11,2,0
CUST_08454,33,Male,70,307,66,6823.02,0,0
CUST_08455,47,Female,7,34,18,704.36,8,0
CUST_08456,61,Male,24,169,79,11715.99,0,0
CUST_08457,47,Male,68,345,16,1724.04,6,1
CUST_08458,53,Female,55,146,12,385.93,6,0
CUST_08459,20,Female,3,20,108,3632.48,7,0
CUST_08460,39,Female,23,107,60,6151.18,6,0
CUST_08461,66,Female,36,136,100,6672.85,9,0
CUST_08462,39,Female,57,26,86,8952.11,5,0
CUST_08463,67,Female,48,246,92,10353.66,7,0
CUST_08464,67,Female,13,341,54,4731.44,9,1
CUST_08465,66,Male,61,155,40,1985.39,3,0
CUST_08466,29,Male,24,42,43,3844.49,3,0
CUST_08467,38,Female,43,178,118,8490.32,2,0
CUST_08468,21,Female,33,81,22,2974.3,7,0
CUST_08469,48,Female,24,177,4,459.71,5,1
CUST_08470,61,Female,22,193,76,7490.78,7,0
CUST_08471,48,Male,52,191,21,427.61,7,0
CUST_08472,40,Female,6,283,91,13529.23,6,1
CUST_08473,37,Female,19,246,23,2103.27,2,0
CUST_08474,32,Female,29,100,42,2098.4,4,0
CUST_08475,40,Male,64,35,91,8631.89,1,0
CUST_08476,45,Male,14,294,41,5142.05,0,0
CUST_08477,33,Female,30,294,16,1403.28,2,1
CUST_08478,54,Male,71,42,96,11508.48,3,0
CUST_08479,38,Male,21,170,36,2547.36,3,0
CUST_08480,32,Female,65,57,17,1608.96,1,0
CUST_08481,34,Male,4,356,54,3888.2,2,0
CUST_08482,67,Female,46,54,82,7072.71,7,0
CUST_08483,54,Female,8,188,91,3422.86,8,0
CUST_08484,30,Female,18,296,7,670.72,1,1
CUST_08485,36,Female,60,86,118,17364.69,5,0
CUST_08486,47,Female,45,64,41,4848.26,0,0
CUST_08487,62,Female,31,81,102,5937.07,3,0
CUST_08488,35,Female,28,268,62,8160.51,8,0
CUST_08489,31,Female,64,185,118,16038.9,0,0
CUST_08490,53,Male,37,345,84,3264.98,2,0
CUST_08491,53,Female,67,26,57,1263.87,6,0
CUST_08492,37,Male,68,238,99,9136.14,7,0
CUST_08493,69,Male,35,296,111,8796.11,6,1
CUST_08494,36,Male,36,299,33,3678.93,6,1
CUST_08495,62,Female,57,225,26,1418.64,5,0
CUST_08496,61,Male,70,328,88,5836.92,6,0
CUST_08497,24,Female,4,90,24,1214.88,6,0
CUST_08498,61,Female,49,17,31,1687.6,8,0
CUST_08499,21,Male,39,88,27,438.85,8,0
CUST_08500,51,Female,18,24,49,4113.65,9,1
CUST_08501,19,Male,60,332,73,5757.94,9,1
CUST_08502,22,Female,10,223,66,4160.84,9,1
CUST_08503,27,Female,23,58,70,6154.8,7,0
CUST_08504,49,Male,68,189,31,2104.52,8,0
CUST_08505,59,Female,59,222,25,1834.89,5,0
CUST_08506,58,Female,7,353,16,244.29,3,0
CUST_08507,30,Female,13,51,109,2610.71,8,0
CUST_08508,56,Female,3,88,6,212.07,1,0
CUST_08509,22,Female,40,222,87,3466.32,7,0
CUST_08510,27,Male,11,348,111,8441.11,1,0
CUST_08511,27,Male,51,167,69,9184.79,6,1
CUST_08512,55,Female,23,194,17,1186.85,8,1
CUST_08513,44,Female,32,101,9,897.04,9,0
CUST_08514,68,Male,41,202,90,1663.51,3,0
CUST_08515,38,Female,42,13,62,8085.06,7,0
CUST_08516,25,Male,38,147,13,393.55,6,0
CUST_08517,18,Male,67,262,7,373.65,9,0
CUST_08518,45,Male,42,146,112,14029.05,2,0
CUST_08519,66,Female,43,9,104,5278.88,0,0
CUST_08520,56,Female,33,81,18,896.94,7,0
CUST_08521,31,Male,37,68,101,9736.72,8,0
CUST_08522,38,Female,57,310,45,6162.21,4,0
CUST_08523,47,Male,64,126,24,1052.22,3,0
CUST_08524,38,Female,64,50,55,5434.58,1,0
CUST_08525,66,Male,60,70,32,3072.81,0,0
CUST_08526,26,Female,52,139,7,728.25,3,0
CUST_08527,34,Female,68,170,20,2856.28,7,0
CUST_08528,22,Female,27,90,109,4075.95,8,0
CUST_08529,48,Male,59,139,98,10127.15,0,0
CUST_08530,69,Male,19,72,19,752.8,3,0
CUST_08531,57,Female,3,245,110,6317.37,4,0
CUST_08532,55,Female,39,67,62,4193.98,1,0
CUST_08533,60,Female,66,130,14,1788.89,1,0
CUST_08534,36,Female,56,210,32,712.03,2,0
CUST_08535,53,Female,6,194,9,1026.39,0,0
CUST_08536,67,Male,28,26,100,13819.99,7,0
CUST_08537,50,Male,48,332,49,1259.18,0,0
CUST_08538,30,Male,48,293,90,10957.37,3,0
CUST_08539,31,Male,67,218,84,2480.66,6,0
CUST_08540,50,Female,54,36,93,13483.63,2,0
CUST_08541,46,Female,16,16,16,2001.19,8,0
CUST_08542,60,Male,35,78,95,10338.17,2,0
CUST_08543,66,Female,30,322,24,2142.19,4,0
CUST_08544,53,Female,48,21,30,4179.31,1,0
CUST_08545,61,Female,69,135,8,248.6,4,0
CUST_08546,27,Male,8,245,90,2829.68,1,0
CUST_08547,48,Female,51,184,79,9956.85,7,0
CUST_08548,23,Male,10,172,114,9132.9,8,1
CUST_08549,18,Female,28,54,10,1290.83,4,0
CUST_08550,24,Female,36,93,36,2438.62,5,0
CUST_08551,44,Male,60,314,103,7828.12,3,0
CUST_08552,38,Male,10,293,24,1435.93,9,1
CUST_08553,45,Female,14,176,113,16198.51,6,1
CUST_08554,33,Male,63,190,8,622.15,9,1
CUST_08555,63,Male,47,246,1,116.94,4,0
CUST_08556,40,Female,69,295,118,12855.83,4,0
CUST_08557,69,Male,56,192,117,5468.2,0,0
CUST_08558,37,Male,6,104,74,10240.68,1,0
CUST_08559,55,Female,19,68,111,9827.06,1,0
CUST_08560,42,Male,52,324,87,11356.44,3,0
CUST_08561,45,Male,62,155,102,12989.23,4,0
CUST_08562,22,Female,49,226,74,1696.11,9,0
CUST_08563,38,Male,11,233,33,3256.09,3,0
CUST_08564,35,Female,46,104,31,3766.9,2,0
CUST_08565,64,Female,69,316,102,14012.48,3,0
CUST_08566,23,Female,45,240,77,6417.94,4,0
CUST_08567,46,Male,58,212,62,7213.46,2,0
CUST_08568,36,Male,32,126,35,5106.5,5,0
CUST_08569,50,Female,10,123,44,5577.38,3,0
CUST_08570,18,Female,13,36,47,6126.31,1,0
CUST_08571,62,Female,13,238,32,2239.46,2,0
CUST_08572,20,Female,36,242,63,1724.81,0,0
CUST_08573,59,Male,19,133,22,3199.1,9,0
CUST_08574,38,Male,7,227,7,762.55,6,1
CUST_08575,52,Female,15,90,6,228.64,4,0
CUST_08576,58,Female,46,255,41,6005.16,6,1
CUST_08577,57,Male,48,83,80,8930.49,4,0
CUST_08578,20,Female,66,139,12,326.4,0,0
CUST_08579,42,Male,4,309,73,2778.37,2,0
CUST_08580,62,Female,3,20,40,5273.22,8,1
CUST_08581,55,Male,3,329,69,9919.95,6,1
CUST_08582,62,Female,69,84,58,3726.6,6,0
CUST_08583,37,Female,28,27,3,212.37,4,0
CUST_08584,69,Female,23,58,100,6838.64,2,0
CUST_08585,61,Female,30,330,43,5494.24,9,1
CUST_08586,62,Male,62,217,74,5638.03,3,0
CUST_08587,51,Female,51,333,8,525.28,3,0
CUST_08588,38,Female,41,125,73,7223.52,5,0
CUST_08589,65,Female,64,288,13,1055.89,5,1
CUST_08590,40,Female,43,200,56,4872.68,6,0
CUST_08591,23,Male,58,283,19,1328.99,7,1
CUST_08592,68,Female,59,214,23,1774.9,8,0
CUST_08593,30,Male,40,156,43,853.84,7,0
CUST_08594,66,Male,46,18,24,3359.53,8,0
CUST_08595,40,Male,62,343,3,57.38,8,1
CUST_08596,26,Male,49,105,97,11574.98,2,0
CUST_08597,34,Male,23,159,87,4808.17,6,1
CUST_08598,19,Male,44,41,14,422.16,2,0
CUST_08599,36,Male,44,290,83,8076.62,4,0
CUST_08600,36,Male,19,7,33,3644.47,9,0
CUST_08601,24,Male,44,5,87,8706.72,8,0
CUST_08602,59,Female,11,21,27,2504.83,7,0
CUST_08603,59,Female,60,134,12,1048.62,2,0
CUST_08604,37,Female,38,120,46,4049.97,5,0
CUST_08605,26,Female,3,242,111,14633.34,4,0
CUST_08606,34,Male,16,106,71,1929.12,9,1
CUST_08607,44,Male,9,343,100,3624.48,3,0
CUST_08608,64,Male,41,131,46,5736.56,5,0
CUST_08609,19,Female,38,38,82,4584.65,7,0
CUST_08610,53,Female,69,87,16,1906.57,7,0
CUST_08611,36,Male,65,336,58,3631.61,2,0
CUST_08612,34,Male,35,113,14,1959.03,5,0
CUST_08613,22,Female,35,251,85,4503.3,0,0
CUST_08614,56,Male,48,345,43,3123.13,0,0
CUST_08615,35,Female,8,362,91,3316.37,0,0
CUST_08616,24,Female,27,71,25,2625.06,8,0
CUST_08617,34,Female,9,264,102,7077.67,9,1
CUST_08618,56,Female,30,69,15,2130.94,8,1
CUST_08619,53,Male,14,255,74,1267.32,9,1
CUST_08620,57,Female,23,275,30,2019.99,4,0
CUST_08621,62,Female,29,86,44,800.36,6,1
CUST_08622,21,Female,26,218,9,534.79,3,0
CUST_08623,55,Female,15,50,92,6102.65,1,0
CUST_08624,42,Female,67,134,113,5632.87,5,0
CUST_08625,22,Female,16,230,82,4058.73,1,0
CUST_08626,47,Male,13,61,11,551.19,6,0
CUST_08627,29,Male,24,252,102,5196.35,3,0
CUST_08628,21,Male,62,230,115,6107.49,3,0
CUST_08629,41,Female,57,351,66,8575.06,1,0
CUST_08630,46,Female,36,58,22,445.99,8,0
CUST_08631,26,Male,60,185,87,12919.75,2,0
CUST_08632,21,Male,22,203,20,1060.11,5,0
CUST_08633,68,Female,3,32,109,2046.23,9,1
CUST_08634,41,Male,36,145,29,1120.75,8,1
CUST_08635,31,Male,36,169,90,12793.68,7,0
CUST_08636,22,Male,10,22,63,9428.94,8,0
CUST_08637,35,Male,21,336,41,1980.78,6,0
CUST_08638,59,Female,49,298,76,3453.11,8,0
CUST_08639,36,Male,9,79,112,14321.68,9,0
CUST_08640,29,Female,52,136,93,12872.93,8,0
CUST_08641,35,Female,48,302,83,8532.3,4,0
CUST_08642,34,Male,60,176,98,13850.9,6,0
CUST_08643,47,Male,50,77,48,6876.08,4,0
CUST_08644,41,Female,39,30,27,3174.06,0,0
CUST_08645,28,Female,16,284,94,5835.11,6,1
CUST_08646,52,Male,28,329,101,3552.88,8,1
CUST_08647,40,Male,6,153,31,2631.46,4,0
CUST_08648,34,Male,61,213,92,4976.96,3,0
CUST_08649,18,Female,6,179,25,774.94,4,0
CUST_08650,32,Male,66,295,49,3341.29,3,0
CUST_08651,49,Female,40,83,70,5583.79,8,0
CUST_08652,26,Male,71,200,64,6679.56,9,0
CUST_08653,32,Female,62,323,56,2511.81,7,0
CUST_08654,45,Male,28,129,7,925.73,4,0
CUST_08655,41,Female,47,294,70,2802.42,4,0
CUST_08656,52,Male,9,191,35,5236.91,4,0
CUST_08657,39,Male,52,52,89,8025.9,6,0
CUST_08658,44,Female,15,83,21,731.3,9,0
CUST_08659,36,Female,34,341,47,5999.23,6,0
CUST_08660,62,Female,20,188,60,2955.22,2,0
CUST_08661,29,Female,60,13,112,4527.29,0,0
CUST_08662,37,Male,58,219,17,564.35,7,0
CUST_08663,18,Female,67,17,105,9383.93,9,0
CUST_08664,38,Male,2,242,90,12033.82,3,0
CUST_08665,66,Male,50,340,105,14291.54,3,0
CUST_08666,62,Female,14,158,17,2057.99,8,1
CUST_08667,18,Female,56,166,71,6638.17,6,0
CUST_08668,27,Female,69,139,25,2163.36,6,0
CUST_08669,64,Female,44,294,34,2225.61,7,1
CUST_08670,49,Female,46,28,26,544.67,0,0
CUST_08671,56,Male,6,359,6,767.64,8,1
CUST_08672,39,Female,8,161,10,1499.29,0,0
CUST_08673,35,Female,39,182,81,11284.46,9,0
CUST_08674,65,Female,44,280,78,10994.9,4,0
CUST_08675,63,Female,27,155,3,179.96,8,0
CUST_08676,49,Female,16,302,59,1675.97,2,0
CUST_08677,44,Female,39,214,112,14858.34,1,0
CUST_08678,45,Male,1,340,80,9449.15,1,0
CUST_08679,35,Female,51,353,69,4671.33,6,0
CUST_08680,56,Male,63,69,48,6121.58,4,0
CUST_08681,66,Male,33,325,23,775.77,7,1
CUST_08682,46,Male,50,295,91,9363.57,4,0
CUST_08683,35,Male,54,209,5,718.53,1,0
CUST_08684,61,Male,27,157,56,7722.76,6,0
CUST_08685,25,Male,19,75,101,11889.19,6,0
CUST_08686,48,Female,28,342,38,1937.57,1,0
CUST_08687,51,Male,23,287,82,2365.38,5,0
CUST_08688,24,Male,64,231,76,4471.79,4,0
CUST_08689,53,Male,39,65,85,8359.13,3,0
CUST_08690,35,Female,49,271,7,404.1,9,1
CUST_08691,55,Male,59,83,17,1203.1,7,0
CUST_08692,26,Male,20,74,106,7365.61,7,0
CUST_08693,26,Male,61,265,9,543.03,4,0
CUST_08694,63,Male,9,269,105,14664.93,3,0
CUST_08695,25,Female,23,301,88,5121.04,8,0
CUST_08696,68,Male,7,90,75,11184.46,4,0
CUST_08697,52,Male,31,360,89,3850.15,3,0
CUST_08698,35,Male,60,300,46,6109.0,1,0
CUST_08699,22,Female,61,2,37,4213.02,5,0
CUST_08700,31,Female,26,176,7,737.02,4,0
CUST_08701,45,Male,54,125,17,1277.07,5,0
CUST_08702,47,Male,31,268,119,14903.47,0,0
CUST_08703,21,Male,41,215,41,3339.43,5,0
CUST_08704,56,Female,28,67,64,2131.07,4,0
CUST_08705,37,Male,6,178,83,4387.97,6,0
CUST_08706,42,Female,34,267,57,2258.79,0,0
CUST_08707,45,Male,9,5,85,7811.31,2,0
CUST_08708,29,Male,12,301,45,4656.59,1,0
CUST_08709,19,Male,16,202,73,4405.64,5,0
CUST_08710,60,Male,71,117,109,2216.48,0,0
CUST_08711,31,Male,31,336,110,11432.25,2,0
CUST_08712,39,Male,33,350,8,186.92,3,1
CUST_08713,48,Female,7,232,110,15990.25,5,0
CUST_08714,40,Male,3,84,109,14691.29,4,0
CUST_08715,65,Female,20,89,91,11572.38,4,0
CUST_08716,37,Female,5,227,87,5621.79,4,0
CUST_08717,55,Female,67,111,10,1155.74,0,0
CUST_08718,21,Female,38,323,54,1144.27,7,1
CUST_08719,32,Male,56,12,66,1788.65,9,0
CUST_08720,41,Male,23,27,44,3597.6,1,0
CUST_08721,42,Female,2,105,48,4522.24,5,0
CUST_08722,18,Female,21,86,71,8416.22,6,0
CUST_08723,24,Female,14,156,2,110.38,9,1
CUST_08724,48,Male,62,199,80,7060.13,9,0
CUST_08725,29,Female,11,137,118,2766.3,3,0
CUST_08726,59,Female,4,31,6,471.4,7,0
CUST_08727,22,Male,47,164,80,8449.61,0,0
CUST_08728,61,Female,20,113,89,13225.54,8,0
CUST_08729,67,Male,52,361,45,5340.36,3,0
CUST_08730,59,Male,16,271,10,1493.9,9,1
CUST_08731,55,Male,45,353,116,9537.36,8,1
CUST_08732,29,Female,8,287,9,661.04,1,0
CUST_08733,56,Female,62,258,96,12251.31,9,1
CUST_08734,35,Female,21,201,32,2477.5,7,0
CUST_08735,19,Female,64,299,2,234.16,4,0
CUST_08736,27,Male,30,1,21,3134.42,6,0
CUST_08737,32,Male,36,211,112,12635.89,4,0
CUST_08738,47,Male,5,265,3,50.79,5,1
CUST_08739,61,Female,38,188,118,4641.91,6,0
CUST_08740,34,Male,19,357,98,5125.03,8,1
CUST_08741,21,Female,27,241,93,11716.91,5,0
CUST_08742,24,Male,13,193,106,14928.83,0,0
CUST_08743,58,Male,9,110,84,8627.57,0,0
CUST_08744,48,Male,17,111,23,618.36,0,0
CUST_08745,68,Male,44,65,37,3050.12,9,1
CUST_08746,56,Female,45,65,72,9429.89,4,0
CUST_08747,51,Female,42,317,108,6900.67,5,1
CUST_08748,23,Female,51,235,36,857.23,5,0
CUST_08749,67,Female,58,95,14,1683.41,8,0
CUST_08750,55,Female,58,197,87,9022.87,9,1
CUST_08751,62,Female,30,291,91,7101.74,0,0
CUST_08752,68,Female,5,196,15,1945.86,2,0
CUST_08753,51,Female,8,38,117,15176.21,3,0
CUST_08754,61,Male,37,39,35,3837.03,8,0
CUST_08755,32,Male,47,149,22,3128.69,0,0
CUST_08756,31,Female,45,164,47,3585.27,7,0
CUST_08757,23,Male,5,220,36,4082.59,2,0
CUST_08758,67,Female,63,276,15,1907.13,7,0
CUST_08759,54,Female,47,43,96,9677.3,1,0
CUST_08760,67,Female,25,238,105,9415.34,5,0
CUST_08761,49,Female,50,163,82,9333.22,1,0
CUST_08762,20,Male,45,320,58,3645.78,6,1
CUST_08763,20,Female,30,107,109,7027.02,5,0
CUST_08764,39,Male,48,288,31,4552.13,6,0
CUST_08765,39,Female,51,292,41,1272.77,8,1
CUST_08766,27,Female,55,105,100,12866.96,9,0
CUST_08767,68,Female,55,69,89,10811.78,8,0
CUST_08768,20,Male,46,109,109,2431.97,5,0
CUST_08769,29,Male,31,180,74,8137.99,7,0
CUST_08770,46,Female,34,132,104,2878.12,9,0
CUST_08771,65,Female,68,7,78,3386.58,5,0
CUST_08772,34,Female,33,340,112,16168.2,9,0
CUST_08773,24,Female,56,149,26,1661.15,1,0
CUST_08774,30,Female,58,185,83,1881.46,4,0
CUST_08775,19,Male,57,156,30,2560.85,4,0
CUST_08776,21,Female,17,290,103,4415.18,3,0
CUST_08777,27,Female,11,245,12,870.65,8,0
CUST_08778,56,Male,71,272,31,890.44,1,0
CUST_08779,41,Male,17,38,109,3047.18,6,0
CUST_08780,34,Female,10,115,111,9219.58,5,0
CUST_08781,69,Female,26,337,111,6698.12,2,0
CUST_08782,23,Male,6,119,82,2948.84,6,0
CUST_08783,36,Male,16,132,2,186.7,7,0
CUST_08784,22,Male,4,56,78,1824.88,3,0
CUST_08785,49,Male,62,120,20,2332.39,7,0
CUST_08786,27,Female,64,50,58,1271.98,5,0
CUST_08787,26,Female,56,362,103,15038.01,4,0
CUST_08788,44,Female,23,82,20,2286.19,7,0
CUST_08789,30,Female,33,49,34,4628.21,5,0
CUST_08790,36,Male,31,48,60,4463.59,9,0
CUST_08791,38,Female,7,134,34,776.59,7,0
CUST_08792,41,Female,5,238,37,1701.05,5,0
CUST_08793,55,Female,37,335,67,9788.55,3,0
CUST_08794,21,Male,1,173,99,9756.49,1,0
CUST_08795,41,Female,70,145,97,4438.98,2,0
CUST_08796,52,Female,45,187,19,1523.43,6,0
CUST_08797,20,Male,47,120,95,5496.19,5,0
CUST_08798,21,Male,68,184,52,4217.82,5,0
CUST_08799,54,Female,30,357,44,5629.55,8,0
CUST_08800,57,Female,60,363,86,3873.87,4,0
CUST_08801,65,Female,24,79,27,1859.68,8,1
CUST_08802,52,Male,31,163,38,2858.44,0,0
CUST_08803,48,Male,28,8,92,8671.2,2,0
CUST_08804,61,Female,45,99,21,535.36,4,0
CUST_08805,42,Female,4,317,84,3607.51,6,1
CUST_08806,57,Male,61,356,38,2610.88,4,0
CUST_08807,30,Male,39,27,13,1615.39,3,0
CUST_08808,21,Female,24,276,93,3740.8,4,0
CUST_08809,63,Male,71,313,21,2814.12,0,0
CUST_08810,31,Female,46,279,42,2553.06,4,0
CUST_08811,30,Male,53,356,97,4779.03,8,0
CUST_08812,44,Female,48,204,96,6745.59,2,0
CUST_08813,23,Female,9,160,48,4308.03,9,0
CUST_08814,34,Male,22,178,46,5247.98,5,0
CUST_08815,53,Female,2,192,92,7303.62,8,0
CUST_08816,57,Female,16,40,114,14299.07,5,0
CUST_08817,66,Female,5,360,78,9791.36,9,1
CUST_08818,52,Male,12,236,57,868.39,5,1
CUST_08819,34,Female,52,33,106,12917.55,5,0
CUST_08820,58,Male,26,29,52,3888.13,6,0
CUST_08821,19,Male,15,33,22,3202.25,5,0
CUST_08822,30,Female,67,100,101,12698.79,7,0
CUST_08823,69,Male,59,145,98,6550.41,1,0
CUST_08824,19,Female,39,330,17,1711.48,7,0
CUST_08825,69,Female,63,65,97,3998.62,3,0
CUST_08826,45,Female,25,122,97,5257.13,1,0
CUST_08827,60,Female,41,43,102,4312.99,8,0
CUST_08828,43,Male,28,209,26,3026.56,4,0
CUST_08829,39,Female,21,230,39,628.26,2,0
CUST_08830,64,Female,61,127,71,4968.71,2,0
CUST_08831,60,Male,57,356,63,8068.5,8,1
CUST_08832,20,Male,11,186,89,9854.6,4,0
CUST_08833,52,Female,19,237,112,8056.93,9,1
CUST_08834,29,Male,1,91,51,5123.5,6,0
CUST_08835,41,Female,32,43,30,2198.78,1,0
CUST_08836,22,Female,34,46,41,5286.58,5,0
CUST_08837,37,Male,17,25,33,3045.94,0,0
CUST_08838,56,Female,55,354,50,5020.17,7,0
CUST_08839,56,Male,19,195,63,9353.22,0,0
CUST_08840,30,Female,42,349,39,4639.61,2,0
CUST_08841,58,Female,59,99,28,1500.93,5,0
CUST_08842,62,Male,38,256,18,2148.33,7,0
CUST_08843,29,Female,31,361,74,10385.58,9,1
CUST_08844,30,Female,66,330,59,3235.28,0,0
CUST_08845,27,Male,69,294,116,14538.91,9,0
CUST_08846,50,Female,50,246,66,3108.99,3,0
CUST_08847,57,Male,30,166,107,7874.61,2,0
CUST_08848,33,Female,35,257,114,12331.76,0,0
CUST_08849,62,Male,59,310,43,2058.68,4,0
CUST_08850,52,Female,17,352,78,3142.22,7,1
CUST_08851,20,Female,66,278,13,1006.76,6,1
CUST_08852,22,Female,21,189,1,120.73,2,0
CUST_08853,43,Female,52,186,32,3054.13,4,0
CUST_08854,28,Female,65,182,89,9760.09,4,0
CUST_08855,24,Male,14,275,10,1080.52,7,1
CUST_08856,27,Male,16,227,15,1327.61,5,1
CUST_08857,59,Male,55,34,115,6624.85,2,0
CUST_08858,69,Male,9,207,93,6689.58,6,1
CUST_08859,51,Male,8,44,17,1128.52,0,0
CUST_08860,20,Female,34,245,63,1617.49,1,0
CUST_08861,25,Female,33,254,106,14446.99,6,0
CUST_08862,48,Male,7,109,54,5489.12,1,0
CUST_08863,28,Male,21,323,104,13594.93,1,0
CUST_08864,62,Male,5,114,23,2754.67,9,1
CUST_08865,24,Female,71,278,71,1719.61,6,0
CUST_08866,62,Female,12,237,50,2210.07,9,1
CUST_08867,19,Female,59,29,59,8457.6,3,0
CUST_08868,23,Female,58,222,36,2784.98,8,0
CUST_08869,58,Female,37,318,6,747.67,6,1
CUST_08870,49,Male,45,271,66,6117.5,9,0
CUST_08871,37,Male,25,242,109,13753.71,9,1
CUST_08872,51,Male,27,97,32,3653.51,5,0
CUST_08873,67,Male,51,343,53,2796.48,3,0
CUST_08874,33,Female,42,263,108,16071.91,7,0
CUST_08875,42,Male,71,340,69,5604.2,4,0
CUST_08876,29,Male,42,7,83,7799.86,7,0
CUST_08877,24,Female,60,273,2,175.92,7,0
CUST_08878,56,Male,58,288,43,5783.48,8,1
CUST_08879,34,Male,22,335,87,4592.31,8,1
CUST_08880,62,Female,58,205,40,933.25,6,0
CUST_08881,28,Female,11,184,68,4949.89,9,1
CUST_08882,23,Male,6,318,4,555.89,6,1
CUST_08883,40,Female,22,58,75,5573.04,5,0
CUST_08884,44,Female,12,111,46,2413.66,8,0
CUST_08885,63,Male,27,186,105,10342.18,7,0
CUST_08886,23,Female,1,131,20,2291.38,0,0
CUST_08887,55,Female,64,89,14,1084.61,7,0
CUST_08888,19,Female,39,336,99,6564.07,1,0
CUST_08889,39,Female,60,118,109,6998.68,8,0
CUST_08890,37,Male,70,257,14,1006.28,5,0
CUST_08891,42,Female,54,110,49,6309.27,4,0
CUST_08892,32,Male,25,67,3,240.44,6,0
CUST_08893,66,Male,20,148,79,4537.61,3,0
CUST_08894,46,Male,36,220,21,831.86,8,1
CUST_08895,25,Female,23,214,61,3242.34,9,1
CUST_08896,54,Female,1,62,2,154.94,7,0
CUST_08897,66,Male,27,56,21,1868.05,0,0
CUST_08898,69,Female,52,312,10,989.01,0,0
CUST_08899,50,Female,2,334,91,2241.9,2,0
CUST_08900,39,Female,21,335,118,11537.81,7,1
CUST_08901,67,Male,9,96,111,6939.62,7,0
CUST_08902,64,Female,48,146,19,944.13,1,0
CUST_08903,22,Female,39,48,53,3163.73,0,0
CUST_08904,56,Male,42,294,76,9188.62,3,0
CUST_08905,35,Male,71,278,49,6048.75,1,0
CUST_08906,55,Female,45,203,80,2320.59,4,0
CUST_08907,54,Female,2,199,8,654.25,6,0
CUST_08908,47,Female,67,329,57,4929.49,9,0
CUST_08909,68,Male,43,124,101,1926.97,9,0
CUST_08910,48,Female,18,200,89,9950.51,4,0
CUST_08911,27,Male,39,75,24,1548.41,0,0
CUST_08912,32,Male,6,157,47,3357.2,9,0
CUST_08913,59,Male,42,134,104,10123.39,4,0
CUST_08914,65,Male,52,312,82,6421.17,5,0
CUST_08915,61,Female,27,120,21,2435.44,8,1
CUST_08916,35,Female,15,12,8,763.53,0,0
CUST_08917,40,Male,19,235,19,864.78,2,1
CUST_08918,50,Female,62,295,113,14974.29,4,0
CUST_08919,33,Male,64,108,30,1323.96,0,0
CUST_08920,55,Male,51,33,91,10130.75,6,0
CUST_08921,52,Female,47,120,100,12194.83,0,0
CUST_08922,51,Male,57,256,100,10791.81,9,0
CUST_08923,45,Male,20,83,26,1870.53,9,0
CUST_08924,19,Male,20,181,20,2670.47,2,0
CUST_08925,47,Female,64,228,116,6871.78,0,0
CUST_08926,30,Male,38,275,105,11314.31,8,1
CUST_08927,58,Male,38,186,78,10411.79,6,0
CUST_08928,33,Female,65,341,97,3490.33,9,1
CUST_08929,22,Male,5,211,73,7526.72,8,1
CUST_08930,45,Male,64,249,87,11886.77,8,0
CUST_08931,56,Male,27,43,45,1301.22,8,0
CUST_08932,62,Male,20,73,64,2219.31,9,1
CUST_08933,37,Female,60,342,30,1981.94,4,0
CUST_08934,41,Female,40,19,53,7909.29,6,0
CUST_08935,44,Female,6,165,50,2261.57,5,1
CUST_08936,47,Male,36,267,62,3647.91,5,0
CUST_08937,62,Male,65,128,42,5365.0,2,0
CUST_08938,44,Male,11,355,28,914.21,9,1
CUST_08939,43,Male,49,301,58,8670.3,5,1
CUST_08940,24,Male,28,318,31,3557.14,9,1
CUST_08941,59,Male,22,351,90,13003.92,5,0
CUST_08942,64,Male,47,142,100,3449.37,4,0
CUST_08943,55,Female,66,34,59,2736.36,3,0
CUST_08944,22,Male,25,98,111,7221.06,9,0
CUST_08945,40,Male,67,210,100,2188.65,4,0
CUST_08946,45,Male,32,316,116,2690.43,6,1
CUST_08947,51,Male,17,320,75,10276.19,3,0
CUST_08948,32,Female,40,198,12,249.25,8,1
CUST_08949,49,Male,30,256,45,5231.01,3,0
CUST_08950,43,Male,59,42,66,7384.19,8,0
CUST_08951,65,Male,28,104,104,2582.32,9,1
CUST_08952,48,Male,47,322,68,2742.5,8,1
CUST_08953,36,Female,23,189,32,2444.81,6,0
CUST_08954,26,Female,57,322,41,4166.57,6,0
CUST_08955,46,Male,1,343,98,13321.79,9,1
CUST_08956,68,Female,29,62,55,4736.73,0,0
CUST_08957,56,Male,50,143,69,9757.26,1,0
CUST_08958,21,Male,64,222,5,203.42,2,0
CUST_08959,20,Male,37,20,119,11789.96,2,0
CUST_08960,46,Female,61,280,63,8128.67,2,0
CUST_08961,69,Male,7,265,4,186.0,8,1
CUST_08962,28,Female,64,248,115,13967.17,1,0
CUST_08963,50,Male,18,116,41,2830.6,0,0
CUST_08964,55,Male,29,255,12,1799.39,0,0
CUST_08965,28,Female,60,297,99,2708.59,5,0
CUST_08966,44,Female,54,13,37,3318.6,6,0
CUST_08967,50,Female,21,46,98,11829.55,1,0
CUST_08968,38,Female,21,334,55,5845.76,1,1
CUST_08969,56,Male,58,242,45,3746.43,7,0
CUST_08970,48,Male,49,71,28,2359.55,6,0
CUST_08971,55,Male,36,59,59,4114.25,3,0
CUST_08972,63,Male,17,204,7,428.47,6,1
CUST_08973,19,Female,53,51,60,5708.7,3,0
CUST_08974,44,Female,15,16,53,6149.57,4,0
CUST_08975,53,Female,40,51,40,2108.06,7,1
CUST_08976,28,Male,51,224,52,7425.26,3,0
CUST_08977,64,Female,65,128,11,706.76,6,0
CUST_08978,35,Female,13,170,108,7947.35,1,0
CUST_08979,18,Male,38,267,96,6768.37,1,0
CUST_08980,52,Male,26,68,50,1501.54,8,0
CUST_08981,52,Female,15,121,50,1532.4,9,0
CUST_08982,48,Female,5,180,96,11746.71,7,0
CUST_08983,45,Female,2,226,95,6315.47,2,0
CUST_08984,56,Male,65,328,48,2119.6,6,0
CUST_08985,18,Male,60,191,84,9285.32,0,0
CUST_08986,42,Male,56,301,54,7806.51,3,0
CUST_08987,60,Male,38,251,6,848.81,3,0
CUST_08988,55,Female,57,6,50,5633.0,7,0
CUST_08989,37,Male,51,262,113,4618.2,3,0
CUST_08990,20,Female,41,91,82,2935.81,8,0
CUST_08991,68,Female,70,194,85,11269.8,9,0
CUST_08992,19,Male,52,329,3,434.94,6,1
CUST_08993,35,Male,1,64,41,4059.53,9,0
CUST_08994,61,Female,18,294,92,12573.58,4,0
CUST_08995,27,Female,27,226,28,3500.28,7,0
CUST_08996,22,Male,42,334,32,1145.34,3,0
CUST_08997,26,Male,6,63,39,1758.94,9,0
CUST_08998,19,Female,24,71,88,2124.98,5,0
CUST_08999,51,Female,45,20,118,9321.73,4,0
CUST_09000,55,Male,71,333,71,4170.04,9,1
CUST_09001,48,Female,7,245,63,4568.52,2,0
CUST_09002,27,Female,16,64,19,307.22,7,0
CUST_09003,67,Male,58,293,1,112.37,5,0
CUST_09004,29,Female,57,364,33,1388.55,3,0
CUST_09005,53,Male,42,225,33,2135.62,0,0
CUST_09006,38,Male,14,266,11,762.53,9,1
CUST_09007,66,Male,56,162,60,1436.58,0,0
CUST_09008,64,Male,12,45,87,5597.97,2,0
CUST_09009,23,Female,15,319,114,15558.64,7,1
CUST_09010,65,Female,8,269,109,14778.49,7,1
CUST_09011,66,Male,58,25,28,512.95,1,0
CUST_09012,20,Male,53,300,118,2244.55,0,0
CUST_09013,27,Female,9,225,62,5901.49,4,0
CUST_09014,22,Male,46,74,47,2004.6,0,0
CUST_09015,63,Male,7,116,17,2317.08,7,1
CUST_09016,43,Female,44,152,74,5933.71,8,0
CUST_09017,38,Female,14,69,72,4246.71,1,0
CUST_09018,62,Male,6,202,117,16812.01,3,0
CUST_09019,43,Female,35,303,9,521.28,5,1
CUST_09020,55,Male,70,91,83,4839.88,6,0
CUST_09021,61,Female,61,50,114,3758.36,4,0
CUST_09022,43,Female,24,289,8,360.03,0,0
CUST_09023,25,Female,2,92,59,6942.31,6,0
CUST_09024,22,Female,51,360,69,8112.03,6,1
CUST_09025,32,Male,31,235,78,5240.89,4,0
CUST_09026,33,Male,27,316,45,2797.45,1,0
CUST_09027,18,Male,31,29,33,2358.95,1,0
CUST_09028,33,Female,70,172,107,5950.59,8,0
CUST_09029,54,Female,43,173,108,10481.64,8,1
CUST_09030,20,Female,52,236,38,4861.67,3,0
CUST_09031,69,Female,14,42,63,1024.72,3,0
CUST_09032,64,Male,59,149,12,1696.33,6,0
CUST_09033,48,Male,20,288,67,2071.89,4,0
CUST_09034,30,Male,52,213,104,14191.87,0,0
CUST_09035,33,Male,40,175,29,1349.38,4,0
CUST_09036,60,Male,68,99,22,3053.59,3,0
CUST_09037,38,Female,44,120,34,4123.85,2,0
CUST_09038,19,Male,6,303,70,3593.65,0,1
CUST_09039,44,Female,57,17,99,1862.91,8,0
CUST_09040,55,Female,58,29,39,4353.91,3,0
CUST_09041,43,Male,30,48,16,2015.01,2,0
CUST_09042,55,Female,52,289,31,3309.81,7,1
CUST_09043,63,Male,11,128,49,3259.72,6,0
CUST_09044,42,Male,47,68,44,1416.71,5,0
CUST_09045,28,Male,5,39,79,4886.27,5,0
CUST_09046,25,Male,3,133,46,2357.91,1,0
CUST_09047,25,Female,15,119,1,112.62,8,0
CUST_09048,50,Female,2,324,44,1606.6,0,0
CUST_09049,24,Male,2,52,84,10553.61,3,0
CUST_09050,55,Male,54,136,87,8492.26,3,0
CUST_09051,38,Male,46,247,84,6732.33,8,1
CUST_09052,25,Female,41,169,96,6108.61,2,0
CUST_09053,68,Male,69,70,46,3841.54,8,0
CUST_09054,38,Female,30,36,112,9847.05,1,0
CUST_09055,37,Female,44,288,89,4182.37,0,0
CUST_09056,25,Male,10,5,111,16481.49,6,0
CUST_09057,63,Female,30,360,72,9920.8,1,0
CUST_09058,48,Male,49,148,53,3591.16,0,0
CUST_09059,67,Female,35,237,33,1626.67,8,0
CUST_09060,46,Male,65,68,45,2540.3,7,0
CUST_09061,65,Male,17,231,64,9428.65,2,0
CUST_09062,26,Female,31,150,94,6575.65,1,0
CUST_09063,32,Female,70,221,3,414.33,0,0
CUST_09064,47,Female,52,261,24,551.24,9,0
CUST_09065,43,Male,26,266,76,9109.93,3,0
CUST_09066,27,Female,5,114,31,3654.5,5,0
CUST_09067,46,Male,14,165,71,7304.71,1,0
CUST_09068,33,Male,51,56,40,1254.04,5,0
CUST_09069,53,Male,15,342,81,11946.6,4,0
CUST_09070,37,Female,12,356,50,2186.26,0,0
CUST_09071,62,Female,46,250,74,8200.02,9,1
CUST_09072,54,Male,64,243,15,1746.74,6,0
CUST_09073,39,Male,59,2,119,13993.1,6,0
CUST_09074,24,Male,26,143,21,2656.72,4,0
CUST_09075,40,Male,29,169,21,3119.17,3,0
CUST_09076,58,Male,4,63,60,1677.52,1,0
CUST_09077,57,Female,50,154,93,7323.33,6,0
CUST_09078,46,Female,25,350,106,15539.97,7,1
CUST_09079,33,Female,40,255,105,14078.56,8,1
CUST_09080,55,Male,32,66,65,9667.69,5,0
CUST_09081,45,Male,37,285,21,1966.2,1,0
CUST_09082,65,Female,10,188,55,5820.91,0,0
CUST_09083,55,Female,38,193,69,3492.33,1,0
CUST_09084,48,Female,61,296,79,6073.09,2,0
CUST_09085,31,Female,27,11,110,1961.09,0,0
CUST_09086,50,Female,7,180,26,2916.22,4,0
CUST_09087,26,Male,9,343,75,10499.51,6,1
CUST_09088,44,Male,59,90,55,1657.71,8,0
CUST_09089,41,Female,36,223,113,8626.54,5,0
CUST_09090,30,Female,30,335,85,8425.85,7,1
CUST_09091,43,Male,19,226,46,4615.83,1,0
CUST_09092,46,Male,41,103,62,3495.67,4,0
CUST_09093,68,Female,55,337,70,1236.97,8,1
CUST_09094,66,Female,6,355,54,7282.17,6,1
CUST_09095,60,Male,22,356,4,109.56,6,1
CUST_09096,45,Male,70,232,45,1754.4,2,0
CUST_09097,45,Male,24,267,85,12322.98,2,0
CUST_09098,25,Female,62,284,54,4457.72,1,0
CUST_09099,40,Male,42,190,81,10772.59,8,0
CUST_09100,46,Female,22,48,53,7212.65,3,0
CUST_09101,22,Female,16,284,95,14114.61,8,0
CUST_09102,59,Male,13,302,44,901.77,3,1
CUST_09103,24,Female,37,55,87,1927.49,7,0
CUST_09104,59,Male,52,339,96,3911.76,0,0
CUST_09105,53,Female,24,119,108,11190.29,0,0
CUST_09106,58,Female,17,2,36,1813.15,5,0
CUST_09107,44,Male,16,224,34,2784.92,5,0
CUST_09108,63,Male,1,236,52,6300.23,6,0
CUST_09109,19,Female,1,203,6,240.49,6,0
CUST_09110,42,Male,30,144,38,2036.59,9,0
CUST_09111,26,Female,24,11,86,9736.57,2,0
CUST_09112,44,Male,46,259,33,529.24,8,1
CUST_09113,18,Female,2,298,75,8793.48,8,1
CUST_09114,40,Female,15,157,55,5846.37,2,0
CUST_09115,27,Female,29,197,23,747.36,6,1
CUST_09116,59,Male,62,92,117,5606.74,3,0
CUST_09117,69,Male,13,333,44,751.5,5,1
CUST_09118,42,Male,65,153,100,9349.08,5,0
CUST_09119,20,Male,45,134,28,1921.01,4,0
CUST_09120,23,Female,47,116,64,4618.46,5,0
CUST_09121,23,Female,16,67,48,1388.64,6,0
CUST_09122,19,Male,3,150,59,3691.14,1,0
CUST_09123,35,Female,70,256,83,11542.38,6,0
CUST_09124,40,Male,5,41,59,1400.62,6,1
CUST_09125,19,Male,26,181,43,6304.63,6,1
CUST_09126,29,Female,15,188,43,5567.7,9,1
CUST_09127,39,Female,55,39,77,3265.08,4,0
CUST_09128,54,Female,22,311,13,1433.02,2,0
CUST_09129,37,Male,37,327,72,1964.0,4,0
CUST_09130,56,Male,29,217,43,1571.86,0,0
CUST_09131,41,Male,26,130,112,9057.97,4,0
CUST_09132,65,Female,70,264,13,897.8,2,0
CUST_09133,37,Female,11,114,35,4376.01,6,0
CUST_09134,18,Male,20,63,91,12903.75,3,0
CUST_09135,18,Female,70,97,11,1565.08,5,0
CUST_09136,34,Male,33,330,21,731.75,5,1
CUST_09137,18,Female,30,18,72,7750.14,3,0
CUST_09138,69,Male,50,205,106,9757.96,0,0
CUST_09139,62,Male,34,213,26,1689.51,2,0
CUST_09140,47,Male,5,97,94,14034.37,2,0
CUST_09141,58,Male,12,279,86,6584.68,5,1
CUST_09142,64,Female,52,236,50,5240.99,9,1
CUST_09143,20,Female,51,168,49,4061.3,7,0
CUST_09144,63,Female,21,60,103,2975.88,1,0
CUST_09145,28,Female,71,85,114,3881.53,5,0
CUST_09146,41,Male,58,261,74,8603.93,6,0
CUST_09147,39,Female,64,355,90,11090.46,2,0
CUST_09148,61,Female,6,166,116,7437.39,0,0
CUST_09149,62,Male,49,228,91,2187.59,1,0
CUST_09150,43,Male,37,60,86,12400.83,4,0
CUST_09151,30,Female,10,164,13,1067.36,0,0
CUST_09152,18,Male,66,230,39,1291.29,3,0
CUST_09153,41,Female,56,82,55,2298.56,5,0
CUST_09154,27,Male,71,157,7,147.87,0,0
CUST_09155,52,Female,66,191,116,12856.34,5,0
CUST_09156,41,Female,45,362,43,4732.27,7,1
CUST_09157,45,Male,68,244,42,4046.2,0,0
CUST_09158,53,Male,64,242,58,5147.53,7,0
CUST_09159,33,Male,16,222,12,798.02,7,0
CUST_09160,57,Male,10,168,13,1863.36,1,0
CUST_09161,33,Female,21,121,12,1476.84,2,0
CUST_09162,34,Male,12,2,76,10452.2,5,0
CUST_09163,68,Female,13,118,38,2168.81,7,0
CUST_09164,32,Male,10,136,3,441.2,4,0
CUST_09165,33,Female,13,330,72,2687.2,8,1
CUST_09166,32,Female,34,127,113,2553.44,3,0
CUST_09167,51,Male,59,241,62,3607.06,3,0
CUST_09168,28,Female,49,108,31,1307.39,7,0
CUST_09169,18,Female,6,299,77,6534.66,4,1
CUST_09170,32,Male,12,112,72,4483.94,7,0
CUST_09171,43,Female,29,163,37,1412.87,0,0
CUST_09172,68,Male,26,275,24,3095.4,9,1
CUST_09173,21,Male,68,19,92,7688.99,4,0
CUST_09174,60,Female,16,233,68,2025.48,7,0
CUST_09175,22,Female,53,20,64,1610.88,7,0
CUST_09176,52,Female,19,241,16,1067.67,6,0
CUST_09177,30,Male,47,260,18,2476.4,2,0
CUST_09178,27,Female,32,49,68,5683.44,9,1
CUST_09179,28,Female,70,154,107,3614.81,9,0
CUST_09180,35,Female,70,3,40,1931.81,6,0
CUST_09181,51,Male,61,308,58,1257.43,2,0
CUST_09182,56,Female,5,292,97,12347.95,5,1
CUST_09183,58,Female,59,169,45,6422.27,8,0
CUST_09184,59,Male,2,198,53,1351.76,7,1
CUST_09185,67,Female,2,179,27,1035.52,3,0
CUST_09186,40,Male,3,103,118,4495.13,4,0
CUST_09187,24,Male,70,219,36,4446.01,3,0
CUST_09188,56,Female,43,16,68,8724.52,5,0
CUST_09189,20,Female,5,47,100,7160.19,7,0
CUST_09190,29,Male,50,336,13,1896.17,5,0
CUST_09191,24,Male,10,46,51,2551.5,4,0
CUST_09192,66,Female,27,100,48,4122.78,8,1
CUST_09193,43,Female,24,183,60,8969.94,6,0
CUST_09194,50,Female,22,354,78,9879.4,9,0
CUST_09195,54,Female,3,216,106,8561.61,2,0
CUST_09196,65,Female,16,134,101,2994.75,9,0
CUST_09197,32,Male,30,340,111,15216.72,1,0
CUST_09198,19,Female,43,317,70,6173.09,4,0
CUST_09199,58,Male,4,9,51,2887.97,4,0
CUST_09200,24,Female,40,213,14,1062.8,5,0
CUST_09201,49,Male,16,139,43,2449.94,0,0
CUST_09202,21,Male,16,222,3,268.18,4,0
CUST_09203,37,Female,66,321,25,1296.16,6,1
CUST_09204,67,Female,55,91,34,2557.06,8,0
CUST_09205,53,Female,20,315,70,5078.16,2,0
CUST_09206,49,Female,51,112,56,5497.48,6,0
CUST_09207,45,Male,57,113,104,1758.89,6,0
CUST_09208,30,Female,51,198,65,6229.04,6,0
CUST_09209,18,Male,18,263,60,5704.22,3,0
CUST_09210,52,Male,59,317,110,7475.48,2,0
CUST_09211,65,Male,28,313,48,2319.91,0,0
CUST_09212,47,Female,69,342,113,14497.78,5,0
CUST_09213,53,Female,28,162,72,4431.29,3,0
CUST_09214,42,Female,13,84,81,4623.76,7,0
CUST_09215,33,Male,6,45,77,5969.62,5,0
CUST_09216,36,Male,29,45,19,998.04,5,0
CUST_09217,18,Female,9,271,105,13351.07,7,1
CUST_09218,22,Male,29,210,35,3194.38,4,0
CUST_09219,68,Male,38,174,114,13319.89,7,1
CUST_09220,39,Female,65,247,97,11215.78,0,0
CUST_09221,41,Female,56,174,109,13233.47,9,0
CUST_09222,60,Male,30,36,109,14425.36,1,0
CUST_09223,62,Male,59,302,108,15025.78,7,0
CUST_09224,69,Female,58,298,33,2203.98,0,0
CUST_09225,54,Female,10,158,42,3145.88,4,0
CUST_09226,53,Female,21,139,115,2502.16,4,0
CUST_09227,53,Male,56,33,54,7558.4,1,0
CUST_09228,21,Male,26,251,39,3676.32,1,0
CUST_09229,53,Female,15,326,110,12227.87,0,0
CUST_09230,69,Male,35,171,64,4727.09,3,0
CUST_09231,35,Female,15,110,38,3000.84,5,0
CUST_09232,67,Male,6,167,38,3356.5,2,0
CUST_09233,33,Female,28,125,73,8933.24,9,1
CUST_09234,58,Female,63,214,52,5083.04,3,0
CUST_09235,35,Female,29,295,112,13945.5,7,0
CUST_09236,39,Female,48,181,101,4469.51,1,0
CUST_09237,19,Male,63,83,47,2011.05,8,0
CUST_09238,38,Female,58,362,65,2789.79,9,1
CUST_09239,53,Male,21,319,100,1565.39,5,0
CUST_09240,61,Male,22,25,42,1645.29,8,0
CUST_09241,56,Male,27,246,102,3165.14,0,0
CUST_09242,64,Female,57,41,55,4194.13,3,0
CUST_09243,56,Female,10,59,59,1898.47,6,0
CUST_09244,46,Male,22,177,66,4695.24,9,0
CUST_09245,43,Female,44,30,74,11095.04,8,0
CUST_09246,38,Female,28,45,54,4479.55,0,0
CUST_09247,34,Female,50,309,51,7131.2,0,0
CUST_09248,33,Female,51,154,23,2524.43,2,0
CUST_09249,48,Female,1,40,73,9908.53,5,0
CUST_09250,68,Female,34,140,11,1093.99,4,0
CUST_09251,26,Male,35,257,36,4477.06,4,0
CUST_09252,48,Male,61,70,56,3129.17,8,0
CUST_09253,31,Female,30,136,42,2738.72,2,0
CUST_09254,66,Male,68,236,102,14752.78,4,0
CUST_09255,54,Male,40,112,99,5060.59,6,0
CUST_09256,19,Female,65,33,13,934.51,1,0
CUST_09257,69,Male,37,196,83,8541.23,6,1
CUST_09258,65,Female,64,178,99,6729.47,0,0
CUST_09259,63,Female,1,360,52,927.03,6,1
CUST_09260,31,Female,15,134,30,3658.53,1,0
CUST_09261,50,Male,13,191,82,4945.64,6,0
CUST_09262,52,Male,29,335,12,548.82,2,0
CUST_09263,56,Female,55,6,76,6327.1,4,0
CUST_09264,64,Male,45,293,21,338.91,8,1
CUST_09265,68,Female,4,179,12,1579.51,0,0
CUST_09266,37,Female,64,283,62,3117.5,5,0
CUST_09267,19,Male,15,106,92,12840.52,6,0
CUST_09268,68,Female,48,246,93,9904.24,9,0
CUST_09269,58,Female,56,325,39,3473.64,8,1
CUST_09270,36,Male,70,231,105,13003.67,3,0
CUST_09271,54,Male,15,215,44,6559.94,8,1
CUST_09272,35,Male,39,273,115,5625.02,0,0
CUST_09273,33,Male,69,105,4,251.75,3,0
CUST_09274,21,Female,60,23,31,2492.32,5,0
CUST_09275,29,Male,44,295,24,2107.91,6,1
CUST_09276,46,Male,43,161,42,3765.34,0,0
CUST_09277,24,Female,4,194,115,10247.8,0,0
CUST_09278,31,Female,50,266,49,6213.82,8,0
CUST_09279,29,Male,39,83,82,5708.93,6,0
CUST_09280,52,Female,54,168,106,1747.0,8,0
CUST_09281,22,Male,23,329,90,11989.68,4,0
CUST_09282,34,Female,60,143,108,11275.64,8,0
CUST_09283,59,Female,35,43,119,4829.02,4,0
CUST_09284,49,Female,54,344,20,379.92,5,0
CUST_09285,27,Female,58,12,8,461.04,7,0
CUST_09286,60,Female,62,22,115,3657.05,8,0
CUST_09287,34,Female,48,18,33,4490.36,9,1
CUST_09288,22,Female,7,62,68,3570.81,2,0
CUST_09289,62,Male,45,189,38,4190.07,1,0
CUST_09290,59,Male,13,79,86,8929.25,4,0
CUST_09291,26,Female,53,167,36,4009.92,5,0
CUST_09292,66,Female,39,150,48,4154.67,7,0
CUST_09293,50,Female,18,223,95,10783.16,3,0
CUST_09294,53,Female,22,105,8,673.38,0,0
CUST_09295,53,Female,36,254,73,4816.32,3,0
CUST_09296,35,Male,53,7,111,14528.74,9,0
CUST_09297,26,Male,3,163,82,6308.1,7,0
CUST_09298,46,Female,62,290,99,9076.82,1,0
CUST_09299,67,Female,29,195,60,4666.54,9,0
CUST_09300,31,Female,8,319,24,2872.62,7,1
CUST_09301,42,Female,46,130,17,1493.74,3,0
CUST_09302,32,Female,56,109,65,5106.09,1,0
CUST_09303,23,Female,49,219,39,1942.45,3,0
CUST_09304,59,Male,43,319,106,14634.16,0,0
CUST_09305,46,Female,10,130,79,10390.71,9,0
CUST_09306,32,Male,13,244,55,4028.84,6,1
CUST_09307,46,Female,57,307,77,8012.78,2,0
CUST_09308,21,Male,2,297,87,7272.79,3,0
CUST_09309,35,Male,65,85,93,3606.98,2,0
CUST_09310,67,Male,42,255,61,4011.6,7,0
CUST_09311,66,Male,58,327,31,4035.72,2,0
CUST_09312,61,Male,10,237,101,12388.07,6,1
CUST_09313,56,Female,63,1,28,807.42,1,0
CUST_09314,33,Male,71,265,32,805.39,9,1
CUST_09315,28,Female,61,194,7,911.57,8,1
CUST_09316,31,Female,1,364,78,10639.72,5,1
CUST_09317,20,Male,26,357,14,766.1,2,0
CUST_09318,68,Male,5,122,96,5966.75,7,0
CUST_09319,67,Male,35,364,73,4404.34,7,1
CUST_09320,59,Female,13,4,54,1735.6,5,0
CUST_09321,55,Male,27,149,70,8090.35,3,0
CUST_09322,62,Male,12,61,51,3313.04,2,0
CUST_09323,59,Male,50,282,79,10103.36,8,1
CUST_09324,35,Female,59,117,30,4008.0,4,0
CUST_09325,37,Female,31,172,30,4146.81,3,0
CUST_09326,65,Male,69,334,16,2006.75,8,1
CUST_09327,42,Female,37,238,23,2794.57,6,0
CUST_09328,55,Male,2,138,31,2346.11,2,0
CUST_09329,30,Male,71,218,118,2199.27,5,0
CUST_09330,21,Male,65,82,12,361.54,7,0
CUST_09331,31,Female,3,219,85,7366.79,4,0
CUST_09332,50,Female,20,337,3,190.81,1,0
CUST_09333,45,Female,2,202,67,8504.04,7,1
CUST_09334,69,Female,42,75,38,3458.91,1,0
CUST_09335,54,Male,43,47,86,2437.46,0,0
CUST_09336,25,Male,21,344,85,6766.14,4,0
CUST_09337,61,Male,45,339,115,14485.98,4,0
CUST_09338,51,Female,20,236,108,14203.72,0,0
CUST_09339,61,Male,43,151,16,598.68,5,0
CUST_09340,22,Female,50,123,82,2340.32,6,0
CUST_09341,22,Female,43,246,4,268.97,8,1
CUST_09342,48,Male,24,254,20,476.89,8,1
CUST_09343,62,Female,60,54,45,5087.63,1,0
CUST_09344,26,Male,32,187,13,980.42,7,1
CUST_09345,59,Female,5,281,95,3967.21,8,1
CUST_09346,49,Female,2,67,2,57.67,3,0
CUST_09347,50,Male,26,141,94,13178.1,6,0
CUST_09348,20,Female,25,21,31,645.21,4,0
CUST_09349,47,Female,50,22,28,789.98,0,0
CUST_09350,67,Male,39,175,73,3403.4,9,1
CUST_09351,29,Male,11,191,59,1639.05,7,0
CUST_09352,46,Male,63,285,11,1121.76,1,0
CUST_09353,20,Female,68,305,35,1556.08,2,0
CUST_09354,43,Male,18,363,49,3909.74,4,1
CUST_09355,47,Male,28,281,44,5769.84,6,0
CUST_09356,26,Male,42,332,101,12760.77,4,0
CUST_09357,43,Male,60,305,110,3821.72,9,1
CUST_09358,19,Female,22,261,58,1564.77,3,0
CUST_09359,20,Female,40,157,51,5338.37,1,0
CUST_09360,63,Female,62,261,118,5120.16,0,0
CUST_09361,21,Female,3,39,17,2048.43,2,0
CUST_09362,42,Female,71,337,90,6629.04,5,0
CUST_09363,68,Male,63,30,4,143.44,8,0
CUST_09364,30,Male,20,258,33,4835.13,8,0
CUST_09365,56,Male,71,271,62,1395.49,4,0
CUST_09366,61,Female,71,51,81,2574.16,2,0
CUST_09367,52,Female,26,279,106,13210.25,2,0
CUST_09368,40,Male,41,234,72,5480.1,6,0
CUST_09369,26,Male,3,26,90,12747.33,6,0
CUST_09370,19,Male,43,11,43,1300.9,2,0
CUST_09371,58,Female,17,24,84,3040.2,9,1
CUST_09372,61,Female,53,216,42,640.34,6,0
CUST_09373,48,Male,52,327,51,2259.84,7,0
CUST_09374,61,Female,33,138,38,3941.75,2,0
CUST_09375,64,Female,60,225,43,4843.93,4,0
CUST_09376,19,Male,68,353,48,3506.01,9,1
CUST_09377,49,Male,56,110,42,2089.22,7,0
CUST_09378,35,Female,64,328,57,6367.16,6,0
CUST_09379,30,Male,8,206,54,2068.33,0,0
CUST_09380,63,Male,69,71,97,11499.99,1,0
CUST_09381,22,Male,33,210,104,12603.72,5,0
CUST_09382,59,Female,25,185,17,1267.27,7,1
CUST_09383,61,Female,71,90,51,2097.99,4,0
CUST_09384,27,Female,7,247,9,900.3,6,1
CUST_09385,60,Male,59,233,84,10938.17,9,0
CUST_09386,42,Male,33,33,8,691.87,6,0
CUST_09387,51,Female,41,147,105,8110.64,2,0
CUST_09388,54,Male,33,170,63,9273.3,0,0
CUST_09389,47,Female,29,214,112,9805.87,5,0
CUST_09390,24,Male,39,314,110,2158.11,4,1
CUST_09391,23,Female,57,228,56,4635.5,8,0
CUST_09392,20,Female,64,146,70,5257.81,0,0
CUST_09393,30,Female,66,146,9,489.91,4,0
CUST_09394,20,Male,9,22,75,4338.2,2,0
CUST_09395,43,Female,29,89,118,16598.05,5,0
CUST_09396,41,Male,28,180,111,3666.95,4,0
CUST_09397,23,Female,53,300,111,13114.1,3,0
CUST_09398,60,Male,46,265,5,684.13,7,0
CUST_09399,66,Female,39,50,72,3602.19,8,0
CUST_09400,59,Male,58,230,64,1537.28,8,0
CUST_09401,29,Female,54,61,52,2936.17,0,0
CUST_09402,66,Female,6,19,35,2570.36,8,1
CUST_09403,53,Male,45,308,116,16639.3,3,0
CUST_09404,19,Female,40,311,60,4384.14,3,0
CUST_09405,28,Male,23,25,89,2441.06,8,0
CUST_09406,56,Female,42,207,100,3483.0,0,0
CUST_09407,51,Female,38,325,39,2442.14,4,0
CUST_09408,43,Female,16,75,113,4504.79,7,0
CUST_09409,35,Male,47,141,108,2503.07,4,0
CUST_09410,38,Male,21,328,6,231.96,7,1
CUST_09411,53,Female,21,281,88,2573.23,4,0
CUST_09412,57,Female,25,91,119,5041.35,1,0
CUST_09413,69,Male,61,75,21,3139.95,1,0
CUST_09414,63,Male,54,64,36,2704.69,7,0
CUST_09415,61,Male,60,82,18,1870.4,2,0
CUST_09416,39,Female,42,250,112,4179.06,1,0
CUST_09417,47,Female,61,138,1,129.65,0,0
CUST_09418,67,Male,32,97,93,4746.01,3,0
CUST_09419,60,Male,53,100,17,2509.82,2,0
CUST_09420,47,Female,44,273,69,8828.93,7,1
CUST_09421,25,Male,11,241,119,17060.75,0,0
CUST_09422,51,Female,47,5,114,11995.17,4,0
CUST_09423,64,Male,60,215,6,623.05,9,1
CUST_09424,26,Female,36,67,58,7455.79,5,0
CUST_09425,68,Female,60,357,119,13277.29,0,0
CUST_09426,37,Female,33,155,45,4357.6,8,0
CUST_09427,57,Male,42,29,72,4562.37,1,0
CUST_09428,42,Female,13,305,89,4012.75,3,0
CUST_09429,36,Male,14,9,83,10010.05,6,0
CUST_09430,22,Female,58,200,48,3221.6,8,0
CUST_09431,28,Male,40,334,50,1163.13,2,0
CUST_09432,32,Female,65,230,103,8214.14,9,1
CUST_09433,25,Male,5,316,56,5810.79,1,0
CUST_09434,36,Male,30,308,9,162.99,7,1
CUST_09435,40,Male,45,331,92,10137.6,8,0
CUST_09436,44,Female,58,267,62,2810.6,1,0
CUST_09437,57,Female,39,360,117,5267.13,2,0
CUST_09438,49,Male,12,163,31,2820.66,5,0
CUST_09439,43,Male,34,75,65,3934.76,2,0
CUST_09440,44,Male,14,292,105,7962.02,5,0
CUST_09441,36,Male,38,183,61,5139.91,5,0
CUST_09442,67,Female,16,109,10,1393.38,2,0
CUST_09443,59,Male,61,339,53,2261.06,1,0
CUST_09444,46,Female,59,200,64,4971.61,7,1
CUST_09445,56,Female,67,181,64,7750.93,6,0
CUST_09446,58,Female,11,28,50,2134.88,8,1
CUST_09447,50,Female,11,53,86,2246.45,0,0
CUST_09448,36,Male,16,248,65,1130.88,0,0
CUST_09449,54,Male,38,310,77,2233.3,0,0
CUST_09450,36,Female,30,321,14,728.98,0,0
CUST_09451,50,Male,41,309,23,1615.74,4,0
CUST_09452,64,Male,1,40,103,9801.43,1,0
CUST_09453,33,Female,38,222,28,1176.34,3,0
CUST_09454,40,Female,60,297,93,4781.03,8,1
CUST_09455,24,Male,19,166,58,6343.8,2,0
CUST_09456,43,Female,59,331,40,5508.64,7,1
CUST_09457,49,Male,68,29,64,2130.85,8,0
CUST_09458,29,Female,10,189,97,7642.59,8,1
CUST_09459,25,Male,17,202,2,109.76,1,0
CUST_09460,22,Female,29,296,43,3709.87,7,1
CUST_09461,59,Female,6,130,97,3015.02,7,1
CUST_09462,45,Male,66,48,88,4539.94,2,0
CUST_09463,22,Female,63,257,12,1328.36,0,0
CUST_09464,66,Female,31,315,104,13063.11,0,0
CUST_09465,43,Female,25,88,92,9100.84,3,0
CUST_09466,22,Male,21,258,35,4987.57,8,1
CUST_09467,39,Female,16,59,74,7632.48,8,0
CUST_09468,32,Female,4,49,111,12852.7,1,0
CUST_09469,30,Male,46,216,108,6831.29,6,0
CUST_09470,45,Female,8,76,98,3717.36,0,0
CUST_09471,50,Male,6,34,69,7163.13,4,0
CUST_09472,60,Male,53,248,63,8761.83,9,0
CUST_09473,40,Male,64,318,41,6049.82,4,0
CUST_09474,50,Female,51,290,64,4848.41,7,0
CUST_09475,60,Female,63,23,18,1581.49,8,0
CUST_09476,35,Male,6,19,70,3990.98,2,0
CUST_09477,67,Female,62,316,11,1163.68,5,0
CUST_09478,47,Female,33,96,110,13013.53,6,0
CUST_09479,43,Female,2,251,65,1336.5,5,1
CUST_09480,33,Male,41,241,23,2973.78,8,1
CUST_09481,30,Female,16,346,4,337.45,9,1
CUST_09482,56,Female,59,305,7,652.83,3,0
CUST_09483,50,Female,9,45,41,1756.46,0,0
CUST_09484,43,Male,69,76,49,803.14,3,0
CUST_09485,65,Male,10,107,17,2440.31,9,0
CUST_09486,18,Male,7,60,75,10525.05,5,0
CUST_09487,66,Female,66,132,55,6574.48,5,0
CUST_09488,55,Male,20,157,27,2131.26,2,0
CUST_09489,19,Female,63,55,12,694.55,1,0
CUST_09490,66,Male,4,186,47,1695.32,7,1
CUST_09491,23,Male,28,175,34,881.42,8,1
CUST_09492,63,Male,35,31,8,613.89,9,0
CUST_09493,67,Female,2,155,116,14146.59,9,1
CUST_09494,55,Female,41,245,23,2598.99,3,0
CUST_09495,59,Female,28,30,26,3043.33,2,0
CUST_09496,41,Female,1,49,34,1054.6,9,1
CUST_09497,35,Male,27,170,32,4207.08,0,0
CUST_09498,44,Female,67,75,6,741.22,1,0
CUST_09499,58,Male,39,206,65,1800.63,7,0
CUST_09500,25,Female,40,324,59,3724.78,5,0
CUST_09501,45,Male,28,356,50,3282.76,5,1
CUST_09502,27,Female,24,359,68,7768.32,0,0
CUST_09503,34,Male,51,161,89,11673.71,7,0
CUST_09504,46,Male,56,149,8,525.78,5,0
CUST_09505,23,Male,26,88,40,1306.53,3,0
CUST_09506,31,Male,52,168,46,1202.71,2,0
CUST_09507,39,Male,6,189,84,8504.47,5,0
CUST_09508,23,Female,59,114,78,6413.71,2,0
CUST_09509,43,Female,12,13,33,4513.62,3,0
CUST_09510,56,Male,63,166,58,8336.13,9,1
CUST_09511,29,Male,36,157,116,15803.58,7,0
CUST_09512,52,Male,9,181,3,75.63,6,1
CUST_09513,31,Female,67,320,79,4216.67,6,0
CUST_09514,39,Male,29,292,27,1275.45,5,1
CUST_09515,68,Female,71,104,83,2014.37,7,0
CUST_09516,40,Male,8,111,65,9032.84,8,1
CUST_09517,65,Male,43,261,57,7740.38,0,0
CUST_09518,24,Male,35,148,35,2371.37,2,0
CUST_09519,57,Male,22,139,52,7510.14,7,0
CUST_09520,67,Male,66,328,97,8832.01,0,0
CUST_09521,42,Male,21,169,51,3753.31,8,1
CUST_09522,30,Male,71,158,17,1516.45,0,0
CUST_09523,38,Female,41,56,77,5542.27,8,0
CUST_09524,58,Male,41,73,52,2829.05,6,0
CUST_09525,27,Male,49,248,48,1893.54,5,0
CUST_09526,26,Male,4,180,58,4476.7,8,0
CUST_09527,32,Female,65,91,76,6585.77,9,0
CUST_09528,69,Female,10,194,103,12969.65,3,0
CUST_09529,19,Female,67,195,26,2051.56,4,0
CUST_09530,42,Male,10,285,27,3428.21,9,1
CUST_09531,30,Male,17,248,24,3453.07,1,0
CUST_09532,51,Male,67,229,81,9104.47,2,0
CUST_09533,68,Female,53,283,11,342.78,6,1
CUST_09534,51,Female,35,324,86,6645.29,4,0
CUST_09535,52,Female,4,163,8,1045.25,7,0
CUST_09536,55,Female,68,91,106,8625.4,2,0
CUST_09537,20,Male,11,211,48,5973.52,2,0
CUST_09538,59,Male,44,266,32,3831.86,0,0
CUST_09539,23,Male,60,127,29,1060.79,0,0
CUST_09540,65,Male,70,282,106,6304.98,1,0
CUST_09541,66,Female,62,71,96,11340.29,6,0
CUST_09542,36,Male,32,91,104,3794.86,8,0
CUST_09543,20,Female,46,94,5,360.38,5,1
CUST_09544,35,Female,23,76,49,1643.61,4,0
CUST_09545,56,Male,37,104,13,608.66,3,0
CUST_09546,26,Male,58,197,89,4766.74,3,0
CUST_09547,69,Female,43,184,42,3636.6,6,0
CUST_09548,29,Male,15,77,10,1381.07,0,0
CUST_09549,22,Male,67,297,26,1743.31,5,0
CUST_09550,20,Male,2,322,26,3373.38,0,1
CUST_09551,28,Male,71,34,85,9252.16,3,0
CUST_09552,47,Female,5,122,23,2768.31,9,1
CUST_09553,21,Male,53,306,44,5187.51,5,0
CUST_09554,22,Female,45,346,76,4239.73,1,1
CUST_09555,18,Female,41,203,39,1828.86,4,0
CUST_09556,44,Male,63,298,43,6319.87,9,0
CUST_09557,45,Female,32,129,52,5959.55,3,0
CUST_09558,46,Male,2,290,58,3734.04,2,0
CUST_09559,35,Female,10,213,89,7995.9,9,0
CUST_09560,29,Male,43,138,76,9100.45,5,0
CUST_09561,30,Male,43,261,100,2252.87,6,0
CUST_09562,58,Male,67,346,32,907.82,1,0
CUST_09563,19,Female,23,172,18,330.94,5,0
CUST_09564,54,Male,60,147,42,1560.26,9,0
CUST_09565,62,Male,6,149,84,2613.48,0,0
CUST_09566,33,Male,13,29,2,155.02,9,0
CUST_09567,65,Male,21,102,60,3226.32,3,0
CUST_09568,41,Female,58,296,33,698.1,5,1
CUST_09569,52,Female,28,254,46,3481.05,2,0
CUST_09570,39,Female,70,274,81,7541.74,8,1
CUST_09571,53,Male,8,49,59,3833.88,2,0
CUST_09572,28,Male,58,189,100,5014.71,3,0
CUST_09573,63,Female,40,65,94,6364.88,4,0
CUST_09574,46,Female,1,164,57,4855.62,9,1
CUST_09575,52,Male,65,224,62,4579.55,7,0
CUST_09576,65,Female,10,326,63,1738.31,9,1
CUST_09577,32,Female,60,7,73,5597.14,1,0
CUST_09578,48,Male,69,61,31,3479.59,3,0
CUST_09579,59,Female,20,192,39,4902.28,1,0
CUST_09580,58,Male,62,360,85,6318.7,2,0
CUST_09581,60,Female,13,88,22,3281.57,2,0
CUST_09582,33,Female,58,158,17,2189.36,6,1
CUST_09583,27,Male,37,273,3,132.23,4,1
CUST_09584,66,Male,10,332,32,2453.25,1,0
CUST_09585,49,Female,3,282,33,1811.29,5,0
CUST_09586,68,Female,34,145,64,5714.07,3,0
CUST_09587,19,Male,34,163,10,452.56,1,0
CUST_09588,41,Female,30,174,5,98.78,2,0
CUST_09589,40,Female,37,108,68,9322.23,1,0
CUST_09590,19,Male,68,301,115,9794.29,3,0
CUST_09591,55,Male,34,331,38,5263.76,2,0
CUST_09592,48,Female,32,144,96,2971.24,7,0
CUST_09593,68,Male,58,58,102,3615.92,3,0
CUST_09594,57,Male,24,298,41,1868.59,9,1
CUST_09595,43,Female,9,350,84,6443.73,2,1
CUST_09596,46,Female,41,188,73,9767.42,9,0
CUST_09597,20,Male,24,20,61,6271.14,8,0
CUST_09598,31,Male,25,212,15,336.38,8,1
CUST_09599,42,Female,36,24,52,3638.51,2,0
CUST_09600,65,Female,8,91,8,901.11,3,0
CUST_09601,18,Female,59,216,56,3277.24,6,0
CUST_09602,20,Male,35,52,98,7986.59,2,0
CUST_09603,43,Female,38,138,30,3331.29,9,1
CUST_09604,35,Female,32,153,74,10750.2,8,0
CUST_09605,26,Male,51,220,78,4678.74,6,0
CUST_09606,55,Male,28,362,34,3926.69,5,1
CUST_09607,40,Female,56,173,59,6838.07,5,0
CUST_09608,38,Male,8,1,56,4942.83,7,0
CUST_09609,18,Male,41,25,86,10733.16,8,0
CUST_09610,38,Male,23,204,13,1135.88,2,0
CUST_09611,44,Male,54,359,51,5068.12,2,0
CUST_09612,59,Male,23,201,59,7553.47,7,0
CUST_09613,23,Male,32,191,62,4916.34,2,0
CUST_09614,61,Female,10,361,29,2306.2,3,1
CUST_09615,53,Female,35,304,93,8815.49,6,0
CUST_09616,45,Female,63,232,62,7661.11,6,0
CUST_09617,62,Male,67,220,7,225.19,1,0
CUST_09618,34,Female,36,66,44,5241.03,1,0
CUST_09619,57,Male,49,24,6,328.75,3,0
CUST_09620,69,Female,46,82,99,2434.36,4,0
CUST_09621,20,Female,27,91,62,7560.51,5,0
CUST_09622,29,Female,31,172,101,3494.03,6,1
CUST_09623,56,Female,34,35,68,2977.75,2,0
CUST_09624,29,Female,59,34,78,8605.95,0,0
CUST_09625,19,Female,54,262,70,6384.74,1,0
CUST_09626,63,Male,66,177,17,2367.54,0,0
CUST_09627,39,Male,30,144,49,7047.92,1,0
CUST_09628,40,Female,23,215,24,1377.24,5,0
CUST_09629,47,Male,9,141,77,4525.03,9,1
CUST_09630,22,Female,55,268,12,519.78,6,0
CUST_09631,26,Male,1,139,57,4838.06,7,0
CUST_09632,38,Male,56,47,29,1914.82,7,0
CUST_09633,28,Female,39,60,88,1494.08,9,0
CUST_09634,22,Male,18,49,62,4235.78,6,0
CUST_09635,52,Female,42,52,98,2286.31,1,0
CUST_09636,44,Female,65,61,78,9583.93,8,0
CUST_09637,66,Female,33,214,27,3790.82,4,0
CUST_09638,19,Female,30,95,5,274.68,3,0
CUST_09639,41,Male,5,120,40,4113.85,1,0
CUST_09640,48,Male,50,219,47,1266.67,7,0
CUST_09641,50,Male,65,40,9,576.68,9,0
CUST_09642,56,Male,10,346,16,1483.97,3,0
CUST_09643,47,Female,60,327,13,377.82,0,0
CUST_09644,63,Female,27,317,54,3559.35,5,1
CUST_09645,54,Female,28,232,15,2159.36,3,0
CUST_09646,68,Female,45,211,100,3742.12,6,0
CUST_09647,45,Male,52,38,25,2468.27,6,0
CUST_09648,48,Female,66,317,16,2040.03,9,0
CUST_09649,28,Female,62,211,44,5240.75,4,0
CUST_09650,40,Male,60,83,116,13819.84,8,0
CUST_09651,19,Female,40,356,118,2711.82,6,1
CUST_09652,57,Female,15,118,108,15815.11,9,1
CUST_09653,58,Male,7,303,95,10750.63,4,0
CUST_09654,44,Female,39,27,47,6760.29,7,0
CUST_09655,52,Male,51,209,101,14867.19,9,1
CUST_09656,19,Male,7,125,33,2085.45,1,0
CUST_09657,56,Female,12,276,84,7421.96,5,1
CUST_09658,54,Female,14,298,26,2950.42,7,1
CUST_09659,38,Female,34,297,99,12833.0,6,1
CUST_09660,22,Female,39,72,40,5843.12,3,0
CUST_09661,69,Female,64,58,71,10405.16,0,0
CUST_09662,62,Female,12,296,45,2666.11,2,0
CUST_09663,38,Male,34,119,106,11327.64,4,0
CUST_09664,46,Male,27,62,95,3309.41,5,0
CUST_09665,37,Male,22,87,81,10078.08,2,0
CUST_09666,55,Female,18,326,43,1570.9,1,0
CUST_09667,37,Female,46,99,72,9737.41,2,0
CUST_09668,67,Male,44,124,23,3385.11,4,0
CUST_09669,42,Female,18,7,47,1252.88,2,0
CUST_09670,19,Female,37,134,44,3703.41,7,1
CUST_09671,49,Male,7,283,82,4160.58,6,1
CUST_09672,43,Male,68,2,42,3295.09,8,0
CUST_09673,23,Male,60,317,12,655.91,2,0
CUST_09674,58,Male,48,160,94,2243.06,7,0
CUST_09675,20,Female,51,157,36,2455.47,8,1
CUST_09676,50,Female,52,226,79,3366.74,7,1
CUST_09677,18,Female,52,321,82,7310.64,4,1
CUST_09678,68,Male,54,143,89,9511.89,5,0
CUST_09679,22,Female,41,266,13,906.31,9,1
CUST_09680,30,Male,42,266,88,3739.24,8,0
CUST_09681,36,Female,22,37,81,3311.29,1,0
CUST_09682,29,Male,39,288,65,995.95,8,0
CUST_09683,65,Female,23,292,101,11092.02,0,0
CUST_09684,42,Female,48,320,113,5556.44,9,1
CUST_09685,68,Female,33,73,27,3943.35,5,0
CUST_09686,52,Male,41,16,20,2317.05,0,0
CUST_09687,29,Male,30,361,18,987.77,0,0
CUST_09688,47,Male,47,83,64,2333.29,2,0
CUST_09689,22,Male,57,174,9,893.58,3,0
CUST_09690,51,Female,57,76,74,9746.93,3,0
CUST_09691,39,Male,62,291,118,11078.26,9,1
CUST_09692,56,Female,57,51,25,412.04,9,0
CUST_09693,30,Female,68,363,113,13689.96,4,0
CUST_09694,64,Male,25,186,1,145.17,5,1
CUST_09695,20,Female,40,5,59,1263.11,3,0
CUST_09696,37,Male,17,262,36,4472.37,6,0
CUST_09697,48,Male,48,179,18,2017.16,1,0
CUST_09698,22,Male,39,142,47,3227.11,7,1
CUST_09699,41,Female,15,268,79,7947.37,3,0
CUST_09700,57,Female,17,114,33,1202.48,5,0
CUST_09701,50,Female,35,180,22,2468.68,9,0
CUST_09702,25,Male,33,68,88,8225.15,0,0
CUST_09703,41,Female,18,107,65,1734.77,1,0
CUST_09704,67,Male,30,59,11,1454.33,3,0
CUST_09705,37,Male,37,274,107,3459.19,9,1
CUST_09706,33,Male,7,31,26,1928.45,8,0
CUST_09707,67,Male,28,35,90,2943.76,0,0
CUST_09708,69,Female,18,260,70,7155.85,0,0
CUST_09709,29,Male,47,9,97,11117.21,6,0
CUST_09710,30,Female,23,109,63,9001.21,9,0
CUST_09711,62,Male,20,143,78,3829.92,7,0
CUST_09712,59,Female,31,42,88,5671.61,6,0
CUST_09713,56,Male,14,187,38,2553.86,2,0
CUST_09714,42,Male,23,85,49,1376.66,7,0
CUST_09715,63,Female,2,352,105,13027.08,7,1
CUST_09716,49,Female,29,201,17,444.82,4,0
CUST_09717,41,Female,50,288,57,3460.1,7,1
CUST_09718,65,Female,59,336,14,569.83,1,0
CUST_09719,64,Female,33,301,83,8689.37,8,0
CUST_09720,61,Female,48,261,8,1098.02,4,0
CUST_09721,26,Female,44,159,56,6483.42,2,0
CUST_09722,57,Male,12,153,23,2749.88,5,1
CUST_09723,67,Female,42,184,44,1126.31,5,0
CUST_09724,40,Female,35,257,66,7574.14,2,0
CUST_09725,67,Male,41,317,3,70.32,6,1
CUST_09726,30,Female,55,67,53,4259.5,7,0
CUST_09727,49,Male,13,213,13,1409.36,1,0
CUST_09728,67,Female,39,220,69,3407.85,0,0
CUST_09729,32,Male,66,323,82,8786.03,9,1
CUST_09730,53,Male,35,352,1,133.87,8,1
CUST_09731,66,Male,33,224,101,13486.06,9,1
CUST_09732,22,Female,36,94,21,859.61,1,0
CUST_09733,39,Male,13,59,108,5622.44,7,0
CUST_09734,33,Female,56,178,83,8707.95,1,0
CUST_09735,58,Female,46,290,56,7200.35,9,0
CUST_09736,27,Male,46,112,102,7798.36,2,0
CUST_09737,41,Female,44,324,98,13670.71,4,0
CUST_09738,35,Male,46,182,2,185.15,1,0
CUST_09739,66,Female,69,224,84,4230.49,8,0
CUST_09740,35,Male,31,160,31,548.56,2,0
CUST_09741,24,Male,24,363,13,1611.91,6,1
CUST_09742,21,Male,32,337,14,385.4,1,0
CUST_09743,43,Female,67,264,102,2610.16,1,0
CUST_09744,22,Female,16,163,76,9113.39,6,0
CUST_09745,33,Male,57,280,57,1098.54,0,0
CUST_09746,52,Male,24,3,13,1674.04,2,0
CUST_09747,43,Female,34,81,88,8432.85,1,0
CUST_09748,35,Male,52,292,104,10497.1,3,0
CUST_09749,46,Female,48,179,95,13455.51,3,0
CUST_09750,40,Female,53,360,14,1848.05,9,1
CUST_09751,31,Male,55,337,114,2879.57,0,0
CUST_09752,32,Female,38,315,94,12234.39,4,0
CUST_09753,66,Female,2,94,27,2836.74,6,1
CUST_09754,50,Male,69,217,100,5776.44,8,0
CUST_09755,42,Female,53,22,70,9114.26,3,0
CUST_09756,38,Female,50,126,118,2141.15,5,0
CUST_09757,34,Male,29,268,60,7684.11,8,0
CUST_09758,40,Male,55,143,70,6910.8,0,0
CUST_09759,60,Female,61,268,15,753.86,9,1
CUST_09760,34,Male,50,342,56,885.04,0,0
CUST_09761,31,Male,16,103,88,7513.34,7,0
CUST_09762,46,Female,70,56,62,4464.29,9,0
CUST_09763,37,Female,44,227,13,1708.77,8,1
CUST_09764,47,Female,16,106,7,849.58,0,0
CUST_09765,36,Male,28,144,109,10311.82,9,0
CUST_09766,56,Female,57,33,21,742.66,6,0
CUST_09767,30,Female,26,117,102,11528.73,4,0
CUST_09768,35,Female,11,171,102,9704.18,7,1
CUST_09769,40,Female,1,305,14,252.61,5,1
CUST_09770,63,Female,69,334,3,353.53,9,1
CUST_09771,50,Female,43,18,63,8018.78,3,0
CUST_09772,56,Male,46,236,43,5140.94,2,0
CUST_09773,57,Female,36,168,109,4229.7,2,0
CUST_09774,35,Male,66,363,99,8200.92,0,0
CUST_09775,26,Female,57,346,12,1034.2,1,0
CUST_09776,50,Female,6,335,55,7762.58,8,1
CUST_09777,49,Male,62,356,118,16514.87,4,0
CUST_09778,34,Female,27,155,85,1989.66,6,0
CUST_09779,36,Female,26,240,59,8843.61,3,0
CUST_09780,44,Male,13,118,118,14301.97,1,0
CUST_09781,23,Male,18,81,118,7752.22,4,0
CUST_09782,52,Male,38,310,20,2306.86,8,1
CUST_09783,54,Male,6,344,91,5992.15,8,1
CUST_09784,51,Female,28,168,69,9756.44,7,0
CUST_09785,37,Female,5,173,45,2972.04,4,0
CUST_09786,42,Male,59,355,55,6513.28,6,1
CUST_09787,21,Female,45,324,59,2121.76,0,0
CUST_09788,27,Female,53,218,75,9754.72,3,0
CUST_09789,27,Female,2,228,113,11159.87,6,0
CUST_09790,41,Male,49,191,60,7441.56,2,0
CUST_09791,38,Female,63,226,61,4356.9,3,0
CUST_09792,28,Male,70,168,42,2593.61,0,0
CUST_09793,44,Female,58,297,44,3823.77,7,1
CUST_09794,33,Female,4,189,6,404.43,1,0
CUST_09795,43,Male,30,193,69,5824.29,9,1
CUST_09796,47,Female,57,1,22,1609.02,0,0
CUST_09797,66,Female,47,9,65,2700.55,2,0
CUST_09798,33,Male,18,75,84,12334.97,2,0
CUST_09799,24,Female,44,336,88,1511.09,6,1
CUST_09800,33,Male,52,349,20,2799.25,1,0
CUST_09801,52,Female,49,143,47,5954.81,6,1
CUST_09802,33,Female,30,315,48,3447.45,0,0
CUST_09803,57,Male,52,194,93,5438.93,9,0
CUST_09804,29,Female,37,10,106,3946.66,3,0
CUST_09805,52,Male,63,139,24,791.11,7,0
CUST_09806,66,Male,12,30,72,6434.93,6,0
CUST_09807,38,Female,17,279,98,2864.8,4,0
CUST_09808,67,Female,34,278,86,6821.83,6,0
CUST_09809,60,Female,28,42,39,4874.45,8,0
CUST_09810,53,Female,4,228,55,6445.86,0,0
CUST_09811,65,Male,46,285,97,3190.24,1,0
CUST_09812,34,Male,14,201,116,16790.45,0,0
CUST_09813,49,Male,13,321,94,5041.5,4,0
CUST_09814,58,Female,58,210,55,6064.75,2,0
CUST_09815,23,Male,49,178,70,3889.69,9,0
CUST_09816,41,Male,50,86,63,6196.21,0,0
CUST_09817,44,Male,67,48,77,7106.02,0,0
CUST_09818,37,Male,21,293,108,4219.85,6,0
CUST_09819,42,Female,51,206,19,1958.81,1,0
CUST_09820,19,Female,38,342,58,3422.63,8,0
CUST_09821,26,Male,26,347,26,2535.14,6,1
CUST_09822,45,Male,6,326,81,7134.96,9,1
CUST_09823,55,Female,18,311,101,13004.57,0,0
CUST_09824,20,Male,6,306,91,3988.98,0,0
CUST_09825,37,Female,41,310,88,3118.78,3,1
CUST_09826,23,Female,57,191,47,6129.33,2,0
CUST_09827,56,Male,50,361,14,1050.19,5,1
CUST_09828,50,Female,25,16,3,361.65,7,0
CUST_09829,18,Male,48,128,69,9973.42,9,0
CUST_09830,54,Male,24,303,14,1238.78,6,1
CUST_09831,23,Male,30,185,8,444.73,0,0
CUST_09832,62,Female,45,130,107,13077.64,5,0
CUST_09833,51,Female,43,165,89,12520.28,8,1
CUST_09834,64,Male,56,93,15,721.43,8,1
CUST_09835,32,Female,70,279,45,4856.69,1,0
CUST_09836,62,Female,33,213,101,12158.26,7,0
CUST_09837,43,Male,45,141,45,836.37,3,0
CUST_09838,31,Female,7,115,3,284.87,2,0
CUST_09839,24,Female,18,321,109,10952.03,6,1
CUST_09840,63,Female,70,304,11,1110.26,4,0
CUST_09841,48,Male,45,7,9,237.19,5,0
CUST_09842,41,Male,37,56,4,71.71,3,0
CUST_09843,48,Female,21,192,113,6175.3,8,0
CUST_09844,46,Female,44,22,79,5001.28,2,0
CUST_09845,59,Female,30,319,91,3141.7,4,1
CUST_09846,49,Female,11,80,95,7960.45,1,0
CUST_09847,34,Female,8,284,50,2285.93,3,0
CUST_09848,31,Female,5,103,80,4845.34,6,0
CUST_09849,57,Male,8,217,96,5235.0,9,1
CUST_09850,53,Male,5,142,98,11683.98,4,0
CUST_09851,65,Male,10,85,6,800.43,5,0
CUST_09852,41,Male,15,77,44,2432.93,4,0
CUST_09853,62,Female,56,258,5,329.24,6,1
CUST_09854,44,Female,55,307,57,7128.53,8,0
CUST_09855,42,Male,3,228,88,10338.1,6,1
CUST_09856,49,Female,41,78,49,5423.67,2,0
CUST_09857,69,Female,10,162,83,9176.54,6,1
CUST_09858,35,Female,7,82,94,5181.2,2,0
CUST_09859,63,Female,63,216,76,10748.79,3,0
CUST_09860,35,Male,63,51,69,8572.64,5,0
CUST_09861,54,Male,26,164,28,1221.1,6,0
CUST_09862,43,Female,34,251,39,4071.23,7,1
CUST_09863,26,Female,39,213,34,1220.96,8,0
CUST_09864,52,Female,60,211,62,5764.81,0,0
CUST_09865,25,Male,69,163,12,648.34,3,0
CUST_09866,37,Male,26,319,87,2541.12,2,0
CUST_09867,59,Female,62,360,69,6653.58,5,0
CUST_09868,39,Female,10,85,54,7256.53,5,0
CUST_09869,36,Female,54,3,104,3535.58,7,0
CUST_09870,47,Female,31,5,101,13773.74,3,0
CUST_09871,45,Female,38,235,80,2580.39,3,0
CUST_09872,52,Female,25,275,73,8406.21,0,0
CUST_09873,60,Male,65,290,97,14413.79,2,0
CUST_09874,28,Female,50,20,37,1022.93,2,0
CUST_09875,48,Female,24,329,33,1442.45,7,1
CUST_09876,66,Female,27,195,49,3801.42,7,0
CUST_09877,65,Female,50,149,1,114.58,7,1
CUST_09878,56,Male,50,116,47,6402.23,8,0
CUST_09879,53,Female,15,4,37,4196.9,7,0
CUST_09880,47,Male,17,22,9,1072.03,5,0
CUST_09881,40,Male,29,327,18,1368.69,4,1
CUST_09882,36,Female,5,190,102,6429.58,3,0
CUST_09883,29,Male,11,12,85,7101.59,2,0
CUST_09884,32,Female,52,189,44,4518.18,6,0
CUST_09885,48,Male,34,317,78,6459.66,8,1
CUST_09886,60,Male,33,27,103,12534.52,0,0
CUST_09887,54,Male,49,340,103,3729.12,1,0
CUST_09888,54,Male,31,142,115,7875.82,7,0
CUST_09889,32,Female,18,7,70,1678.51,3,0
CUST_09890,46,Female,5,10,63,6655.58,7,0
CUST_09891,67,Female,30,179,3,351.6,5,1
CUST_09892,60,Male,45,3,112,11770.87,0,0
CUST_09893,43,Female,38,103,112,16121.95,5,0
CUST_09894,61,Female,29,300,18,2535.11,0,0
CUST_09895,19,Male,36,54,37,1905.73,7,0
CUST_09896,37,Female,9,162,20,956.57,0,0
CUST_09897,32,Female,23,230,93,1712.93,4,0
CUST_09898,69,Male,3,345,36,2982.48,9,1
CUST_09899,21,Female,56,211,80,10500.09,5,0
CUST_09900,39,Male,40,281,4,145.05,7,1
CUST_09901,67,Male,56,70,109,10366.59,3,0
CUST_09902,55,Male,58,301,78,8755.45,2,0
CUST_09903,40,Female,31,68,17,1098.84,4,0
CUST_09904,43,Male,11,282,99,10879.85,7,1
CUST_09905,68,Male,42,282,57,7298.15,7,0
CUST_09906,28,Female,3,154,99,1625.46,4,0
CUST_09907,45,Female,57,224,49,5598.53,8,0
CUST_09908,19,Female,14,348,109,10461.63,1,0
CUST_09909,25,Male,46,189,96,12389.08,3,0
CUST_09910,46,Female,19,41,53,1786.72,0,0
CUST_09911,28,Male,60,173,116,14379.19,7,0
CUST_09912,54,Female,31,238,10,340.59,1,0
CUST_09913,35,Female,36,270,29,2724.81,7,0
CUST_09914,67,Female,32,165,76,3919.28,7,0
CUST_09915,31,Female,63,130,9,426.61,7,1
CUST_09916,27,Female,26,5,90,7409.69,5,0
CUST_09917,52,Female,65,358,21,2462.03,7,1
CUST_09918,26,Male,2,130,1,102.11,3,0
CUST_09919,52,Male,70,176,36,5344.41,5,0
CUST_09920,28,Female,45,22,83,2579.08,1,0
CUST_09921,61,Male,25,41,6,674.63,6,0
CUST_09922,29,Female,40,153,111,2496.22,0,0
CUST_09923,20,Female,18,46,18,1138.61,8,0
CUST_09924,56,Male,12,350,101,6198.64,9,1
CUST_09925,31,Female,24,9,72,3570.39,1,0
CUST_09926,45,Female,43,101,11,955.62,6,0
CUST_09927,28,Female,32,47,69,3304.44,5,0
CUST_09928,56,Male,47,330,21,1357.07,1,0
CUST_09929,42,Female,45,207,104,13627.32,5,0
CUST_09930,38,Male,35,241,107,6281.09,2,0
CUST_09931,27,Female,9,3,85,12588.88,0,0
CUST_09932,60,Female,10,264,84,4390.33,8,1
CUST_09933,32,Male,65,36,106,14511.99,6,0
CUST_09934,36,Female,59,299,9,659.0,8,1
CUST_09935,65,Male,57,243,2,275.03,9,1
CUST_09936,39,Female,10,238,113,8205.73,3,0
CUST_09937,38,Female,19,319,4,475.99,6,1
CUST_09938,69,Male,50,219,90,6209.97,1,0
CUST_09939,61,Male,68,201,12,1185.86,0,0
CUST_09940,49,Female,5,27,83,1821.92,7,0
CUST_09941,67,Male,29,89,83,7956.8,6,0
CUST_09942,40,Male,5,269,83,4785.22,4,0
CUST_09943,30,Male,60,307,93,13903.39,9,1
CUST_09944,22,Male,65,324,39,4852.93,3,0
CUST_09945,21,Female,28,124,109,2805.93,1,0
CUST_09946,45,Female,1,281,60,2505.98,5,0
CUST_09947,31,Male,29,255,34,3337.78,4,0
CUST_09948,25,Male,51,359,59,3277.91,9,0
CUST_09949,26,Male,36,2,72,3149.42,8,0
CUST_09950,68,Female,32,329,6,378.11,9,1
CUST_09951,52,Female,64,123,32,938.81,1,0
CUST_09952,54,Female,14,236,28,2515.91,4,0
CUST_09953,38,Female,32,77,75,3990.45,2,0
CUST_09954,35,Female,9,78,92,12148.26,4,0
CUST_09955,50,Female,11,332,96,1864.47,4,0
CUST_09956,25,Male,48,163,41,2557.46,4,0
CUST_09957,68,Female,51,150,72,6422.12,7,0
CUST_09958,66,Female,4,48,84,3926.76,4,0
CUST_09959,34,Male,41,114,88,2001.35,5,0
CUST_09960,60,Female,25,64,116,2874.66,0,0
CUST_09961,48,Female,17,150,27,985.73,3,0
CUST_09962,51,Female,47,73,111,5739.29,1,0
CUST_09963,23,Male,8,47,53,5844.53,1,0
CUST_09964,39,Female,58,296,11,869.85,0,0
CUST_09965,31,Male,1,362,111,2158.38,5,1
CUST_09966,20,Female,2,181,87,3125.87,2,0
CUST_09967,29,Female,10,259,22,1422.74,1,0
CUST_09968,53,Female,27,95,5,358.35,7,0
CUST_09969,29,Female,13,101,112,2634.77,4,0
CUST_09970,62,Female,63,83,34,1065.66,9,0
CUST_09971,19,Male,11,82,62,3124.54,0,0
CUST_09972,19,Female,14,121,31,3966.4,0,0
CUST_09973,32,Female,26,3,47,2032.37,1,0
CUST_09974,40,Male,69,13,37,1687.84,2,0
CUST_09975,46,Male,39,164,111,9075.45,1,0
CUST_09976,34,Female,28,105,26,3519.06,1,0
CUST_09977,49,Male,17,345,87,7508.56,4,1
CUST_09978,24,Female,37,348,43,1105.67,6,1
CUST_09979,47,Male,27,166,61,2450.33,0,0
CUST_09980,45,Male,67,75,38,4960.26,0,0
CUST_09981,31,Female,68,60,102,13602.96,1,0
CUST_09982,61,Female,47,233,32,3916.36,1,0
CUST_09983,47,Female,34,73,69,6082.19,0,0
CUST_09984,34,Female,18,278,62,4605.69,8,1
CUST_09985,49,Female,35,149,25,1280.25,9,1
CUST_09986,63,Female,18,123,33,2935.42,6,0
CUST_09987,23,Male,70,289,116,12432.97,9,0
CUST_09988,68,Male,34,4,64,6137.56,6,0
CUST_09989,41,Male,33,237,71,3226.96,5,0
CUST_09990,23,Male,43,208,16,2190.71,5,0
CUST_09991,44,Male,27,172,49,3317.72,5,0
CUST_09992,35,Male,48,207,93,12504.83,1,0
CUST_09993,41,Female,69,150,15,1029.83,9,0
CUST_09994,54,Male,71,224,20,403.83,6,0
CUST_09995,41,Male,22,59,22,2521.72,3,0
CUST_09996,55,Female,34,293,10,1392.19,1,0
CUST_09997,51,Male,43,151,72,3556.27,8,0
CUST_09998,57,Male,16,161,55,4852.94,6,0
CUST_09999,64,Male,14,113,96,11906.74,5,0
CUST_10000,32,Male,39,232,28,1633.7,4,0
CUST_10001,28,Male,71,186,9,482.7,9,1
CUST_10002,39,Male,12,239,31,2185.31,2,0
CUST_10003,41,Female,55,247,87,7771.5,0,0
CUST_10004,18,Male,6,140,83,7436.14,4,0
CUST_10005,35,Male,40,112,96,7743.17,3,0
CUST_10006,61,Female,13,195,74,9305.18,8,0
CUST_10007,29,Male,69,125,84,2994.1,5,0
CUST_10008,60,Male,24,356,99,2623.18,6,0
CUST_10009,45,Female,59,239,57,2152.08,2,0
CUST_10010,57,Female,46,1,31,3411.26,6,0
CUST_10011,24,Female,44,121,75,2595.6,8,0
CUST_10012,40,Male,11,89,43,2519.0,8,0
CUST_10013,38,Female,61,20,104,13910.72,8,0
CUST_10014,51,Male,36,273,74,2510.89,0,0
CUST_10015,28,Male,10,177,9,776.73,0,0
CUST_10016,39,Female,1,114,42,3499.25,1,0
CUST_10017,59,Female,63,282,74,1450.12,7,1
CUST_10018,52,Male,12,27,50,1529.05,7,0
CUST_10019,69,Female,5,188,37,5302.21,0,0
CUST_10020,46,Female,36,87,101,14618.58,5,0
CUST_10021,59,Male,17,80,71,9448.6,9,1
CUST_10022,45,Female,58,180,84,6157.3,2,0
CUST_10023,35,Male,22,55,84,7983.96,0,0
CUST_10024,31,Male,31,247,72,9090.75,4,0
CUST_10025,35,Male,26,317,17,1806.75,1,0
CUST_10026,45,Female,13,233,102,13855.98,5,0
CUST_10027,41,Male,63,270,89,5128.63,3,0
CUST_10028,25,Female,67,109,77,7643.04,7,0
CUST_10029,59,Female,63,238,109,9978.98,0,0
CUST_10030,62,Female,11,307,77,11389.86,6,1
CUST_10031,25,Male,69,155,48,6409.94,9,0
CUST_10032,21,Male,64,168,2,74.6,5,0
CUST_10033,44,Male,68,68,101,2318.0,8,0
CUST_10034,53,Female,32,265,42,3161.1,3,0
CUST_10035,22,Female,10,235,106,9396.33,5,0
CUST_10036,50,Female,54,39,63,7662.81,6,0
CUST_10037,66,Female,55,143,11,402.19,7,0
CUST_10038,51,Male,62,345,84,11691.98,9,0
CUST_10039,47,Female,55,18,56,5161.19,6,0
CUST_10040,25,Male,35,52,73,9400.28,6,0
CUST_10041,56,Male,67,222,45,5756.6,5,0
CUST_10042,64,Female,65,293,45,6457.58,5,0
CUST_10043,43,Female,17,80,29,3013.95,0,0
CUST_10044,54,Male,42,181,34,4107.76,8,0
CUST_10045,51,Male,59,140,69,8678.21,7,0
CUST_10046,24,Male,70,209,95,7428.6,8,0
CUST_10047,57,Female,11,335,90,6602.2,0,0
CUST_10048,45,Male,28,281,101,14422.1,5,0
CUST_10049,56,Female,39,122,108,2596.45,5,0
CUST_10050,56,Male,54,211,20,2872.95,8,1
CUST_10051,45,Female,11,344,72,6702.86,1,0
CUST_10052,31,Male,58,135,70,3834.74,0,0
CUST_10053,67,Male,40,177,18,1624.0,1,0
CUST_10054,55,Female,4,39,72,7279.33,5,0
CUST_10055,21,Female,64,75,60,1797.37,6,0
CUST_10056,59,Male,48,353,117,12336.46,6,0
CUST_10057,35,Female,70,49,55,7526.65,2,0
CUST_10058,61,Female,31,217,52,7598.49,3,0
CUST_10059,65,Male,2,246,25,2399.29,2,0
CUST_10060,42,Male,43,231,66,3903.97,8,0
CUST_10061,24,Male,41,255,28,2549.93,2,0
CUST_10062,55,Female,60,203,106,1630.75,9,0
CUST_10063,45,Male,46,144,89,12379.66,5,0
CUST_10064,22,Male,40,352,20,2418.53,5,0
CUST_10065,20,Female,59,296,70,2622.85,4,0
CUST_10066,61,Female,45,7,37,3598.79,4,0
CUST_10067,48,Male,42,101,16,284.5,7,0
CUST_10068,64,Male,21,296,35,1545.8,8,1
CUST_10069,59,Female,3,326,55,2087.34,7,1
CUST_10070,37,Male,66,228,100,3608.02,7,0
CUST_10071,36,Male,11,103,65,5819.69,9,0
CUST_10072,65,Female,24,92,78,11325.41,2,0
CUST_10073,28,Female,50,278,14,456.34,5,0
CUST_10074,57,Female,21,357,24,3187.92,8,1
CUST_10075,20,Male,25,187,83,2166.69,4,0
CUST_10076,40,Female,4,146,38,994.98,3,0
CUST_10077,24,Male,43,267,108,10777.37,8,0
CUST_10078,40,Male,47,119,82,7589.78,4,0
CUST_10079,24,Female,23,264,9,553.24,5,1
CUST_10080,63,Female,60,276,116,10092.86,6,0
CUST_10081,51,Male,21,203,119,13912.73,7,1
CUST_10082,59,Male,66,59,77,9193.4,2,0
CUST_10083,36,Male,51,347,59,980.46,0,0
CUST_10084,26,Female,15,153,51,1302.6,9,1
CUST_10085,65,Female,58,186,109,1685.48,4,0
CUST_10086,68,Male,26,115,51,872.69,8,0
CUST_10087,35,Male,59,275,19,2438.67,8,1
CUST_10088,58,Male,45,362,62,1629.34,3,0
CUST_10089,65,Male,66,236,117,12985.34,2,0
CUST_10090,62,Female,35,66,10,1473.04,4,0
CUST_10091,59,Female,64,263,38,4781.27,1,0
CUST_10092,42,Male,27,51,3,71.89,1,0
CUST_10093,69,Male,31,351,48,6512.34,5,0
CUST_10094,31,Male,12,331,41,5918.46,4,1
CUST_10095,61,Male,45,232,17,1876.13,8,1
CUST_10096,42,Male,32,360,87,8543.57,3,1
CUST_10097,36,Female,54,13,91,8758.06,0,0
CUST_10098,56,Male,66,315,73,9178.59,9,1
CUST_10099,32,Male,32,294,69,6190.41,5,0
CUST_10100,33,Female,15,20,83,4984.99,7,0
CUST_10101,44,Male,55,213,93,13578.81,6,0
CUST_10102,57,Female,41,270,15,323.13,2,0
CUST_10103,27,Female,40,40,106,11111.13,3,0
CUST_10104,21,Female,49,135,100,9405.96,9,0
CUST_10105,68,Male,38,262,56,5671.97,4,1
CUST_10106,36,Female,56,181,76,7729.04,2,0
CUST_10107,45,Male,34,227,78,2470.76,7,0
CUST_10108,38,Female,1,265,15,495.36,8,1
CUST_10109,64,Female,10,106,115,2770.95,6,0
CUST_10110,31,Male,40,321,95,13459.76,7,0
CUST_10111,50,Male,16,96,5,486.68,1,0
CUST_10112,65,Female,46,295,44,1118.03,9,1
CUST_10113,27,Female,24,123,3,220.63,2,0
CUST_10114,36,Female,14,277,47,2984.9,3,0
CUST_10115,47,Female,39,37,30,1050.22,9,1
CUST_10116,39,Female,18,268,111,13982.94,1,0
CUST_10117,20,Female,41,198,12,1436.48,2,0
CUST_10118,54,Male,56,255,15,1164.75,7,0
CUST_10119,58,Male,36,15,38,3250.26,9,0
CUST_10120,35,Female,24,85,28,2069.71,6,0
CUST_10121,28,Male,29,92,49,4380.0,5,0
CUST_10122,65,Female,22,100,87,9908.96,5,0
CUST_10123,19,Male,11,174,47,6263.03,1,0
CUST_10124,29,Female,41,215,79,7502.09,7,0
CUST_10125,23,Male,49,86,75,2398.7,5,0
CUST_10126,60,Male,11,82,94,11207.38,4,0
CUST_10127,57,Male,52,322,118,7700.4,9,1
CUST_10128,61,Male,67,117,12,1200.4,4,0
CUST_10129,46,Female,8,167,54,2257.71,1,0
CUST_10130,47,Female,31,242,83,3076.0,1,0
CUST_10131,19,Female,6,278,32,707.55,6,0
CUST_10132,26,Male,71,342,1,57.45,4,1
CUST_10133,64,Male,13,134,16,1529.83,6,1
CUST_10134,19,Male,6,180,11,638.38,7,0
CUST_10135,46,Male,67,165,95,4514.28,3,0
CUST_10136,50,Male,27,212,97,14482.77,4,0
CUST_10137,27,Male,45,6,55,8241.4,0,0
CUST_10138,51,Female,26,73,36,3480.05,5,0
CUST_10139,61,Female,4,357,30,1760.54,0,0
CUST_10140,25,Female,37,77,102,13394.63,2,0
CUST_10141,54,Female,21,283,68,7783.73,9,1
CUST_10142,50,Female,28,215,56,5496.49,2,0
CUST_10143,64,Female,32,165,60,8256.86,6,0
CUST_10144,23,Male,53,174,89,6685.43,9,0
CUST_10145,61,Male,33,98,98,4849.69,1,0
CUST_10146,57,Female,26,25,17,2474.37,8,0
CUST_10147,62,Female,17,151,33,4327.39,3,0
CUST_10148,36,Female,56,220,30,4143.86,5,0
CUST_10149,49,Female,30,154,13,1806.45,5,1
CUST_10150,44,Male,5,76,12,799.83,1,0
CUST_10151,18,Male,6,231,32,4198.69,9,1
CUST_10152,60,Male,62,3,87,11749.59,3,0
CUST_10153,69,Female,10,73,93,8269.95,1,0
CUST_10154,50,Female,70,111,34,3379.93,9,0
CUST_10155,57,Female,10,335,83,7715.85,0,0
CUST_10156,49,Male,44,72,12,205.96,9,0
CUST_10157,22,Male,56,255,4,349.19,6,1
CUST_10158,34,Male,4,218,89,1789.61,4,0
CUST_10159,25,Female,13,208,26,1973.27,4,0
CUST_10160,59,Male,19,249,82,1735.74,2,0
CUST_10161,51,Male,70,290,64,4894.29,0,0
CUST_10162,26,Male,62,340,30,1684.23,2,0
CUST_10163,40,Female,9,65,34,4062.32,8,0
CUST_10164,52,Female,46,285,33,2629.4,3,0
CUST_10165,67,Female,56,4,31,2608.12,4,0
CUST_10166,24,Male,40,196,56,7671.87,5,0
CUST_10167,32,Male,67,119,62,4966.84,8,0
CUST_10168,37,Male,62,190,31,1119.42,4,0
CUST_10169,67,Female,46,166,77,2325.24,6,0
CUST_10170,42,Female,6,232,24,1350.86,8,1
CUST_10171,20,Female,29,130,69,3506.99,0,0
CUST_10172,63,Male,19,92,51,6400.34,1,0
CUST_10173,41,Female,15,332,65,7634.21,4,0
CUST_10174,51,Female,57,125,98,2245.59,4,0
CUST_10175,63,Male,38,300,110,4634.84,8,1
CUST_10176,39,Male,21,207,9,680.32,6,1
CUST_10177,28,Female,51,114,8,214.17,9,0
CUST_10178,65,Female,39,361,107,4006.02,8,1
CUST_10179,25,Female,20,351,36,4955.04,6,1
CUST_10180,56,Female,2,101,93,8189.72,5,0
CUST_10181,60,Male,32,32,99,12132.17,5,0
CUST_10182,52,Female,4,131,69,4114.06,0,0
CUST_10183,66,Male,7,17,56,3673.41,6,0
CUST_10184,63,Female,3,248,46,6020.37,3,0
CUST_10185,55,Female,25,64,10,1037.19,9,0
CUST_10186,25,Female,9,78,102,10871.31,2,0
CUST_10187,54,Female,26,200,74,7493.02,0,0
CUST_10188,44,Female,64,41,11,968.58,6,0
CUST_10189,45,Female,18,258,116,17261.08,9,1
CUST_10190,57,Male,2,181,8,1085.75,8,1
CUST_10191,51,Male,1,290,68,7546.09,0,0
CUST_10192,49,Female,48,125,117,12466.5,1,0
CUST_10193,32,Female,63,344,18,474.76,9,1
CUST_10194,61,Male,36,112,84,6761.98,3,0
CUST_10195,34,Male,63,235,110,9015.7,8,0
CUST_10196,50,Male,26,202,3,66.04,9,1
CUST_10197,64,Female,6,40,108,12636.67,7,0
CUST_10198,63,Female,26,199,15,228.98,0,0
CUST_10199,69,Female,43,311,60,4344.19,3,0
CUST_10200,33,Female,1,126,72,9859.6,8,0
CUST_10201,46,Female,9,74,110,6704.33,1,0
CUST_10202,26,Male,27,179,55,5151.15,1,0
CUST_10203,50,Female,71,5,70,3960.17,5,0
CUST_10204,66,Female,3,312,110,4307.88,5,0
CUST_10205,46,Female,61,118,100,11355.26,5,0
CUST_10206,30,Male,2,232,84,3579.83,9,1
CUST_10207,38,Male,31,149,32,791.88,0,0
CUST_10208,38,Male,65,314,6,442.46,8,1
CUST_10209,22,Female,18,201,16,1771.17,1,0
CUST_10210,27,Male,6,349,113,10543.01,6,1
CUST_10211,23,Female,42,31,66,3167.65,0,0
CUST_10212,68,Female,68,237,82,10282.54,0,0
CUST_10213,30,Male,4,155,109,3063.71,8,1
CUST_10214,18,Female,4,198,90,9494.35,6,1
CUST_10215,37,Female,65,107,84,8139.73,4,0
CUST_10216,64,Female,41,159,16,2181.67,9,1
CUST_10217,63,Male,43,169,85,7321.48,2,0
CUST_10218,25,Male,55,301,109,13686.35,7,1
CUST_10219,27,Female,19,258,14,616.91,0,0
CUST_10220,26,Male,21,62,62,5494.29,7,0
CUST_10221,66,Female,58,149,18,1564.29,3,0
CUST_10222,58,Female,30,162,8,438.96,1,0
CUST_10223,20,Female,7,86,5,78.43,6,0
CUST_10224,28,Male,69,13,88,10161.68,3,0
CUST_10225,29,Male,64,275,41,2810.59,3,0
CUST_10226,27,Female,2,124,111,6161.9,5,0
CUST_10227,42,Female,67,358,93,3831.81,1,0
CUST_10228,66,Male,9,104,59,7668.93,4,0
CUST_10229,66,Male,23,49,9,540.66,8,0
CUST_10230,42,Female,14,3,116,4933.89,2,0
CUST_10231,28,Male,54,250,42,3598.0,3,0
CUST_10232,53,Male,45,253,18,2169.9,2,0
CUST_10233,56,Male,16,211,46,4431.3,6,0
CUST_10234,43,Male,57,71,82,11859.34,2,0
CUST_10235,31,Male,8,271,48,6919.86,6,0
CUST_10236,56,Male,25,38,28,3830.97,4,0
CUST_10237,57,Male,41,153,37,3377.95,2,0
CUST_10238,18,Female,62,317,74,8785.03,0,0
CUST_10239,21,Female,18,215,20,1078.96,4,0
CUST_10240,47,Male,50,10,38,3521.6,8,0
CUST_10241,29,Female,41,100,41,983.05,9,0
CUST_10242,52,Male,34,357,87,4399.01,3,0
CUST_10243,30,Male,12,298,112,6599.16,8,1
CUST_10244,69,Male,42,234,62,3953.59,9,0
CUST_10245,48,Female,55,199,107,3930.88,2,0
CUST_10246,55,Male,59,174,20,524.81,7,0
CUST_10247,60,Male,51,217,23,2140.84,4,0
CUST_10248,40,Female,53,40,50,4066.43,5,0
CUST_10249,21,Female,9,186,5,469.56,3,0
CUST_10250,69,Female,3,280,60,1947.37,5,1
CUST_10251,33,Female,8,69,91,13007.39,2,0
CUST_10252,24,Female,59,249,73,5168.6,6,0
CUST_10253,39,Male,30,85,43,3254.19,3,0
CUST_10254,46,Male,67,168,105,9328.25,4,0
CUST_10255,28,Female,55,29,36,3894.01,5,0
CUST_10256,50,Female,34,37,104,6963.41,4,0
CUST_10257,46,Female,43,20,101,3466.85,1,0
CUST_10258,56,Male,28,146,3,362.16,3,0
CUST_10259,29,Male,37,260,61,3060.69,7,1
CUST_10260,24,Male,30,139,54,4038.5,7,0
CUST_10261,56,Male,71,255,36,3613.12,6,0
CUST_10262,59,Male,62,86,112,16276.34,9,0
CUST_10263,65,Male,29,52,45,879.03,1,0
CUST_10264,43,Female,2,299,99,8419.67,3,0
CUST_10265,57,Male,57,142,100,14137.68,8,1
CUST_10266,26,Male,57,122,29,1433.9,5,0
CUST_10267,58,Male,42,151,97,2925.56,7,0
CUST_10268,51,Male,49,333,26,2484.91,8,1
CUST_10269,62,Male,57,148,8,284.37,4,0
CUST_10270,30,Male,71,83,73,9756.28,4,0
CUST_10271,53,Male,18,149,22,2477.82,8,1
CUST_10272,42,Female,70,170,69,2162.34,5,0
CUST_10273,41,Male,27,325,44,4090.04,6,0
CUST_10274,61,Female,54,270,41,765.08,7,0
CUST_10275,34,Female,24,228,36,4647.53,7,1
CUST_10276,19,Female,34,326,96,4102.47,2,0
CUST_10277,30,Male,22,5,30,3413.86,4,0
CUST_10278,48,Male,63,152,49,1438.32,0,0
CUST_10279,46,Female,36,221,108,8507.95,2,0
CUST_10280,67,Female,61,157,109,15308.64,1,0
CUST_10281,45,Female,42,258,107,2680.83,9,1
CUST_10282,44,Male,33,6,119,6530.14,1,0
CUST_10283,32,Female,9,290,17,2051.13,1,0
CUST_10284,48,Female,25,204,30,2326.62,0,0
CUST_10285,57,Female,13,278,111,11409.78,5,1
CUST_10286,32,Male,47,134,73,9097.34,3,0
CUST_10287,50,Male,45,323,4,483.39,9,1
CUST_10288,37,Male,5,77,76,5196.53,1,0
CUST_10289,59,Female,31,346,35,2559.7,4,0
CUST_10290,29,Female,31,116,84,7736.49,1,0
CUST_10291,54,Female,71,201,17,536.73,7,0
CUST_10292,26,Female,41,87,86,11385.16,3,0
CUST_10293,40,Male,46,68,7,193.34,4,0
CUST_10294,25,Female,52,101,103,4114.85,7,0
CUST_10295,49,Male,5,162,117,16678.12,5,0
CUST_10296,65,Female,12,313,62,3288.99,0,0
CUST_10297,31,Female,21,71,58,2782.21,5,0
CUST_10298,44,Male,9,173,44,3186.56,0,0
CUST_10299,42,Male,17,169,58,6541.16,5,0
CUST_10300,30,Male,24,103,53,3415.32,6,0
CUST_10301,38,Male,27,228,118,15704.37,5,0
CUST_10302,62,Female,8,133,106,3727.35,3,0
CUST_10303,48,Male,44,60,72,2226.41,3,0
CUST_10304,54,Male,62,145,9,229.04,1,0
CUST_10305,65,Male,29,211,110,6080.62,1,0
CUST_10306,60,Female,24,109,6,251.64,6,1
CUST_10307,22,Male,34,193,19,1468.31,9,1
CUST_10308,30,Male,60,357,86,12850.08,7,1
CUST_10309,45,Female,31,183,111,14680.09,5,0
CUST_10310,60,Male,4,9,20,2716.4,5,0
CUST_10311,42,Male,9,132,64,8137.58,6,0
CUST_10312,68,Female,54,74,84,4341.19,2,0
CUST_10313,52,Male,1,96,91,4145.4,9,1
CUST_10314,64,Female,61,129,27,3073.54,1,0
CUST_10315,56,Female,31,343,7,671.02,3,0
CUST_10316,24,Female,45,222,118,5053.55,1,0
CUST_10317,55,Male,60,128,24,3494.18,6,0
CUST_10318,49,Female,42,347,8,578.15,8,1
CUST_10319,20,Female,27,335,67,8371.47,6,0
CUST_10320,62,Male,58,7,11,274.6,4,0
CUST_10321,56,Male,69,225,100,1974.74,2,0
CUST_10322,54,Male,34,116,66,5051.23,0,0
CUST_10323,67,Female,10,103,1,31.12,0,0
CUST_10324,39,Female,66,226,7,1030.4,2,0
CUST_10325,25,Female,25,53,24,2990.95,3,0
CUST_10326,34,Female,3,3,12,915.6,4,0
CUST_10327,69,Male,34,318,63,9275.78,8,1
CUST_10328,44,Female,71,32,72,3396.02,1,0
CUST_10329,50,Female,28,258,13,1386.6,3,0
CUST_10330,63,Male,9,80,70,1215.65,2,0
CUST_10331,34,Male,11,124,103,6721.35,7,0
CUST_10332,59,Male,39,337,88,2262.39,0,0
CUST_10333,29,Male,13,309,116,7493.07,0,0
CUST_10334,65,Female,11,260,24,1593.14,8,1
CUST_10335,63,Female,35,312,38,2494.63,0,0
CUST_10336,44,Male,8,336,108,7662.41,3,0
CUST_10337,65,Male,7,210,71,6977.54,7,0
CUST_10338,25,Female,69,45,10,405.73,3,0
CUST_10339,40,Female,70,309,30,1399.31,4,0
CUST_10340,59,Male,57,329,103,10519.72,1,0
CUST_10341,66,Male,35,272,88,6858.9,8,1
CUST_10342,46,Male,11,227,27,995.2,9,1
CUST_10343,67,Male,38,349,30,3638.34,8,1
CUST_10344,37,Female,49,113,79,11112.85,2,0
CUST_10345,33,Male,35,30,117,9104.97,7,0
CUST_10346,34,Female,29,276,2,195.79,8,1
CUST_10347,33,Female,41,362,8,1000.57,2,0
CUST_10348,36,Male,6,214,17,2466.81,0,0
CUST_10349,25,Male,10,87,48,7000.08,1,0
CUST_10350,55,Female,23,292,64,8933.32,7,0
CUST_10351,55,Female,46,22,61,7634.85,0,0
CUST_10352,46,Female,12,21,13,942.24,6,0
CUST_10353,58,Female,55,176,82,8642.94,1,0
CUST_10354,53,Female,13,261,21,2479.3,2,1
CUST_10355,43,Male,7,168,100,2740.68,3,0
CUST_10356,48,Male,12,221,76,2333.9,2,0
CUST_10357,61,Male,61,82,107,11794.5,3,0
CUST_10358,29,Male,25,79,2,210.07,4,0
CUST_10359,34,Male,2,301,84,10375.75,5,1
CUST_10360,32,Female,26,159,23,918.12,4,0
CUST_10361,26,Female,51,143,85,12023.4,8,0
CUST_10362,56,Male,69,314,95,4481.92,9,1
CUST_10363,59,Male,62,45,16,531.82,8,0
CUST_10364,65,Male,39,236,13,764.21,5,1
CUST_10365,29,Female,11,170,4,496.62,5,1
CUST_10366,49,Male,64,225,2,37.62,8,0
CUST_10367,42,Female,42,294,114,5200.93,6,1
CUST_10368,56,Female,10,307,65,9360.4,5,0
CUST_10369,35,Male,19,280,26,449.7,8,1
CUST_10370,32,Female,4,91,30,1576.94,6,0
CUST_10371,49,Male,3,147,118,6959.55,7,0
CUST_10372,23,Female,14,281,38,5309.67,9,1
CUST_10373,61,Male,10,70,20,2598.26,4,0
CUST_10374,60,Male,6,49,25,1927.8,7,0
CUST_10375,69,Female,31,17,52,3009.25,9,0
CUST_10376,52,Female,31,149,83,11827.31,0,0
CUST_10377,51,Male,48,43,91,3678.27,6,0
CUST_10378,55,Male,9,212,10,793.71,1,0
CUST_10379,22,Male,26,204,41,2931.06,2,0
CUST_10380,35,Female,2,205,81,11441.47,7,0
CUST_10381,33,Male,4,338,61,7139.1,2,0
CUST_10382,25,Female,6,63,111,8608.7,9,0
CUST_10383,42,Male,30,24,2,193.9,6,0
CUST_10384,49,Male,55,33,81,11138.75,5,0
CUST_10385,43,Female,28,209,7,890.51,2,0
CUST_10386,69,Female,61,273,60,5885.17,2,0
CUST_10387,39,Female,55,176,61,8452.65,8,0
CUST_10388,48,Female,36,44,80,5307.1,4,0
CUST_10389,60,Male,5,153,113,12879.67,6,0
CUST_10390,27,Female,29,363,27,463.74,1,0
CUST_10391,29,Male,12,355,1,93.7,9,1
CUST_10392,45,Male,22,188,86,2880.33,6,1
CUST_10393,23,Male,59,285,86,7377.13,7,1
CUST_10394,37,Female,39,12,27,1303.53,3,0
CUST_10395,22,Male,2,356,80,5311.38,0,0
CUST_10396,40,Male,14,137,60,7316.53,9,1
CUST_10397,26,Male,10,86,53,1214.32,3,0
CUST_10398,46,Male,48,53,36,3151.77,4,0
CUST_10399,33,Male,64,61,80,2764.63,4,0
CUST_10400,63,Male,3,113,24,2217.3,1,0
CUST_10401,39,Male,60,304,35,3518.73,7,0
CUST_10402,25,Male,68,108,33,1306.19,1,0
CUST_10403,37,Male,21,335,17,268.69,0,0
CUST_10404,68,Female,19,303,69,1831.0,4,0
CUST_10405,31,Female,20,67,35,3783.42,6,0
CUST_10406,56,Female,58,320,83,5504.01,7,0
CUST_10407,54,Female,42,122,107,6991.47,3,0
CUST_10408,67,Male,10,254,47,5095.04,0,0
CUST_10409,51,Male,23,300,98,8047.06,4,0
CUST_10410,28,Female,12,5,96,9696.62,2,0
CUST_10411,57,Female,9,350,89,12380.74,0,0
CUST_10412,50,Female,29,235,59,4922.17,6,0
CUST_10413,48,Female,20,335,61,6169.22,8,1
CUST_10414,61,Male,65,39,22,2229.95,8,0
CUST_10415,51,Female,3,200,103,8979.98,3,0
CUST_10416,67,Female,8,170,114,11935.63,7,0
CUST_10417,24,Male,39,358,27,3446.19,0,0
CUST_10418,66,Female,64,348,97,12033.55,3,0
CUST_10419,40,Male,31,21,72,1636.66,3,0
CUST_10420,63,Female,22,175,94,13488.18,1,0
CUST_10421,24,Male,5,74,112,14489.68,7,0
CUST_10422,42,Male,58,284,90,13142.82,7,0
CUST_10423,20,Female,63,149,15,618.01,6,0
CUST_10424,55,Male,61,113,36,3146.94,3,0
CUST_10425,37,Female,52,284,109,8108.03,4,0
CUST_10426,51,Female,33,86,57,3755.69,4,0
CUST_10427,66,Male,22,102,76,5310.85,0,0
CUST_10428,61,Male,51,19,41,5616.54,5,0
CUST_10429,61,Female,11,63,45,4918.06,6,0
CUST_10430,47,Female,58,116,43,2530.17,3,0
CUST_10431,34,Female,50,180,12,793.78,2,0
CUST_10432,27,Female,70,38,68,5321.03,7,0
CUST_10433,52,Female,17,302,67,4323.88,1,0
CUST_10434,37,Male,46,92,101,4379.35,0,0
CUST_10435,35,Male,44,173,102,7524.73,6,0
CUST_10436,62,Female,57,205,96,2470.66,2,0
CUST_10437,61,Female,5,9,90,11731.21,2,0
CUST_10438,44,Male,39,9,4,505.43,5,0
CUST_10439,66,Male,58,21,65,8801.61,2,0
CUST_10440,53,Female,9,24,119,8948.55,8,0
CUST_10441,40,Female,23,95,5,514.58,1,0
CUST_10442,49,Male,47,192,2,248.7,0,0
CUST_10443,27,Female,36,349,46,2645.26,6,1
CUST_10444,28,Male,31,296,75,7538.02,6,1
CUST_10445,55,Male,23,180,9,667.45,8,1
CUST_10446,23,Female,56,131,8,523.61,4,0
CUST_10447,58,Male,71,21,58,7599.68,2,0
CUST_10448,64,Female,46,8,103,10222.81,9,0
CUST_10449,51,Male,58,201,63,6246.98,1,0
CUST_10450,53,Male,36,14,61,2206.77,7,0
CUST_10451,54,Male,68,332,15,927.51,4,1
CUST_10452,34,Female,60,36,73,9385.6,1,0
CUST_10453,57,Female,14,164,42,1840.5,5,0
CUST_10454,57,Male,25,45,50,7300.63,7,0
CUST_10455,29,Male,71,144,94,11966.51,2,0
CUST_10456,38,Female,44,11,93,4754.9,0,0
CUST_10457,57,Male,46,323,51,1510.09,4,0
CUST_10458,36,Male,13,354,25,947.25,7,1
CUST_10459,20,Female,62,346,22,1049.34,4,1
CUST_10460,35,Female,19,212,98,4615.4,2,0
CUST_10461,68,Male,12,113,22,378.35,6,0
CUST_10462,36,Male,48,346,110,12272.23,9,1
CUST_10463,64,Male,33,345,94,13808.98,6,0
CUST_10464,23,Male,37,11,117,6279.23,4,0
CUST_10465,33,Female,6,336,74,1272.63,1,0
CUST_10466,25,Female,43,340,69,9589.06,9,1
CUST_10467,65,Male,50,362,69,2955.75,7,0
CUST_10468,35,Male,46,166,66,1053.74,6,0
CUST_10469,69,Male,28,258,94,4254.11,6,0
CUST_10470,65,Female,67,54,64,1858.7,7,0
CUST_10471,60,Male,11,93,22,2486.36,7,0
CUST_10472,56,Female,20,263,13,197.88,3,0
CUST_10473,66,Male,30,296,103,7681.99,0,0
CUST_10474,66,Male,36,45,89,7245.8,9,0
CUST_10475,29,Male,68,217,117,14141.48,3,0
CUST_10476,62,Female,36,189,27,2309.02,1,0
CUST_10477,27,Female,58,107,47,1496.46,5,0
CUST_10478,24,Female,28,290,91,6604.31,7,0
CUST_10479,63,Male,39,8,21,2964.57,9,0
CUST_10480,18,Male,66,32,31,1456.03,9,0
CUST_10481,66,Male,43,168,79,4378.83,2,0
CUST_10482,53,Male,5,331,38,5049.82,5,1
CUST_10483,38,Male,13,37,39,4723.1,8,0
CUST_10484,54,Female,9,231,36,1976.21,3,0
CUST_10485,69,Male,57,183,100,11063.03,5,0
CUST_10486,41,Male,27,292,65,1721.89,1,0
CUST_10487,42,Male,61,246,11,971.35,5,0
CUST_10488,24,Male,50,10,69,9148.14,0,0
CUST_10489,59,Female,34,70,34,4377.15,6,0
CUST_10490,34,Male,65,237,101,4280.8,2,0
CUST_10491,46,Male,45,118,5,434.89,2,0
CUST_10492,47,Female,34,217,20,1375.84,9,1
CUST_10493,24,Male,8,191,63,5715.08,5,0
CUST_10494,50,Male,48,351,45,1131.07,4,0
CUST_10495,24,Female,36,239,108,15928.17,0,0
CUST_10496,41,Male,66,328,42,3825.13,0,0
CUST_10497,28,Female,11,317,13,404.35,1,0
CUST_10498,26,Male,52,206,9,915.36,2,0
CUST_10499,29,Female,36,222,5,80.21,3,0
CUST_10500,52,Female,31,146,38,603.18,9,0
CUST_10501,21,Female,24,189,96,3761.74,5,0
CUST_10502,53,Female,21,238,94,4848.09,9,1
CUST_10503,45,Male,30,292,49,2475.81,9,1
CUST_10504,30,Female,64,223,92,6884.19,1,0
CUST_10505,40,Male,39,246,101,8512.41,6,0
CUST_10506,36,Female,1,247,28,2015.73,7,1
CUST_10507,59,Male,42,38,43,2815.42,3,0
CUST_10508,54,Female,5,207,70,7382.82,6,0
CUST_10509,56,Female,12,187,41,1989.55,9,1
CUST_10510,41,Female,29,360,44,4389.17,8,1
CUST_10511,33,Male,3,92,29,4180.35,0,0
CUST_10512,50,Female,61,6,68,5350.88,5,0
CUST_10513,29,Male,51,133,82,6888.96,9,0
CUST_10514,51,Male,36,92,79,8952.09,5,0
CUST_10515,24,Female,2,1,25,2087.46,2,0
CUST_10516,28,Female,29,270,68,2341.07,6,0
CUST_10517,48,Female,41,83,14,1364.23,8,1
CUST_10518,46,Female,29,287,59,4937.38,5,0
CUST_10519,30,Male,64,179,62,8893.86,2,0
CUST_10520,48,Female,58,335,114,3141.32,1,0
CUST_10521,19,Male,10,147,17,1486.19,5,0
CUST_10522,56,Male,11,102,98,9632.0,2,0
CUST_10523,32,Male,7,288,117,11546.23,0,0
CUST_10524,28,Female,61,313,19,438.13,8,0
CUST_10525,51,Female,66,31,29,1718.46,6,0
CUST_10526,56,Male,53,314,86,4338.12,3,0
CUST_10527,21,Female,65,154,78,8330.26,1,0
CUST_10528,28,Male,27,48,100,11428.06,2,0
CUST_10529,46,Female,7,41,66,2854.59,5,0
CUST_10530,19,Female,65,153,45,5693.44,7,0
CUST_10531,33,Male,58,182,71,5714.05,2,0
CUST_10532,56,Female,25,232,28,1413.99,1,0
CUST_10533,30,Male,48,121,59,3272.53,4,0
CUST_10534,54,Female,4,185,54,2731.19,7,1
CUST_10535,34,Male,8,317,8,772.8,8,1
CUST_10536,38,Male,68,120,93,8012.31,3,0
CUST_10537,61,Female,60,352,10,1417.29,1,0
CUST_10538,36,Male,4,226,21,1090.91,6,0
CUST_10539,24,Female,8,112,35,2033.11,4,0
CUST_10540,55,Male,16,195,4,63.5,8,1
CUST_10541,25,Male,19,297,53,2929.61,0,0
CUST_10542,30,Female,1,26,85,4153.85,4,0
CUST_10543,54,Male,34,194,102,7065.48,3,0
CUST_10544,19,Male,45,19,25,2047.79,8,0
CUST_10545,58,Female,63,343,20,2109.68,1,0
CUST_10546,28,Female,6,25,71,2904.25,9,0
CUST_10547,41,Male,36,47,71,6398.27,0,0
CUST_10548,23,Female,66,199,96,10883.21,9,0
CUST_10549,43,Female,8,264,96,4565.72,1,0
CUST_10550,24,Male,67,3,22,1373.1,6,0
CUST_10551,56,Female,27,239,49,2091.86,1,0
CUST_10552,36,Male,34,289,89,2669.05,5,1
CUST_10553,23,Female,28,22,6,702.53,0,0
CUST_10554,60,Female,31,355,51,2417.84,9,1
CUST_10555,46,Female,17,354,27,1744.79,3,0
CUST_10556,60,Female,55,30,18,871.88,6,0
CUST_10557,56,Male,9,47,12,251.0,7,0
CUST_10558,19,Male,57,315,28,3175.58,7,1
CUST_10559,36,Male,45,270,19,1935.14,4,0
CUST_10560,21,Male,6,329,43,3408.91,1,0
CUST_10561,23,Female,14,361,81,8588.86,3,1
CUST_10562,66,Female,31,270,99,12798.47,2,0
CUST_10563,54,Male,54,152,15,1477.39,6,0
CUST_10564,45,Male,11,226,69,9481.7,5,0
CUST_10565,47,Female,69,248,36,1519.27,1,0
CUST_10566,24,Male,2,305,97,13022.57,3,0
CUST_10567,26,Male,17,171,85,7489.11,2,0
CUST_10568,42,Female,36,237,99,12733.33,0,0
CUST_10569,50,Male,3,236,42,4847.4,0,0
CUST_10570,18,Female,63,259,91,2073.11,2,0
CUST_10571,68,Male,43,279,45,5764.61,8,1
CUST_10572,23,Female,33,148,30,1816.02,9,0
CUST_10573,35,Female,29,109,39,2812.81,3,0
CUST_10574,27,Male,23,143,46,758.77,9,1
CUST_10575,45,Male,59,299,58,6810.79,7,0
CUST_10576,28,Male,49,71,30,2341.18,0,0
CUST_10577,50,Male,55,311,109,15461.48,7,0
CUST_10578,18,Male,28,126,56,2964.34,1,0
CUST_10579,30,Female,71,82,85,6967.42,2,0
CUST_10580,54,Female,25,41,90,6345.29,0,0
CUST_10581,37,Female,7,259,88,10730.27,7,1
CUST_10582,18,Male,34,356,54,4714.84,4,0
CUST_10583,69,Female,22,144,86,6629.18,8,0
CUST_10584,20,Male,67,171,37,5284.36,7,0
CUST_10585,35,Female,50,279,107,7064.39,1,0
CUST_10586,58,Female,48,143,90,7303.73,5,0
CUST_10587,31,Female,70,127,22,1975.8,3,0
CUST_10588,48,Female,57,58,110,2449.89,9,0
CUST_10589,44,Male,25,168,97,8349.68,3,0
CUST_10590,34,Male,66,118,24,1447.99,3,0
CUST_10591,63,Female,16,166,69,7092.05,7,0
CUST_10592,46,Male,58,82,88,8966.26,7,0
CUST_10593,53,Male,41,358,99,10991.51,2,0
CUST_10594,54,Female,51,134,86,5924.13,7,0
CUST_10595,43,Female,21,364,33,961.83,7,1
CUST_10596,34,Male,56,46,17,1262.86,6,0
CUST_10597,39,Male,47,262,116,10387.24,1,0
CUST_10598,42,Male,43,123,62,1138.0,4,0
CUST_10599,19,Female,31,222,12,1066.73,4,0
CUST_10600,39,Female,15,92,30,2067.07,3,0
CUST_10601,22,Female,48,19,90,7163.26,0,0
CUST_10602,21,Female,62,270,13,727.36,3,0
CUST_10603,53,Male,70,65,6,488.63,0,0
CUST_10604,23,Male,3,219,67,8981.25,6,0
CUST_10605,69,Female,38,352,11,1334.96,0,0
CUST_10606,38,Female,58,157,107,10503.76,3,0
CUST_10607,30,Male,67,153,60,5975.27,6,0
CUST_10608,54,Female,45,247,117,15897.69,4,0
CUST_10609,42,Male,44,199,10,797.59,2,0
CUST_10610,43,Male,8,231,75,6585.89,8,1
CUST_10611,56,Female,66,302,16,2097.99,1,0
CUST_10612,37,Male,71,16,84,9818.49,1,0
CUST_10613,50,Female,61,108,42,3085.46,7,0
CUST_10614,31,Male,17,274,44,2473.26,4,0
CUST_10615,53,Female,71,364,19,1613.2,6,1
CUST_10616,34,Female,36,184,73,2283.62,8,0
CUST_10617,38,Female,68,184,100,10685.92,1,0
CUST_10618,63,Male,21,69,15,1165.51,6,0
CUST_10619,33,Male,46,250,87,8293.13,6,1
CUST_10620,63,Female,46,218,85,10985.13,3,0
CUST_10621,33,Male,16,88,39,2461.03,6,0
CUST_10622,37,Female,22,346,5,410.59,3,0
CUST_10623,46,Female,6,272,115,10352.1,8,1
CUST_10624,45,Male,56,217,86,4542.83,3,0
CUST_10625,25,Female,45,358,31,1615.19,0,0
CUST_10626,41,Female,58,180,79,6797.16,5,0
CUST_10627,20,Female,28,125,28,1392.08,4,0
CUST_10628,42,Male,17,183,38,4987.97,3,0
CUST_10629,36,Male,36,332,52,7764.02,2,0
CUST_10630,50,Male,12,329,15,651.98,3,1
CUST_10631,19,Male,50,200,113,10470.57,0,0
CUST_10632,32,Male,59,184,19,657.89,4,0
CUST_10633,39,Female,12,297,35,1401.82,1,0
CUST_10634,27,Male,62,224,82,9709.28,6,0
CUST_10635,35,Male,40,362,74,3104.8,8,1
CUST_10636,39,Male,2,89,15,1741.73,5,1
CUST_10637,63,Male,25,225,114,7928.0,5,0
CUST_10638,66,Male,31,118,88,7015.98,9,0
CUST_10639,44,Female,47,156,47,2350.97,9,0
CUST_10640,30,Male,60,159,56,4990.3,2,0
CUST_10641,50,Male,41,183,115,6872.39,7,1
CUST_10642,22,Male,50,202,20,771.33,2,0
CUST_10643,43,Female,23,66,101,3411.26,3,0
CUST_10644,30,Male,12,46,75,11246.53,2,0
CUST_10645,44,Male,71,364,9,554.94,1,0
CUST_10646,31,Female,22,260,5,618.32,0,0
CUST_10647,41,Male,56,244,11,671.96,0,0
CUST_10648,20,Female,16,156,118,11693.74,0,0
CUST_10649,64,Female,58,249,103,13241.36,9,0
CUST_10650,68,Male,51,95,91,9915.78,4,0
CUST_10651,66,Female,6,255,2,48.65,9,1
CUST_10652,47,Female,2,362,52,2133.29,0,1
CUST_10653,52,Male,62,336,118,15686.19,4,0
CUST_10654,65,Female,42,201,20,1572.3,3,0
CUST_10655,31,Male,43,307,21,2011.66,1,0
CUST_10656,29,Male,52,134,51,933.36,2,0
CUST_10657,45,Female,58,153,114,9209.8,7,0
CUST_10658,61,Female,20,255,30,2194.97,2,0
CUST_10659,46,Female,56,260,48,5166.55,2,0
CUST_10660,60,Male,67,240,1,52.05,1,0
CUST_10661,34,Female,59,152,35,4039.88,4,0
CUST_10662,57,Female,48,91,26,2744.84,1,0
CUST_10663,66,Male,35,240,96,8045.86,9,1
CUST_10664,38,Female,8,183,9,591.42,9,1
CUST_10665,40,Male,32,310,113,6301.88,6,0
CUST_10666,37,Male,45,259,40,3489.54,9,1
CUST_10667,28,Male,67,286,21,1950.3,7,0
CUST_10668,51,Male,27,76,80,6039.83,5,0
CUST_10669,27,Female,3,297,12,699.33,8,1
CUST_10670,27,Male,57,362,100,13378.66,4,1
CUST_10671,60,Female,65,183,37,2104.51,5,0
CUST_10672,23,Male,20,59,91,9622.56,3,0
CUST_10673,53,Male,71,40,71,9737.75,8,0
CUST_10674,41,Female,41,45,94,9618.52,1,0
CUST_10675,29,Male,1,15,24,1545.59,0,0
CUST_10676,60,Female,4,220,50,2756.15,5,1
CUST_10677,40,Female,71,273,54,7031.3,5,0
CUST_10678,44,Female,10,187,94,7627.55,5,0
CUST_10679,62,Female,29,364,84,7988.79,5,1
CUST_10680,54,Female,15,25,110,10505.05,3,0
CUST_10681,23,Female,19,299,104,9054.58,8,1
CUST_10682,18,Male,58,192,109,15339.47,6,0
CUST_10683,23,Female,53,179,28,3939.31,7,0
CUST_10684,67,Male,46,61,4,81.83,7,0
CUST_10685,39,Male,18,131,12,999.18,9,1
CUST_10686,58,Male,3,249,67,6120.56,3,0
CUST_10687,41,Female,70,164,37,5178.16,5,0
CUST_10688,42,Female,22,207,4,97.62,6,1
CUST_10689,32,Male,55,238,15,1822.88,5,0
CUST_10690,43,Male,64,192,28,2848.34,5,0
CUST_10691,25,Female,41,28,37,4213.83,6,0
CUST_10692,68,Male,8,107,9,489.42,8,0
CUST_10693,41,Male,65,223,14,1621.1,7,0
CUST_10694,65,Female,3,84,96,5103.43,2,0
CUST_10695,55,Female,29,237,112,11896.09,2,0
CUST_10696,23,Male,70,149,67,8123.62,1,0
CUST_10697,52,Male,18,283,111,13402.85,5,0
CUST_10698,59,Female,58,339,82,7256.21,6,0
CUST_10699,18,Female,1,100,50,3541.58,8,1
CUST_10700,63,Male,22,332,78,3734.62,5,1
CUST_10701,53,Male,23,35,25,488.05,8,1
CUST_10702,29,Male,8,97,39,842.43,1,0
CUST_10703,55,Female,29,356,26,1858.99,3,0
CUST_10704,28,Female,44,233,60,1668.99,0,0
CUST_10705,29,Male,62,13,52,1565.98,5,0
CUST_10706,59,Female,19,246,70,2889.93,2,0
CUST_10707,67,Female,59,262,26,2079.39,9,1
CUST_10708,56,Female,19,223,48,4554.54,5,1
CUST_10709,24,Female,22,74,54,5871.2,0,0
CUST_10710,28,Male,68,266,115,9273.57,7,0
CUST_10711,53,Male,5,184,41,4294.32,5,0
CUST_10712,69,Female,5,277,116,15240.61,6,0
CUST_10713,48,Female,25,56,1,65.51,8,0
CUST_10714,50,Male,24,57,114,12302.0,3,0
CUST_10715,30,Female,1,295,21,2181.86,3,1
CUST_10716,35,Male,28,61,78,7872.3,9,0
CUST_10717,58,Male,47,173,110,10314.91,3,0
CUST_10718,41,Male,60,110,72,8138.25,1,0
CUST_10719,26,Female,19,146,119,14934.9,2,0
CUST_10720,48,Female,14,14,25,1698.44,5,0
CUST_10721,58,Male,70,183,113,11683.41,1,0
CUST_10722,27,Female,8,315,18,873.88,8,1
CUST_10723,19,Female,37,147,15,1755.91,9,1
CUST_10724,55,Female,10,232,42,5621.83,2,0
CUST_10725,32,Male,67,297,20,2355.98,9,1
CUST_10726,20,Male,13,140,16,1300.76,2,0
CUST_10727,60,Female,39,148,7,231.1,5,0
CUST_10728,48,Female,64,36,93,12356.81,1,0
CUST_10729,23,Female,30,277,95,11872.52,3,0
CUST_10730,20,Female,4,56,93,10158.44,0,0
CUST_10731,28,Female,45,41,81,10525.99,3,0
CUST_10732,32,Male,6,169,5,434.79,4,0
CUST_10733,62,Female,16,171,18,2677.6,4,0
CUST_10734,69,Male,22,106,78,9984.38,9,1
CUST_10735,45,Male,21,227,95,3523.12,1,0
CUST_10736,27,Male,65,86,114,7899.15,8,0
CUST_10737,55,Female,30,294,18,683.43,6,0
CUST_10738,64,Female,24,146,64,2897.61,3,0
CUST_10739,67,Male,64,264,111,9172.07,4,0
CUST_10740,67,Male,13,247,25,1594.72,0,0
CUST_10741,24,Male,26,148,75,10336.12,9,0
CUST_10742,32,Female,20,362,26,390.41,4,0
CUST_10743,35,Female,61,222,69,1131.46,5,0
CUST_10744,35,Female,6,146,16,2227.99,4,0
CUST_10745,69,Female,43,108,63,2977.85,5,0
CUST_10746,58,Male,49,215,72,1104.02,6,0
CUST_10747,41,Male,9,245,77,5704.02,5,0
CUST_10748,19,Female,37,130,58,2401.93,9,0
CUST_10749,57,Male,16,64,96,2131.16,1,0
CUST_10750,37,Male,4,300,118,10220.39,1,0
CUST_10751,51,Male,32,357,27,915.95,8,1
CUST_10752,60,Female,17,362,49,6270.95,5,0
CUST_10753,43,Female,41,224,90,5021.27,9,1
CUST_10754,24,Male,45,65,73,3279.43,3,0
CUST_10755,55,Female,16,65,47,5398.76,9,0
CUST_10756,47,Male,20,182,71,9199.29,4,1
CUST_10757,59,Female,42,108,50,1378.43,4,0
CUST_10758,22,Female,10,351,46,1631.26,7,1
CUST_10759,28,Male,52,323,8,632.51,4,0
CUST_10760,18,Female,60,111,2,189.36,1,0
CUST_10761,51,Female,48,76,18,472.33,1,0
CUST_10762,18,Male,23,250,36,2362.56,4,0
CUST_10763,36,Male,33,241,88,11983.51,3,0
CUST_10764,19,Female,25,226,119,15859.25,1,0
CUST_10765,38,Male,50,305,98,5587.5,5,0
CUST_10766,37,Female,70,164,42,1919.53,7,0
CUST_10767,40,Female,55,263,102,9554.69,1,0
CUST_10768,38,Male,68,15,11,307.74,9,0
CUST_10769,41,Male,4,341,59,2743.8,6,1
CUST_10770,21,Female,28,153,52,1950.63,3,0
CUST_10771,29,Male,29,38,74,3185.35,4,0
CUST_10772,39,Female,48,37,93,4091.99,1,0
CUST_10773,37,Female,13,122,49,4885.81,9,0
CUST_10774,35,Female,43,272,56,4530.13,8,1
CUST_10775,18,Female,9,257,104,13666.59,2,0
CUST_10776,47,Female,40,175,70,8001.58,9,1
CUST_10777,50,Female,46,293,112,9222.67,0,0
CUST_10778,41,Female,58,301,74,4181.13,3,0
CUST_10779,31,Female,56,142,30,3819.45,0,0
CUST_10780,53,Female,12,162,55,1415.56,5,0
CUST_10781,22,Female,25,339,28,2994.18,3,1
CUST_10782,28,Male,16,23,93,2813.76,3,0
CUST_10783,41,Female,51,350,51,4433.3,8,1
CUST_10784,48,Male,53,337,89,12167.9,8,1
CUST_10785,30,Male,52,66,100,4713.91,6,0
CUST_10786,33,Male,67,58,27,691.24,3,0
CUST_10787,41,Female,24,29,98,5961.57,8,0
CUST_10788,30,Male,14,83,52,4137.37,4,0
CUST_10789,41,Female,22,129,34,3836.87,9,1
CUST_10790,43,Female,31,133,32,608.45,3,0
CUST_10791,19,Male,58,115,44,1437.44,4,0
CUST_10792,33,Female,69,34,4,281.8,8,0
CUST_10793,55,Female,19,125,48,1335.74,0,0
CUST_10794,63,Female,53,78,98,14116.43,6,0
CUST_10795,18,Male,2,275,16,1343.74,8,1
CUST_10796,66,Male,53,344,60,3953.16,0,0
CUST_10797,28,Female,67,168,47,6921.37,2,0
CUST_10798,68,Male,47,81,110,11244.51,6,0
CUST_10799,52,Male,53,95,75,6347.71,3,0
CUST_10800,60,Male,57,209,15,713.3,8,1
CUST_10801,46,Female,25,72,102,5014.89,9,0
CUST_10802,54,Male,35,145,94,6007.17,7,0
CUST_10803,34,Female,29,38,56,6515.49,9,0
CUST_10804,56,Female,17,171,91,11389.62,3,0
CUST_10805,59,Female,49,40,16,654.88,2,0
CUST_10806,45,Male,56,173,1,125.35,4,0
CUST_10807,46,Male,3,199,25,1491.92,6,0
CUST_10808,60,Male,22,344,64,2690.55,5,0
CUST_10809,20,Male,14,222,92,3799.2,6,1
CUST_10810,69,Male,3,90,43,3335.21,4,0
CUST_10811,27,Male,38,286,14,1659.88,1,0
CUST_10812,59,Female,21,163,98,9020.57,4,1
CUST_10813,31,Female,51,133,48,3730.91,6,0
CUST_10814,29,Female,24,322,68,1185.39,0,0
CUST_10815,64,Male,45,351,14,1275.13,4,0
CUST_10816,59,Female,69,283,80,8486.82,3,0
CUST_10817,47,Male,44,152,15,423.59,6,0
CUST_10818,49,Female,47,312,98,14120.22,5,0
CUST_10819,49,Male,57,45,77,2106.57,6,0
CUST_10820,59,Female,19,324,17,1840.1,3,0
CUST_10821,49,Female,34,261,92,7894.97,4,0
CUST_10822,43,Male,3,219,52,6987.01,7,1
CUST_10823,68,Female,39,108,10,709.03,2,0
CUST_10824,18,Female,60,47,111,9285.52,3,0
CUST_10825,59,Female,10,133,17,1523.96,9,1
CUST_10826,19,Female,40,261,8,1064.83,5,0
CUST_10827,34,Female,2,176,2,245.9,6,0
CUST_10828,47,Female,45,121,56,2957.63,9,0
CUST_10829,56,Female,27,329,65,9357.37,8,1
CUST_10830,24,Female,53,303,55,6416.55,4,0
CUST_10831,69,Female,9,190,119,1978.49,2,0
CUST_10832,44,Female,1,260,69,2746.59,4,1
CUST_10833,26,Male,33,177,99,12922.85,1,0
CUST_10834,39,Male,38,347,86,8788.47,7,0
CUST_10835,51,Female,57,65,107,5333.67,3,0
CUST_10836,63,Female,33,352,80,3051.36,8,1
CUST_10837,66,Male,48,336,117,4072.95,2,0
CUST_10838,18,Male,3,343,73,4229.93,6,1
CUST_10839,26,Male,32,220,36,4906.86,2,0
CUST_10840,37,Female,21,317,9,562.74,3,1
CUST_10841,36,Female,68,148,14,1458.72,1,0
CUST_10842,53,Female,17,100,74,2224.54,5,0
CUST_10843,57,Male,42,119,22,1908.26,4,0
CUST_10844,62,Female,68,109,16,980.61,9,0
CUST_10845,21,Male,12,82,41,1503.48,9,1
CUST_10846,26,Female,45,13,67,8220.91,3,0
CUST_10847,58,Male,36,299,28,3502.74,3,0
CUST_10848,39,Female,51,92,94,5296.58,0,0
CUST_10849,35,Female,7,238,29,2994.49,2,0
CUST_10850,29,Female,33,184,65,4432.98,4,0
CUST_10851,59,Female,48,178,28,588.12,1,0
CUST_10852,60,Female,66,210,86,6256.5,6,0
CUST_10853,56,Female,33,276,32,2967.72,2,0
CUST_10854,26,Male,27,304,52,2879.24,7,1
CUST_10855,23,Male,47,356,11,1574.11,1,0
CUST_10856,36,Female,66,275,26,2348.73,7,0
CUST_10857,65,Female,43,325,31,2019.6,4,0
CUST_10858,64,Female,19,273,20,2284.55,8,1
CUST_10859,24,Female,68,36,84,5126.04,8,0
CUST_10860,33,Female,10,338,97,1778.53,5,0
CUST_10861,22,Female,22,70,69,1111.95,2,0
CUST_10862,33,Female,66,116,41,2286.4,0,0
CUST_10863,18,Female,2,1,67,2415.88,0,0
CUST_10864,68,Female,18,81,44,2753.63,4,0
CUST_10865,54,Female,19,35,114,13555.08,9,0
CUST_10866,56,Female,30,283,60,3403.31,1,0
CUST_10867,36,Male,6,195,98,8874.13,9,1
CUST_10868,54,Female,27,184,95,13219.46,8,0
CUST_10869,34,Male,15,46,106,11582.57,2,0
CUST_10870,43,Male,31,148,7,635.86,3,0
CUST_10871,39,Female,44,264,94,12412.94,9,1
CUST_10872,25,Female,10,93,54,3220.39,9,1
CUST_10873,50,Male,21,328,63,2627.67,1,1
CUST_10874,19,Male,47,114,82,9501.17,1,0
CUST_10875,47,Female,55,347,80,1834.97,2,0
CUST_10876,64,Female,36,282,13,939.44,5,0
CUST_10877,37,Male,58,103,33,1773.93,6,0
CUST_10878,35,Female,19,202,7,1022.9,4,0
CUST_10879,60,Male,64,62,30,1977.24,7,0
CUST_10880,27,Female,10,94,11,1150.19,0,0
CUST_10881,41,Female,49,317,70,3587.18,1,0
CUST_10882,21,Female,54,228,21,3102.29,4,0
CUST_10883,54,Female,61,68,32,1259.29,0,0
CUST_10884,21,Male,59,285,5,687.02,9,1
CUST_10885,30,Female,2,302,106,7963.27,6,1
CUST_10886,42,Male,8,165,93,6759.44,2,0
CUST_10887,30,Female,19,101,35,3838.63,5,0
CUST_10888,35,Female,68,243,47,1297.1,9,0
CUST_10889,41,Male,14,90,12,1065.64,6,0
CUST_10890,19,Male,22,88,37,1653.75,4,0
CUST_10891,65,Male,17,127,110,3983.26,6,0
CUST_10892,50,Female,63,107,44,5872.2,2,0
CUST_10893,36,Female,26,322,22,3291.94,7,1
CUST_10894,26,Male,36,302,11,1607.23,6,1
CUST_10895,45,Female,45,244,87,10949.54,3,0
CUST_10896,52,Male,30,185,55,7655.78,6,1
CUST_10897,56,Female,21,264,109,15234.79,9,0
CUST_10898,27,Female,20,101,10,388.09,4,0
CUST_10899,18,Male,42,253,42,1115.91,9,1
CUST_10900,59,Male,56,142,88,2826.21,4,0
CUST_10901,38,Female,12,253,117,4323.34,2,0
CUST_10902,26,Female,8,73,110,13863.34,6,0
CUST_10903,64,Male,63,214,116,16480.36,3,0
CUST_10904,32,Male,56,299,80,4999.86,6,0
CUST_10905,52,Female,7,172,76,1492.57,6,0
CUST_10906,22,Male,62,304,55,3108.04,9,1
CUST_10907,58,Female,61,230,50,5516.44,3,0
CUST_10908,39,Male,10,237,32,4553.35,1,0
CUST_10909,58,Female,50,230,88,6662.36,5,0
CUST_10910,40,Male,20,7,68,4105.1,5,0
CUST_10911,24,Female,28,195,106,10937.63,4,0
CUST_10912,40,Female,14,256,97,4219.7,0,0
CUST_10913,61,Female,8,171,18,2130.93,1,0
CUST_10914,42,Male,7,40,111,7869.29,6,0
CUST_10915,44,Female,5,288,81,11901.46,2,0
CUST_10916,58,Male,1,228,85,11994.01,6,1
CUST_10917,23,Male,10,234,65,6813.61,1,0
CUST_10918,51,Female,58,361,110,11272.52,8,1
CUST_10919,26,Female,65,183,108,3415.53,8,0
CUST_10920,66,Male,60,211,25,1323.19,4,0
CUST_10921,50,Female,20,350,31,4072.17,4,0
CUST_10922,68,Female,58,229,107,6848.3,7,0
CUST_10923,23,Female,43,345,84,6069.59,8,0
CUST_10924,54,Female,29,255,90,11553.85,7,1
CUST_10925,48,Female,2,77,19,1380.06,9,0
CUST_10926,51,Female,26,265,94,12196.65,5,1
CUST_10927,58,Female,59,232,89,2169.19,1,0
CUST_10928,46,Female,1,137,100,10829.52,9,0
CUST_10929,31,Male,31,64,113,2656.21,9,0
CUST_10930,53,Female,38,245,18,2189.73,1,0
CUST_10931,53,Female,22,91,68,6089.36,1,0
CUST_10932,32,Female,66,233,91,8193.89,2,0
CUST_10933,25,Male,47,351,33,2173.15,4,0
CUST_10934,43,Male,1,349,70,9586.53,0,0
CUST_10935,53,Male,50,94,7,586.09,8,1
CUST_10936,65,Male,36,203,1,50.16,4,0
CUST_10937,38,Female,45,174,102,12878.27,6,0
CUST_10938,45,Male,36,124,99,14156.8,4,0
CUST_10939,21,Male,34,70,87,4150.71,9,0
CUST_10940,33,Female,9,103,80,7736.86,2,0
CUST_10941,39,Female,4,233,59,5572.97,2,0
CUST_10942,29,Male,63,64,34,3308.16,3,0
CUST_10943,33,Male,4,95,98,8934.81,9,0
CUST_10944,68,Female,5,163,95,2709.77,2,0
CUST_10945,57,Male,10,268,107,7563.37,9,1
CUST_10946,55,Female,44,304,95,14066.8,5,0
CUST_10947,59,Male,40,319,52,1399.19,4,0
CUST_10948,54,Female,36,173,11,1159.41,0,0
CUST_10949,46,Male,35,6,8,1085.84,3,0
CUST_10950,35,Female,59,301,115,4840.21,7,0
CUST_10951,27,Male,65,346,88,10852.74,8,1
CUST_10952,59,Male,31,101,87,4144.64,9,1
CUST_10953,56,Male,46,360,96,1833.71,5,0
CUST_10954,35,Female,49,131,53,4523.7,3,0
CUST_10955,18,Female,6,20,15,1664.52,9,0
CUST_10956,56,Male,70,211,28,1164.44,1,0
CUST_10957,38,Male,19,295,84,2058.67,8,1
CUST_10958,18,Female,42,292,14,1256.04,7,1
CUST_10959,32,Female,30,348,90,3144.82,4,1
CUST_10960,21,Female,26,265,58,2313.19,7,1
CUST_10961,37,Female,3,253,114,12536.19,5,0
CUST_10962,27,Male,33,44,57,5565.16,0,0
CUST_10963,40,Male,50,75,52,7427.75,7,0
CUST_10964,58,Male,31,53,37,2170.46,4,0
CUST_10965,51,Female,68,286,2,87.89,2,0
CUST_10966,63,Male,10,66,34,3519.85,0,0
CUST_10967,65,Male,22,38,34,4971.47,7,0
CUST_10968,50,Male,63,254,58,5203.74,5,0
CUST_10969,51,Female,54,294,98,5357.19,6,0
CUST_10970,56,Male,51,199,73,10067.68,2,0
CUST_10971,27,Male,4,236,61,5941.61,9,1
CUST_10972,37,Female,37,55,108,4721.58,7,0
CUST_10973,18,Male,71,332,117,16754.18,2,0
CUST_10974,30,Male,63,116,54,2800.25,4,0
CUST_10975,18,Female,51,85,116,15810.26,5,0
CUST_10976,22,Female,8,279,114,11168.48,7,1
CUST_10977,33,Female,1,142,67,5551.45,4,1
CUST_10978,32,Male,8,96,30,1796.9,0,0
CUST_10979,66,Female,55,49,83,2576.74,0,0
CUST_10980,45,Female,9,301,95,4564.72,5,0
CUST_10981,48,Male,51,205,80,4774.89,9,0
CUST_10982,40,Female,16,352,107,5775.81,5,1
CUST_10983,65,Female,53,195,59,1469.05,9,1
CUST_10984,62,Female,59,305,58,5409.69,9,1
CUST_10985,60,Female,45,250,24,1899.58,6,0
CUST_10986,34,Female,37,258,15,440.59,6,1
CUST_10987,66,Female,66,359,22,1707.65,8,1
CUST_10988,51,Female,64,59,32,821.13,5,0
CUST_10989,30,Male,36,221,75,10556.73,9,1
CUST_10990,31,Female,50,60,93,4647.73,2,0
CUST_10991,28,Male,53,22,42,4739.75,2,0
CUST_10992,45,Male,57,345,59,2886.2,3,0
CUST_10993,59,Female,19,362,88,6957.21,5,1
CUST_10994,49,Female,26,53,83,11702.25,3,0
CUST_10995,52,Male,68,275,55,7297.28,1,0
CUST_10996,48,Male,43,49,5,600.74,6,0
CUST_10997,34,Male,58,17,110,13384.34,1,0
CUST_10998,64,Female,59,127,41,5172.86,4,0
CUST_10999,26,Male,46,155,57,6569.58,4,0
CUST_11000,27,Female,68,275,53,7212.0,7,1
CUST_11001,25,Female,40,235,38,2366.71,9,1
CUST_11002,38,Male,13,286,1,86.03,4,0
CUST_11003,30,Male,9,78,60,6135.96,9,0
CUST_11004,67,Male,66,174,94,3920.03,5,0
CUST_11005,22,Female,53,106,76,6303.48,3,0
CUST_11006,23,Female,4,320,46,1460.53,3,1
CUST_11007,47,Female,14,32,4,390.29,2,0
CUST_11008,48,Female,8,292,15,422.68,1,0
CUST_11009,34,Male,62,10,81,6719.17,3,0
CUST_11010,28,Male,45,315,116,8969.38,8,1
CUST_11011,37,Female,67,102,12,361.1,8,0
CUST_11012,65,Female,62,118,1,74.31,3,0
CUST_11013,26,Female,70,157,77,8200.8,8,0
CUST_11014,19,Female,36,267,30,2858.59,4,0
CUST_11015,54,Male,1,245,74,5685.89,8,1
CUST_11016,18,Male,60,79,100,6426.76,8,0
CUST_11017,21,Female,13,160,6,136.48,8,0
CUST_11018,53,Female,12,91,73,10515.37,8,1
CUST_11019,42,Male,17,358,50,3468.28,6,1
CUST_11020,20,Male,47,129,2,142.45,8,0
CUST_11021,26,Male,53,14,6,193.96,0,0
CUST_11022,39,Male,67,286,75,6518.27,3,0
CUST_11023,40,Female,10,159,90,13247.54,5,0
CUST_11024,29,Female,46,129,92,4522.58,5,0
CUST_11025,27,Female,4,174,77,4412.13,0,0
CUST_11026,51,Female,57,174,38,1781.78,0,0
CUST_11027,60,Female,38,361,76,10031.17,0,0
CUST_11028,27,Female,12,43,83,6569.73,7,0
CUST_11029,47,Female,31,294,18,2271.16,0,0
CUST_11030,39,Male,2,345,19,2465.47,8,1
CUST_11031,23,Female,1,300,28,3251.56,9,1
CUST_11032,67,Female,25,109,12,602.89,1,0
CUST_11033,19,Male,5,242,96,1897.02,8,1
CUST_11034,47,Female,48,55,52,1785.89,8,0
CUST_11035,19,Male,14,55,77,8399.79,1,0
CUST_11036,49,Male,52,334,116,13337.02,3,0
CUST_11037,59,Male,21,216,87,10306.09,8,0
CUST_11038,33,Female,25,107,100,4793.59,8,0
CUST_11039,29,Female,67,313,58,2068.27,7,0
CUST_11040,18,Male,50,184,94,13123.65,4,0
CUST_11041,25,Male,33,130,22,2302.71,0,0
CUST_11042,65,Female,17,124,102,11746.83,1,0
CUST_11043,67,Male,70,49,45,1245.47,3,0
CUST_11044,30,Female,34,320,62,4382.28,8,0
CUST_11045,32,Female,26,253,42,988.96,3,0
CUST_11046,61,Male,42,343,67,6954.36,4,0
CUST_11047,25,Male,31,69,9,729.57,0,0
CUST_11048,27,Female,51,318,64,4860.65,4,0
CUST_11049,63,Male,36,52,15,2053.39,1,0
CUST_11050,22,Male,13,33,30,3447.48,8,0
CUST_11051,67,Male,13,20,26,3774.53,9,1
CUST_11052,36,Male,32,229,94,1997.16,9,1
CUST_11053,64,Female,5,187,69,6770.04,8,1
CUST_11054,55,Female,12,188,95,9507.54,4,0
CUST_11055,28,Female,59,191,22,408.83,7,0
CUST_11056,60,Male,41,112,54,6547.82,9,0
CUST_11057,37,Male,37,184,105,3752.49,5,0
CUST_11058,37,Male,68,293,58,6360.96,9,0
CUST_11059,38,Female,48,362,79,1588.39,7,1
CUST_11060,35,Male,43,361,109,10665.41,8,0
CUST_11061,67,Female,41,307,53,4521.19,3,0
CUST_11062,27,Male,56,285,99,7944.0,9,1
CUST_11063,51,Female,69,227,19,1225.5,3,0
CUST_11064,43,Female,11,137,34,2438.89,6,0
CUST_11065,47,Male,9,86,82,6509.22,4,0
CUST_11066,26,Female,28,296,14,772.63,3,0
CUST_11067,63,Male,22,171,22,3107.81,1,0
CUST_11068,68,Female,6,356,88,12784.22,1,0
CUST_11069,48,Male,26,279,13,721.33,3,0
CUST_11070,59,Male,16,359,64,7687.9,9,1
CUST_11071,21,Male,14,252,56,6522.24,7,0
CUST_11072,23,Female,35,8,72,9590.66,7,0
CUST_11073,31,Female,42,74,42,651.81,6,0
CUST_11074,21,Male,53,320,119,7216.87,3,0
CUST_11075,43,Female,22,151,66,2281.84,6,0
CUST_11076,64,Male,53,93,63,4269.25,8,0
CUST_11077,65,Male,66,96,42,3893.81,7,0
CUST_11078,56,Female,13,142,91,12530.21,4,0
CUST_11079,34,Male,11,80,34,4363.83,2,0
CUST_11080,36,Female,12,359,29,2388.67,1,0
CUST_11081,68,Male,53,240,26,472.49,3,0
CUST_11082,66,Male,9,273,23,1279.27,8,0
CUST_11083,23,Male,71,20,36,1058.13,9,0
CUST_11084,46,Female,17,12,118,12134.58,3,0
CUST_11085,28,Female,61,124,9,979.95,8,0
CUST_11086,33,Male,10,122,85,8720.01,9,0
CUST_11087,47,Female,38,328,42,2187.65,4,0
CUST_11088,42,Female,39,229,100,13913.37,2,0
CUST_11089,57,Male,30,85,67,6328.04,5,0
CUST_11090,28,Male,34,274,7,669.4,8,1
CUST_11091,24,Male,33,29,23,2877.31,7,0
CUST_11092,43,Male,32,135,32,779.14,2,0
CUST_11093,39,Female,12,40,23,995.83,3,0
CUST_11094,42,Male,65,101,16,1513.5,3,0
CUST_11095,36,Male,10,134,69,6721.18,0,0
CUST_11096,48,Male,19,311,13,1014.17,4,1
CUST_11097,43,Male,23,329,10,1202.92,2,1
CUST_11098,59,Female,57,181,59,3637.89,6,0
CUST_11099,58,Female,59,200,2,33.03,6,0
CUST_11100,53,Male,54,209,80,4871.56,4,0
CUST_11101,40,Male,2,88,52,7560.48,4,0
CUST_11102,64,Male,48,125,1,120.17,0,0
CUST_11103,30,Female,6,22,70,4057.48,3,0
CUST_11104,42,Male,43,50,54,2431.66,0,0
CUST_11105,19,Male,17,239,19,2363.34,0,0
CUST_11106,19,Male,36,214,97,4072.66,7,0
CUST_11107,33,Male,24,283,28,2613.15,8,0
CUST_11108,26,Male,61,48,5,417.87,1,0
CUST_11109,45,Female,29,66,76,5476.59,8,0
CUST_11110,30,Female,58,130,30,2175.14,0,0
CUST_11111,52,Male,66,302,81,8895.32,8,0
CUST_11112,58,Female,53,327,19,548.78,0,0
CUST_11113,30,Female,70,267,104,7108.97,9,0
CUST_11114,48,Male,9,239,42,6120.72,9,1
CUST_11115,38,Male,42,26,25,3001.29,7,0
CUST_11116,49,Male,39,191,35,624.38,0,0
CUST_11117,51,Female,69,49,9,678.17,7,0
CUST_11118,25,Female,40,319,96,2958.84,0,0
CUST_11119,58,Male,59,21,39,3137.01,7,0
CUST_11120,65,Male,44,79,56,1623.09,1,0
CUST_11121,19,Female,65,80,38,2566.67,4,0
CUST_11122,55,Female,11,9,15,1328.62,6,0
CUST_11123,49,Female,5,149,109,7039.95,7,0
CUST_11124,57,Male,49,55,46,4282.96,5,0
CUST_11125,45,Female,51,297,37,5475.32,7,0
CUST_11126,54,Female,36,6,90,4336.31,2,0
CUST_11127,58,Male,16,257,60,5472.51,6,0
CUST_11128,18,Female,7,351,62,4874.99,6,1
CUST_11129,58,Male,44,192,31,3851.77,1,0
CUST_11130,27,Male,26,229,30,1725.27,9,0
CUST_11131,21,Female,36,247,66,6674.71,2,0
CUST_11132,52,Male,53,282,7,759.85,7,0
CUST_11133,27,Female,44,257,30,4401.42,8,1
CUST_11134,64,Male,12,257,33,1168.88,1,0
CUST_11135,28,Female,68,93,112,16774.16,8,0
CUST_11136,31,Male,23,214,103,11573.42,2,0
CUST_11137,55,Female,30,294,111,8503.23,0,0
CUST_11138,29,Male,63,41,38,1922.08,0,0
CUST_11139,62,Male,3,156,84,8389.48,6,0
CUST_11140,34,Male,34,133,19,648.7,7,0
CUST_11141,33,Male,49,319,9,1285.34,0,0
CUST_11142,52,Male,44,86,86,3431.18,6,0
CUST_11143,19,Male,41,84,32,3824.99,6,0
CUST_11144,28,Female,48,248,30,1847.84,6,0
CUST_11145,58,Male,71,360,6,264.83,5,0
CUST_11146,20,Female,8,35,61,7574.36,3,0
CUST_11147,46,Female,7,249,81,10923.5,3,0
CUST_11148,35,Male,37,331,37,583.08,9,1
CUST_11149,37,Female,55,125,79,11574.33,5,0
CUST_11150,64,Female,71,52,71,5109.1,7,0
CUST_11151,31,Male,50,289,78,2181.69,7,1
CUST_11152,51,Female,21,270,20,1523.76,2,0
CUST_11153,66,Male,34,221,30,930.2,9,1
CUST_11154,48,Female,49,309,18,898.84,5,0
CUST_11155,57,Male,27,61,63,5686.63,3,0
CUST_11156,59,Male,8,269,61,3872.99,8,1
CUST_11157,35,Female,34,15,57,2608.26,6,0
CUST_11158,47,Male,18,311,22,913.55,7,1
CUST_11159,42,Male,51,181,89,8983.62,0,0
CUST_11160,36,Male,12,200,88,12127.11,3,0
CUST_11161,25,Female,51,303,95,2148.65,5,0
CUST_11162,45,Female,63,353,49,2350.55,5,1
CUST_11163,25,Male,40,75,18,1886.94,1,0
CUST_11164,48,Male,22,244,98,14532.61,6,0
CUST_11165,20,Female,8,271,61,6525.91,2,0
CUST_11166,20,Female,28,21,82,1812.55,5,0
CUST_11167,61,Male,50,36,78,3053.43,2,0
CUST_11168,39,Male,47,198,68,4211.58,5,0
CUST_11169,34,Male,56,153,7,253.75,9,1
CUST_11170,53,Female,32,44,7,277.25,9,0
CUST_11171,34,Female,11,129,65,3376.32,7,0
CUST_11172,31,Male,21,42,40,2612.99,4,0
CUST_11173,68,Female,26,33,116,7876.28,0,0
CUST_11174,26,Male,14,359,24,1977.98,2,1
CUST_11175,47,Male,14,296,32,4489.98,0,0
CUST_11176,38,Female,3,353,10,1491.02,7,1
CUST_11177,29,Female,57,115,9,158.95,6,0
CUST_11178,54,Female,7,358,39,3184.69,9,1
CUST_11179,49,Male,39,203,3,349.59,3,0
CUST_11180,28,Male,57,64,108,2688.64,3,0
CUST_11181,37,Female,65,284,99,14063.98,0,0
CUST_11182,52,Female,25,223,69,9769.78,3,0
CUST_11183,64,Male,31,336,7,301.93,0,0
CUST_11184,63,Male,10,210,12,1452.91,4,0
CUST_11185,28,Female,9,86,23,2150.45,4,0
CUST_11186,69,Female,8,227,89,1742.31,1,0
CUST_11187,25,Female,19,362,63,3473.56,9,1
CUST_11188,21,Female,30,304,17,859.45,1,0
CUST_11189,44,Male,9,185,78,10433.43,8,0
CUST_11190,61,Female,47,265,99,13480.1,1,0
CUST_11191,57,Female,46,173,64,1257.79,4,0
CUST_11192,55,Male,1,216,65,7480.89,8,1
CUST_11193,64,Female,3,83,86,2681.5,7,1
CUST_11194,47,Female,34,78,28,3409.69,1,0
CUST_11195,61,Male,25,322,58,7491.13,1,0
CUST_11196,65,Female,30,346,87,2000.89,4,0
CUST_11197,65,Female,1,72,18,1062.81,3,0
CUST_11198,44,Female,18,271,110,7288.46,2,1
CUST_11199,38,Female,33,296,109,15690.01,3,0
CUST_11200,69,Male,9,141,44,2863.26,1,0
CUST_11201,37,Female,7,208,64,3171.81,1,0
CUST_11202,21,Male,30,342,37,3650.39,3,0
CUST_11203,28,Female,13,33,3,109.35,2,0
CUST_11204,30,Male,13,109,14,1391.41,6,0
CUST_11205,26,Male,42,162,103,7921.48,8,0
CUST_11206,21,Male,63,16,7,796.21,0,0
CUST_11207,29,Male,69,14,17,1583.39,6,0
CUST_11208,26,Male,36,231,70,2718.7,2,0
CUST_11209,30,Male,35,246,111,15711.59,3,0
CUST_11210,65,Female,46,46,83,6273.59,1,0
CUST_11211,43,Female,45,306,79,9125.75,4,0
CUST_11212,55,Female,56,113,39,3385.67,7,0
CUST_11213,59,Female,5,43,5,659.06,1,0
CUST_11214,30,Female,44,48,79,4779.38,7,0
CUST_11215,56,Male,28,192,52,5264.82,8,0
CUST_11216,45,Female,42,202,109,2803.17,4,0
CUST_11217,36,Female,31,142,26,662.87,8,1
CUST_11218,41,Male,7,189,39,5026.23,7,1
CUST_11219,36,Female,7,219,45,5646.64,1,0
CUST_11220,66,Male,4,252,77,4889.85,4,1
CUST_11221,30,Female,32,277,31,3294.12,8,1
CUST_11222,30,Female,28,311,77,9772.3,8,1
CUST_11223,45,Female,56,116,23,791.67,7,0
CUST_11224,19,Male,4,364,40,5917.58,1,0
CUST_11225,27,Male,8,2,32,4306.88,5,0
CUST_11226,39,Female,14,13,101,10935.64,0,0
CUST_11227,30,Male,30,277,4,353.34,6,1
CUST_11228,26,Male,3,252,81,11001.02,5,0
CUST_11229,50,Female,2,228,84,9644.02,7,1
CUST_11230,31,Female,10,146,46,4321.09,6,1
CUST_11231,65,Male,70,217,75,10152.34,1,0
CUST_11232,37,Male,71,237,42,1824.21,1,0
CUST_11233,32,Female,16,294,97,4655.08,1,0
CUST_11234,49,Male,70,256,39,5482.04,5,0
CUST_11235,50,Male,22,281,70,1684.06,9,1
CUST_11236,34,Female,35,166,103,2186.84,7,1
CUST_11237,41,Female,49,143,56,6827.08,0,0
CUST_11238,47,Female,2,238,47,3331.81,1,0
CUST_11239,30,Male,66,97,38,5270.39,4,0
CUST_11240,64,Female,19,192,18,1000.68,8,0
CUST_11241,65,Female,69,288,2,107.55,7,0
CUST_11242,33,Female,4,43,105,15143.55,0,0
CUST_11243,19,Male,41,269,102,9155.38,7,0
CUST_11244,34,Female,56,209,54,5283.94,6,0
CUST_11245,49,Female,55,334,81,11035.48,8,1
CUST_11246,60,Female,31,25,88,5844.14,3,0
CUST_11247,25,Male,22,305,30,1453.84,9,1
CUST_11248,69,Female,48,88,107,9854.14,5,0
CUST_11249,20,Female,4,120,88,6191.06,3,0
CUST_11250,29,Female,21,225,4,148.34,3,0
CUST_11251,37,Male,41,136,7,217.08,8,0
CUST_11252,33,Male,45,251,79,8922.02,0,0
CUST_11253,31,Male,8,211,57,1118.2,9,1
CUST_11254,33,Male,9,11,30,2586.55,6,0
CUST_11255,66,Female,18,10,93,5533.74,7,0
CUST_11256,60,Male,31,315,113,3997.12,5,0
CUST_11257,66,Male,35,65,44,5950.56,0,0
CUST_11258,68,Male,30,80,109,12532.06,5,0
CUST_11259,50,Male,18,92,117,13966.1,3,0
CUST_11260,47,Female,41,133,77,5686.05,7,0
CUST_11261,29,Female,24,112,104,10662.8,6,0
CUST_11262,32,Female,48,195,103,2804.0,7,0
CUST_11263,35,Male,14,87,29,980.27,0,0
CUST_11264,45,Female,19,162,90,5269.21,9,1
CUST_11265,40,Male,60,348,36,2764.79,8,1
CUST_11266,31,Male,22,1,99,2738.89,9,0
CUST_11267,47,Female,30,119,113,10313.68,9,1
CUST_11268,50,Female,15,254,48,2273.92,2,0
CUST_11269,62,Male,21,191,19,2271.74,1,0
CUST_11270,32,Male,26,290,63,948.99,8,1
CUST_11271,24,Female,12,351,2,263.84,0,0
CUST_11272,32,Female,7,288,117,13326.09,5,0
CUST_11273,69,Male,35,116,14,1242.27,4,0
CUST_11274,59,Female,68,199,80,9165.36,3,0
CUST_11275,63,Female,2,235,113,7256.67,9,1
CUST_11276,55,Male,20,230,100,3694.91,0,0
CUST_11277,63,Male,47,226,104,1687.92,1,0
CUST_11278,61,Male,12,196,105,9350.77,3,0
CUST_11279,28,Female,53,278,95,5169.16,5,0
CUST_11280,46,Male,17,157,112,4895.86,5,0
CUST_11281,48,Female,18,354,112,14789.19,4,0
CUST_11282,42,Female,24,301,113,12757.43,7,1
CUST_11283,69,Male,37,173,35,5203.58,2,0
CUST_11284,41,Male,30,323,86,8970.77,8,1
CUST_11285,36,Female,52,21,21,2853.36,9,0
CUST_11286,19,Male,23,188,92,2849.73,3,0
CUST_11287,39,Female,37,285,17,1913.74,0,0
CUST_11288,37,Male,24,289,114,3036.99,5,0
CUST_11289,50,Male,50,167,82,2276.9,1,0
CUST_11290,25,Female,20,190,32,4185.85,3,0
CUST_11291,42,Male,47,90,23,1463.06,2,0
CUST_11292,63,Female,18,301,6,346.31,2,0
CUST_11293,26,Male,26,73,29,1154.51,1,0
CUST_11294,51,Female,71,82,63,5069.44,7,0
CUST_11295,40,Female,43,11,70,2973.86,1,0
CUST_11296,22,Female,47,249,97,8498.11,0,0
CUST_11297,42,Female,43,160,112,11665.82,4,0
CUST_11298,25,Male,32,107,96,9927.65,0,0
CUST_11299,33,Male,7,91,81,5202.44,5,0
CUST_11300,65,Male,32,241,4,440.18,4,0
CUST_11301,62,Male,65,204,112,5703.19,0,0
CUST_11302,69,Female,58,316,58,7194.14,6,0
CUST_11303,32,Male,53,358,31,465.48,2,0
CUST_11304,18,Female,34,149,22,3200.7,1,0
CUST_11305,39,Male,69,262,27,1985.37,9,0
CUST_11306,20,Female,56,166,118,7090.55,8,0
CUST_11307,55,Female,66,116,85,8440.94,2,0
CUST_11308,31,Male,32,8,84,11228.96,7,0
CUST_11309,53,Female,50,229,98,6134.52,3,0
CUST_11310,35,Male,24,70,87,2127.65,5,0
CUST_11311,64,Female,46,191,108,6778.89,7,0
CUST_11312,58,Female,3,162,16,250.99,3,0
CUST_11313,35,Male,10,177,6,239.88,2,0
CUST_11314,20,Female,6,40,80,1761.68,8,0
CUST_11315,27,Male,52,342,7,471.27,9,1
CUST_11316,66,Female,50,29,14,322.93,6,0
CUST_11317,56,Male,58,9,3,443.49,8,0
CUST_11318,64,Female,52,277,97,11694.19,2,0
CUST_11319,18,Female,13,288,49,3510.21,0,0
CUST_11320,44,Male,59,72,116,14118.01,2,0
CUST_11321,44,Male,39,183,36,2568.38,6,0
CUST_11322,28,Female,53,10,103,10542.67,0,0
CUST_11323,66,Male,58,177,29,3651.24,4,0
CUST_11324,22,Female,20,87,103,11061.62,4,0
CUST_11325,24,Female,63,84,4,105.64,2,0
CUST_11326,36,Female,10,86,103,2149.67,7,1
CUST_11327,46,Male,26,297,40,3677.49,0,0
CUST_11328,32,Male,19,207,41,1702.23,8,1
CUST_11329,52,Male,61,287,22,3252.76,6,0
CUST_11330,64,Male,34,109,79,1358.78,0,0
CUST_11331,54,Male,44,32,4,464.2,1,0
CUST_11332,29,Female,18,13,82,1699.85,1,0
CUST_11333,47,Male,16,213,108,10526.52,0,0
CUST_11334,37,Female,26,118,23,1649.24,0,0
CUST_11335,54,Female,65,106,102,10243.98,9,0
CUST_11336,20,Female,66,15,4,471.46,1,0
CUST_11337,26,Male,27,320,68,1324.78,5,1
CUST_11338,58,Female,4,213,18,1536.66,4,0
CUST_11339,56,Male,51,188,1,142.22,4,0
CUST_11340,43,Male,3,234,32,1420.82,1,0
CUST_11341,19,Female,66,264,21,534.62,6,0
CUST_11342,40,Female,16,223,38,4525.05,2,0
CUST_11343,40,Male,28,213,26,2992.46,8,0
CUST_11344,38,Male,44,145,41,2774.51,7,0
CUST_11345,33,Male,18,5,49,6227.09,8,0
CUST_11346,26,Female,2,141,85,7516.27,8,1
CUST_11347,30,Female,44,21,107,8471.58,9,0
CUST_11348,45,Male,20,117,93,11713.39,5,0
CUST_11349,44,Male,56,115,117,3305.12,4,0
CUST_11350,68,Female,23,44,41,1854.29,1,0
CUST_11351,69,Male,60,204,107,8020.54,6,0
CUST_11352,34,Female,71,309,96,2547.21,4,0
CUST_11353,55,Male,45,322,59,8817.12,9,1
CUST_11354,53,Male,47,361,4,229.31,7,1
CUST_11355,18,Female,37,126,13,1858.29,4,0
CUST_11356,35,Female,8,120,61,4822.11,0,0
CUST_11357,68,Male,5,214,51,7130.31,2,0
CUST_11358,26,Male,23,313,35,2603.93,9,1
CUST_11359,30,Male,10,311,118,14748.56,0,0
CUST_11360,57,Female,27,130,91,10592.25,9,0
CUST_11361,62,Female,1,94,65,9284.01,4,0
CUST_11362,32,Female,71,65,49,4951.74,5,0
CUST_11363,60,Male,8,205,49,2237.17,6,1
CUST_11364,61,Female,11,187,103,9080.14,4,0
CUST_11365,63,Male,28,212,14,485.7,4,0
CUST_11366,21,Male,34,191,37,2227.68,5,0
CUST_11367,50,Female,43,261,30,3646.21,8,1
CUST_11368,41,Male,28,322,14,236.4,1,0
CUST_11369,53,Male,49,90,75,7411.25,5,0
CUST_11370,68,Male,61,245,95,10312.55,9,1
CUST_11371,58,Female,37,150,92,12555.4,6,0
CUST_11372,27,Female,3,140,27,3162.32,3,0
CUST_11373,53,Male,9,293,62,4301.62,4,1
CUST_11374,37,Female,2,119,3,355.06,6,0
CUST_11375,58,Female,23,247,70,6960.77,7,1
CUST_11376,62,Female,51,98,39,3674.24,2,0
CUST_11377,61,Male,17,170,19,474.15,2,0
CUST_11378,28,Male,25,310,105,9225.0,8,1
CUST_11379,29,Male,27,67,98,12941.69,0,0
CUST_11380,35,Female,20,56,92,6805.69,9,0
CUST_11381,47,Female,36,46,76,8364.66,7,0
CUST_11382,61,Female,28,5,39,5343.18,4,0
CUST_11383,65,Male,29,56,10,871.13,2,0
CUST_11384,54,Male,42,151,116,3120.03,6,0
CUST_11385,37,Male,58,318,47,1049.21,3,0
CUST_11386,42,Male,32,141,89,10919.42,5,0
CUST_11387,29,Female,12,315,23,446.54,4,1
CUST_11388,38,Female,30,284,59,8841.38,6,1
CUST_11389,42,Female,60,6,90,2899.23,6,0
CUST_11390,28,Female,11,189,83,9930.42,2,0
CUST_11391,26,Female,11,317,102,13478.46,4,0
CUST_11392,67,Male,50,219,20,1127.36,1,0
CUST_11393,42,Female,1,173,45,3965.36,1,0
CUST_11394,52,Female,27,93,116,16654.2,4,0
CUST_11395,69,Male,32,12,44,6333.62,4,0
CUST_11396,49,Female,6,163,18,2530.17,8,1
CUST_11397,66,Female,41,318,48,2501.4,7,0
CUST_11398,31,Male,36,5,75,1727.88,7,0
CUST_11399,18,Male,39,66,89,2570.02,9,0
CUST_11400,34,Male,30,203,107,3654.41,3,0
CUST_11401,42,Male,57,324,1,105.68,8,1
CUST_11402,25,Male,11,342,32,3946.53,0,0
CUST_11403,22,Female,3,193,97,2114.02,5,0
CUST_11404,22,Male,48,336,64,8653.1,4,1
CUST_11405,58,Female,6,66,7,811.2,2,0
CUST_11406,52,Female,7,169,95,8225.92,0,0
CUST_11407,36,Female,44,155,90,13378.02,4,0
CUST_11408,40,Female,61,76,71,3606.81,0,0
CUST_11409,26,Female,54,261,100,4443.11,5,0
CUST_11410,47,Female,51,133,46,2769.13,2,0
CUST_11411,67,Male,48,342,24,2065.93,2,0
CUST_11412,33,Male,61,141,69,4638.39,2,0
CUST_11413,50,Female,40,336,86,10920.51,2,0
CUST_11414,19,Female,3,346,108,14661.67,9,1
CUST_11415,31,Female,30,137,36,5238.0,9,0
CUST_11416,63,Female,24,176,67,8406.08,2,0
CUST_11417,18,Female,67,288,50,4854.76,1,0
CUST_11418,43,Male,2,339,59,5772.45,4,0
CUST_11419,42,Female,44,36,101,4057.81,5,0
CUST_11420,33,Female,40,143,58,2930.95,5,0
CUST_11421,32,Male,19,137,102,15262.26,1,0
CUST_11422,43,Male,63,16,46,2312.66,0,0
CUST_11423,64,Male,24,250,70,5461.95,3,0
CUST_11424,61,Female,50,6,116,7773.96,9,0
CUST_11425,33,Male,20,72,89,9604.43,7,0
CUST_11426,31,Female,57,161,23,1386.72,0,0
CUST_11427,46,Male,50,224,12,1286.38,6,0
CUST_11428,41,Male,58,356,28,4051.83,4,0
CUST_11429,64,Female,31,315,58,2846.19,7,1
CUST_11430,32,Male,37,36,108,7024.47,1,0
CUST_11431,36,Male,4,34,61,3732.81,0,0
CUST_11432,25,Male,58,13,104,5777.02,8,0
CUST_11433,51,Female,10,202,96,4942.89,3,0
CUST_11434,19,Male,63,57,55,5503.07,3,0
CUST_11435,44,Female,36,7,116,10323.4,1,0
CUST_11436,27,Female,55,315,89,7446.63,1,0
CUST_11437,52,Male,57,111,34,4184.7,4,0
CUST_11438,40,Male,43,116,94,3269.47,1,0
CUST_11439,66,Female,65,307,101,3829.21,5,1
CUST_11440,25,Female,12,259,18,1516.74,6,1
CUST_11441,45,Male,62,155,35,2196.36,1,0
CUST_11442,40,Female,24,206,48,1846.15,7,0
CUST_11443,21,Female,2,310,37,4004.71,8,1
CUST_11444,31,Male,47,94,41,3360.78,9,0
CUST_11445,59,Female,56,192,6,253.81,2,0
CUST_11446,46,Male,16,290,83,4207.66,3,0
CUST_11447,18,Female,34,279,86,9684.64,6,0
CUST_11448,21,Male,18,48,96,5684.05,0,0
CUST_11449,49,Female,29,55,91,3877.51,3,0
CUST_11450,50,Female,54,17,80,11628.49,0,0
CUST_11451,66,Male,51,335,90,2419.74,1,0
CUST_11452,43,Female,14,62,39,1358.5,8,0
CUST_11453,34,Female,58,125,4,447.33,1,0
CUST_11454,56,Male,35,237,16,1159.54,2,0
CUST_11455,40,Female,9,61,52,6065.58,5,0
CUST_11456,49,Male,37,44,113,10127.63,0,0
CUST_11457,69,Female,12,327,19,388.15,6,1
CUST_11458,32,Male,11,128,92,9877.12,7,0
CUST_11459,30,Female,27,259,17,2104.23,8,1
CUST_11460,19,Male,43,201,45,4032.5,8,0
CUST_11461,36,Male,50,323,2,113.04,4,0
CUST_11462,41,Male,20,112,2,34.19,4,0
CUST_11463,62,Female,13,355,88,12091.39,3,0
CUST_11464,41,Female,47,143,118,13032.19,3,0
CUST_11465,28,Female,8,207,55,1157.62,9,1
CUST_11466,39,Female,69,359,91,11691.67,0,0
CUST_11467,32,Female,71,140,4,88.65,6,0
CUST_11468,27,Female,64,227,112,12437.52,7,0
CUST_11469,58,Female,44,319,100,10869.91,3,0
CUST_11470,44,Male,12,136,84,11649.12,2,0
CUST_11471,26,Female,4,290,12,448.0,2,0
CUST_11472,69,Female,40,200,54,4945.41,6,0
CUST_11473,45,Male,19,278,92,8145.22,5,0
CUST_11474,18,Female,54,306,60,1183.33,0,0
CUST_11475,34,Female,1,140,29,2933.97,0,0
CUST_11476,48,Male,13,150,61,3006.93,0,0
CUST_11477,61,Male,50,91,116,6946.82,4,0
CUST_11478,27,Male,53,186,46,2188.81,0,0
CUST_11479,54,Male,42,82,97,2187.31,6,0
CUST_11480,46,Male,25,19,49,1837.25,8,0
CUST_11481,35,Male,44,133,18,773.76,2,0
CUST_11482,64,Male,61,272,76,7063.36,3,0
CUST_11483,55,Female,21,169,74,2458.21,6,0
CUST_11484,56,Male,51,19,24,3343.11,1,0
CUST_11485,66,Male,52,253,111,5138.32,3,0
CUST_11486,23,Male,63,364,17,1750.75,6,1
CUST_11487,57,Male,54,193,107,3881.26,8,0
CUST_11488,29,Female,10,278,96,11744.92,7,0
CUST_11489,31,Female,59,145,56,1380.64,3,0
CUST_11490,61,Female,8,35,89,10197.18,1,0
CUST_11491,27,Male,51,167,52,3540.02,8,0
CUST_11492,37,Female,5,244,71,5527.0,3,0
CUST_11493,32,Male,42,73,20,1289.06,8,0
CUST_11494,48,Male,12,311,29,2009.02,8,1
CUST_11495,24,Male,24,133,83,1304.67,4,0
CUST_11496,58,Female,45,73,75,1389.76,5,0
CUST_11497,27,Male,53,115,97,11851.59,5,0
CUST_11498,27,Female,53,267,50,2191.02,4,0
CUST_11499,65,Male,17,334,119,11541.23,9,0
CUST_11500,56,Male,65,110,118,12177.47,6,0
CUST_11501,45,Female,58,168,15,1638.41,6,0
CUST_11502,47,Male,37,216,31,2964.88,6,0
CUST_11503,54,Female,42,340,13,1298.52,5,0
CUST_11504,20,Male,70,97,56,5236.18,1,0
CUST_11505,67,Male,40,80,112,15714.06,7,0
CUST_11506,60,Female,23,217,19,1989.66,9,1
CUST_11507,32,Female,23,186,70,4385.24,3,0
CUST_11508,38,Male,49,64,28,1768.09,5,0
CUST_11509,69,Female,7,67,22,566.43,6,0
CUST_11510,54,Female,37,96,28,4168.95,0,0
CUST_11511,29,Male,16,34,80,10820.27,5,0
CUST_11512,21,Female,38,345,114,2372.83,7,1
CUST_11513,64,Male,40,234,33,4334.23,4,0
CUST_11514,26,Male,29,163,114,3840.35,7,0
CUST_11515,56,Female,17,157,105,4963.52,5,0
CUST_11516,59,Male,20,281,45,4810.77,6,0
CUST_11517,45,Female,25,28,48,5451.79,8,0
CUST_11518,40,Female,60,69,118,9826.59,6,0
CUST_11519,62,Male,38,332,115,16749.22,1,0
CUST_11520,57,Female,63,338,63,5109.18,7,0
CUST_11521,61,Female,39,230,26,1296.84,0,0
CUST_11522,39,Female,64,350,87,1411.41,0,0
CUST_11523,41,Male,21,137,1,132.09,9,1
CUST_11524,68,Male,32,112,62,4238.74,5,0
CUST_11525,43,Female,28,299,93,11219.76,7,0
CUST_11526,47,Female,12,25,72,8601.86,9,0
CUST_11527,50,Male,23,94,106,2213.44,0,0
CUST_11528,33,Female,15,66,103,12968.99,0,0
CUST_11529,39,Female,12,17,3,162.1,4,0
CUST_11530,66,Male,4,109,77,9899.59,2,0
CUST_11531,67,Female,35,278,84,6841.23,9,1
CUST_11532,60,Male,61,10,107,10150.53,9,0
CUST_11533,35,Male,27,346,119,3413.52,0,0
CUST_11534,24,Male,33,141,116,7679.67,1,0
CUST_11535,67,Male,13,298,5,730.35,3,0
CUST_11536,43,Male,37,28,45,6299.78,7,0
CUST_11537,25,Female,44,100,12,1790.61,5,0
CUST_11538,23,Female,2,187,48,4026.2,3,0
CUST_11539,47,Male,38,267,81,10162.83,6,0
CUST_11540,56,Female,37,208,14,1070.04,8,1
CUST_11541,40,Female,59,337,53,7530.73,5,0
CUST_11542,49,Male,69,311,90,13329.78,0,0
CUST_11543,39,Male,18,261,94,12549.19,7,1
CUST_11544,59,Male,48,69,106,10478.85,2,0
CUST_11545,60,Male,66,38,45,6682.9,4,0
CUST_11546,62,Female,49,66,32,4729.77,1,0
CUST_11547,26,Male,58,235,30,2374.07,0,0
CUST_11548,48,Female,35,64,12,672.11,6,0
CUST_11549,24,Female,58,235,100,4030.18,2,0
CUST_11550,26,Male,7,153,83,8830.92,3,0
CUST_11551,30,Female,9,180,44,866.7,1,0
CUST_11552,20,Male,69,166,25,2952.92,3,0
CUST_11553,52,Male,4,333,97,2127.04,8,1
CUST_11554,50,Female,32,275,42,2134.66,8,0
CUST_11555,38,Male,5,99,21,1726.82,0,0
CUST_11556,48,Male,56,25,61,1717.36,6,0
CUST_11557,69,Female,56,304,66,1313.41,2,0
CUST_11558,51,Female,44,73,101,8057.11,4,0
CUST_11559,49,Male,13,35,21,2828.95,4,0
CUST_11560,52,Male,4,143,26,1823.18,3,0
CUST_11561,32,Female,52,214,32,1345.21,0,0
CUST_11562,49,Female,15,205,91,6381.59,8,0
CUST_11563,23,Male,1,305,17,1913.45,4,1
CUST_11564,62,Female,65,217,4,82.34,1,0
CUST_11565,38,Female,11,345,39,746.87,1,1
CUST_11566,50,Female,61,232,15,1162.13,3,0
CUST_11567,49,Female,63,86,33,3509.67,1,0
CUST_11568,69,Female,38,169,61,5969.29,4,0
CUST_11569,36,Male,69,125,14,1415.48,1,0
CUST_11570,50,Male,45,329,90,3363.47,3,0
CUST_11571,45,Female,70,236,47,4123.28,3,0
CUST_11572,48,Female,68,145,2,132.04,2,0
CUST_11573,38,Female,4,105,84,2513.02,9,1
CUST_11574,51,Male,71,344,90,2905.96,6,0
CUST_11575,32,Female,48,264,66,6740.01,1,0
CUST_11576,31,Male,9,134,48,6922.79,4,0
CUST_11577,36,Female,47,9,64,1878.43,1,0
CUST_11578,60,Male,60,15,66,5399.47,8,0
CUST_11579,32,Female,52,64,48,2326.56,5,0
CUST_11580,23,Male,33,178,81,4294.39,7,1
CUST_11581,69,Female,58,124,18,815.42,5,0
CUST_11582,26,Male,48,11,51,4522.09,2,0
CUST_11583,54,Female,5,95,112,2537.5,6,0
CUST_11584,37,Female,27,120,4,460.95,1,0
CUST_11585,51,Female,41,301,81,7849.59,3,0
CUST_11586,55,Female,1,246,33,2209.42,9,1
CUST_11587,43,Male,51,77,23,1021.43,4,0
CUST_11588,35,Male,16,94,53,4632.36,3,0
CUST_11589,45,Female,32,315,13,1871.29,1,0
CUST_11590,68,Male,47,153,71,7852.2,1,0
CUST_11591,26,Female,23,240,58,3057.35,5,0
CUST_11592,49,Female,15,140,105,12105.86,8,0
CUST_11593,23,Male,26,85,110,9135.01,6,0
CUST_11594,31,Male,37,216,63,1353.39,7,1
CUST_11595,45,Male,55,282,65,6393.88,5,0
CUST_11596,41,Male,2,293,104,4843.88,7,1
CUST_11597,30,Female,19,241,42,2952.77,9,0
CUST_11598,60,Female,32,23,95,7561.35,3,0
CUST_11599,29,Male,69,321,100,12290.66,9,0
CUST_11600,68,Male,55,45,89,8304.52,6,0
CUST_11601,36,Female,56,74,109,6639.52,2,0
CUST_11602,38,Male,29,102,114,11825.06,2,0
CUST_11603,44,Male,36,284,105,4297.95,2,0
CUST_11604,36,Male,71,72,40,5043.08,9,0
CUST_11605,41,Female,53,41,94,3966.15,4,0
CUST_11606,43,Male,39,279,102,9220.98,5,0
CUST_11607,62,Male,11,212,21,896.54,3,0
CUST_11608,45,Female,30,160,83,4892.93,4,0
CUST_11609,63,Male,53,87,80,5762.88,2,0
CUST_11610,35,Female,8,7,33,2131.85,7,0
CUST_11611,61,Male,20,183,111,15658.99,9,1
CUST_11612,53,Male,12,328,70,3161.99,5,1
CUST_11613,59,Male,67,299,42,1651.45,3,0
CUST_11614,46,Male,50,14,37,3140.09,0,0
CUST_11615,34,Male,12,100,72,10303.46,9,0
CUST_11616,21,Male,54,244,1,82.95,2,0
CUST_11617,61,Male,54,169,77,11127.7,7,0
CUST_11618,62,Male,19,232,26,1058.15,1,0
CUST_11619,46,Female,14,111,80,1310.77,3,0
CUST_11620,21,Female,52,347,113,6316.43,9,1
CUST_11621,27,Female,22,340,39,3945.12,4,1
CUST_11622,42,Female,4,102,47,4461.56,5,0
CUST_11623,48,Female,59,217,56,2667.44,1,0
CUST_11624,20,Male,34,240,110,11474.38,6,0
CUST_11625,64,Male,64,240,58,7370.84,8,1
CUST_11626,19,Male,18,221,28,3017.6,8,1
CUST_11627,42,Female,31,270,113,12798.47,3,0
CUST_11628,66,Female,42,28,57,3222.03,9,0
CUST_11629,23,Female,3,286,87,7520.55,3,1
CUST_11630,43,Male,55,335,71,1474.33,1,0
CUST_11631,25,Female,10,54,88,5585.89,8,0
CUST_11632,52,Male,71,213,110,13763.48,4,0
CUST_11633,44,Male,22,120,72,8759.87,6,0
CUST_11634,42,Female,23,75,45,6390.36,2,0
CUST_11635,35,Male,13,70,65,9475.9,7,0
CUST_11636,18,Male,40,323,4,585.24,6,1
CUST_11637,65,Female,13,233,61,2211.04,7,1
CUST_11638,56,Female,51,271,61,1908.42,1,0
CUST_11639,20,Male,64,132,43,5724.85,7,0
CUST_11640,21,Male,13,98,105,7005.97,0,0
CUST_11641,58,Female,29,102,19,1201.18,9,1
CUST_11642,54,Male,71,167,86,7485.93,5,0
CUST_11643,68,Male,47,105,100,7594.07,5,0
CUST_11644,32,Male,26,86,1,45.11,9,0
CUST_11645,25,Female,70,37,19,2451.43,9,0
CUST_11646,55,Male,23,160,51,7025.26,6,0
CUST_11647,67,Male,56,123,64,7418.46,3,0
CUST_11648,36,Male,19,132,63,1353.85,7,0
CUST_11649,64,Male,50,266,29,896.64,1,0
CUST_11650,43,Male,35,283,19,1172.52,7,1
CUST_11651,56,Female,49,340,43,3876.7,6,0
CUST_11652,27,Female,46,261,70,6809.91,9,0
CUST_11653,55,Female,70,355,89,2536.44,5,0
CUST_11654,31,Female,53,189,39,5640.67,7,0
CUST_11655,66,Female,31,31,23,1989.32,1,0
CUST_11656,58,Female,22,275,1,73.29,7,0
CUST_11657,36,Female,67,310,61,2488.86,9,1
CUST_11658,47,Female,8,132,79,11325.75,3,0
CUST_11659,22,Male,19,176,25,1884.96,6,0
CUST_11660,48,Male,31,304,4,123.6,9,1
CUST_11661,24,Female,32,49,109,10675.38,7,0
CUST_11662,36,Female,55,172,108,6725.22,2,0
CUST_11663,48,Female,31,312,1,124.08,7,1
CUST_11664,69,Female,67,330,40,3545.51,0,0
CUST_11665,56,Female,51,6,21,614.66,8,0
CUST_11666,41,Female,27,76,119,13843.48,1,0
CUST_11667,51,Male,48,204,43,2413.59,1,0
CUST_11668,40,Female,43,210,10,701.13,4,0
CUST_11669,65,Female,51,36,66,7900.99,7,0
CUST_11670,62,Female,69,281,17,499.31,0,0
CUST_11671,57,Female,71,177,13,1911.0,2,0
CUST_11672,23,Female,50,55,91,9990.13,7,0
CUST_11673,55,Female,61,169,118,4838.02,6,0
CUST_11674,58,Male,41,313,105,2398.92,5,0
CUST_11675,53,Male,51,327,112,9913.38,0,0
CUST_11676,44,Female,24,48,92,6090.38,3,0
CUST_11677,28,Male,30,104,113,2145.1,2,0
CUST_11678,22,Female,52,3,10,972.45,9,0
CUST_11679,34,Male,50,85,113,6404.96,9,0
CUST_11680,69,Male,57,173,52,3040.32,6,0
CUST_11681,24,Male,62,276,10,368.93,7,0
CUST_11682,44,Male,53,329,118,4006.23,6,0
CUST_11683,64,Male,68,233,110,3793.48,4,0
CUST_11684,32,Female,69,164,47,6327.05,8,0
CUST_11685,63,Male,31,60,9,782.69,3,0
CUST_11686,30,Female,30,78,98,7680.51,2,0
CUST_11687,28,Female,10,18,46,5064.74,7,0
CUST_11688,62,Female,44,97,117,6805.73,0,0
CUST_11689,43,Male,6,66,103,12978.03,9,1
CUST_11690,39,Female,27,31,68,2830.26,1,0
CUST_11691,45,Male,20,238,109,13446.19,9,0
CUST_11692,41,Male,20,265,54,1218.58,4,0
CUST_11693,46,Female,12,148,118,4268.45,8,1
CUST_11694,26,Male,49,148,68,9214.57,5,0
CUST_11695,59,Female,52,47,4,118.86,6,0
CUST_11696,21,Female,10,244,105,5055.78,2,0
CUST_11697,66,Male,5,257,75,1557.31,4,0
CUST_11698,63,Male,64,83,1,95.82,3,0
CUST_11699,35,Female,58,356,109,6457.26,4,0
CUST_11700,60,Female,8,142,85,8544.26,3,0
CUST_11701,33,Female,30,129,59,1568.24,5,0
CUST_11702,50,Male,17,10,25,1708.48,3,0
CUST_11703,46,Male,67,177,9,586.59,5,0
CUST_11704,56,Male,21,210,25,2186.81,7,1
CUST_11705,27,Male,16,42,82,4496.02,8,0
CUST_11706,26,Male,27,124,71,10503.88,5,0
CUST_11707,48,Male,6,187,110,6343.05,6,0
CUST_11708,45,Male,42,25,26,2834.26,1,0
CUST_11709,20,Female,16,164,56,3609.23,3,0
CUST_11710,31,Female,45,351,49,4264.99,3,0
CUST_11711,42,Male,3,35,82,3739.21,8,0
CUST_11712,32,Female,40,253,65,2491.24,5,0
CUST_11713,19,Female,20,247,61,8922.65,7,1
CUST_11714,41,Female,7,10,9,792.24,9,0
CUST_11715,31,Female,59,264,10,772.1,6,0
CUST_11716,65,Male,11,105,112,11380.59,1,0
CUST_11717,24,Male,52,220,11,496.83,4,0
CUST_11718,53,Male,3,255,96,12092.77,8,0
CUST_11719,67,Male,21,134,85,4123.51,9,1
CUST_11720,41,Female,53,206,36,3176.69,9,0
CUST_11721,44,Female,30,124,56,1801.48,5,0
CUST_11722,54,Male,11,216,32,2962.13,8,1
CUST_11723,55,Female,25,64,83,6656.53,8,0
CUST_11724,47,Female,50,302,72,3807.89,1,0
CUST_11725,44,Male,9,360,35,1978.06,2,0
CUST_11726,56,Female,45,38,86,1403.91,9,0
CUST_11727,32,Male,29,248,4,74.75,1,0
CUST_11728,43,Female,62,153,93,8938.77,4,0
CUST_11729,18,Male,15,222,62,6942.81,7,1
CUST_11730,21,Male,19,342,63,5596.4,5,1
CUST_11731,46,Female,15,258,95,2475.51,7,0
CUST_11732,18,Female,39,24,8,1136.14,0,0
CUST_11733,60,Male,35,357,119,13246.29,8,1
CUST_11734,67,Female,13,67,76,3575.47,6,0
CUST_11735,63,Female,16,249,69,7289.91,3,0
CUST_11736,39,Male,67,235,61,1832.85,7,0
CUST_11737,28,Male,55,90,94,11300.44,6,0
CUST_11738,27,Female,65,94,63,5035.26,4,0
CUST_11739,34,Male,35,349,61,4286.15,4,0
CUST_11740,53,Female,16,327,99,1607.24,0,0
CUST_11741,64,Female,1,189,37,3814.12,8,1
CUST_11742,43,Female,50,137,4,507.66,5,0
CUST_11743,65,Female,14,173,56,3019.53,1,0
CUST_11744,38,Male,62,16,43,713.32,7,0
CUST_11745,30,Male,7,364,21,2513.02,8,1
CUST_11746,26,Female,23,232,58,5847.25,3,0
CUST_11747,28,Female,63,174,16,1918.08,6,0
CUST_11748,28,Male,29,101,53,4646.66,6,0
CUST_11749,23,Male,22,186,18,1390.1,6,1
CUST_11750,18,Female,6,30,57,2542.97,2,0
CUST_11751,23,Male,29,312,95,2436.1,6,0
CUST_11752,30,Male,2,350,38,2988.52,4,1
CUST_11753,39,Female,64,288,32,4231.48,6,0
CUST_11754,48,Female,36,78,112,2577.32,3,0
CUST_11755,39,Female,20,23,97,14407.2,7,0
CUST_11756,54,Female,55,17,19,2714.03,3,0
CUST_11757,64,Male,37,122,84,8525.97,4,0
CUST_11758,44,Female,52,228,48,6644.09,9,1
CUST_11759,67,Male,69,175,74,6639.74,6,0
CUST_11760,69,Female,70,41,26,1810.09,1,0
CUST_11761,31,Female,22,15,110,10139.6,6,0
CUST_11762,64,Female,15,214,82,10933.47,6,0
CUST_11763,22,Female,47,91,45,6491.94,5,0
CUST_11764,53,Male,71,52,45,5766.38,1,0
CUST_11765,49,Female,69,316,15,588.86,7,1
CUST_11766,51,Male,52,57,100,9488.46,5,0
CUST_11767,24,Male,39,289,18,1350.76,0,0
CUST_11768,59,Male,2,149,31,2479.09,2,0
CUST_11769,65,Female,45,20,15,1092.18,3,0
CUST_11770,27,Female,24,324,102,2460.26,9,1
CUST_11771,67,Male,61,101,93,12015.3,9,0
CUST_11772,34,Male,65,357,106,15590.43,7,1
CUST_11773,47,Female,53,188,15,649.71,6,0
CUST_11774,38,Male,21,33,65,6432.66,5,0
CUST_11775,30,Female,67,31,101,8831.13,9,0
CUST_11776,18,Female,1,162,105,14282.82,5,1
CUST_11777,18,Female,59,278,87,9574.68,9,0
CUST_11778,64,Female,47,362,46,5345.4,8,1
CUST_11779,50,Male,18,286,75,10763.03,4,0
CUST_11780,55,Female,33,5,102,10666.07,2,0
CUST_11781,42,Male,15,169,16,1219.68,0,0
CUST_11782,43,Male,24,173,55,1210.4,1,0
CUST_11783,30,Male,36,215,30,4120.77,6,1
CUST_11784,45,Female,60,317,93,8799.03,1,0
CUST_11785,50,Female,34,117,41,4391.62,8,0
CUST_11786,54,Male,51,255,67,5575.41,0,0
CUST_11787,58,Female,40,269,104,7086.47,3,0
CUST_11788,47,Male,22,252,17,1411.42,7,1
CUST_11789,66,Female,16,206,26,560.25,7,0
CUST_11790,65,Male,42,209,118,14480.74,3,0
CUST_11791,25,Female,16,163,73,2651.8,3,0
CUST_11792,66,Female,5,274,81,4852.66,3,0
CUST_11793,64,Male,6,140,101,2701.17,0,0
CUST_11794,18,Female,42,169,64,8044.34,2,0
CUST_11795,29,Male,30,144,95,3584.01,2,0
CUST_11796,22,Female,32,222,58,3993.54,4,0
CUST_11797,41,Female,53,269,95,6753.5,7,0
CUST_11798,23,Female,19,76,75,4328.82,4,0
CUST_11799,42,Male,51,118,102,13373.93,3,0
CUST_11800,18,Female,28,98,86,10250.39,6,0
CUST_11801,42,Male,47,33,110,12693.61,0,0
CUST_11802,18,Female,1,338,3,136.17,5,1
CUST_11803,49,Female,68,67,113,4586.12,8,0
CUST_11804,59,Female,57,310,28,1352.13,1,0
CUST_11805,59,Female,22,6,96,6444.66,8,0
CUST_11806,20,Male,58,292,4,318.53,6,1
CUST_11807,66,Female,13,241,40,1950.94,6,1
CUST_11808,36,Male,39,55,102,7833.38,3,0
CUST_11809,60,Male,27,71,75,2991.86,9,0
CUST_11810,46,Female,39,94,57,2924.58,4,0
CUST_11811,67,Female,12,143,65,3263.02,5,0
CUST_11812,19,Male,24,22,47,5318.57,5,0
CUST_11813,26,Female,18,49,80,6151.75,7,0
CUST_11814,34,Male,15,136,34,3333.85,9,0
CUST_11815,63,Male,60,231,45,4741.04,4,0
CUST_11816,53,Male,16,100,32,775.98,9,0
CUST_11817,34,Female,47,293,44,5381.34,3,0
CUST_11818,66,Female,24,200,110,5866.98,7,0
CUST_11819,29,Female,45,334,97,8130.21,9,1
CUST_11820,37,Male,19,121,11,667.5,7,0
CUST_11821,67,Female,41,227,36,4299.64,2,0
CUST_11822,20,Male,31,239,13,595.59,1,0
CUST_11823,60,Female,16,277,57,8271.17,0,0
CUST_11824,67,Female,23,101,84,5797.39,0,0
CUST_11825,21,Male,23,187,25,2776.77,3,0
CUST_11826,34,Female,41,159,70,7111.68,9,0
CUST_11827,67,Female,18,6,37,4264.22,1,0
CUST_11828,54,Male,36,170,90,8045.49,2,0
CUST_11829,63,Female,12,180,4,267.25,2,0
CUST_11830,59,Female,69,212,109,4277.72,6,0
CUST_11831,32,Male,51,164,26,2213.24,5,0
CUST_11832,50,Female,32,128,82,1903.69,4,0
CUST_11833,33,Female,71,296,13,298.24,8,1
CUST_11834,28,Male,36,218,72,7042.17,3,0
CUST_11835,37,Male,40,141,51,4073.17,9,0
CUST_11836,55,Female,70,132,47,3916.24,2,0
CUST_11837,41,Female,38,354,33,1914.78,6,0
CUST_11838,33,Male,54,251,107,13024.72,6,0
CUST_11839,47,Male,4,101,80,3372.8,1,0
CUST_11840,51,Female,46,320,42,3953.35,8,1
CUST_11841,18,Male,63,98,103,13509.95,7,0
CUST_11842,41,Male,50,336,31,3955.59,0,0
CUST_11843,41,Female,30,279,40,754.59,1,0
CUST_11844,26,Female,16,186,87,4581.69,1,0
CUST_11845,39,Male,52,343,116,12932.72,7,1
CUST_11846,29,Male,4,143,16,1840.01,2,0
CUST_11847,34,Female,26,345,56,4489.55,6,1
CUST_11848,42,Male,29,349,74,3132.76,9,1
CUST_11849,45,Male,11,356,36,1895.94,5,1
CUST_11850,32,Male,24,79,95,11697.28,1,0
CUST_11851,47,Male,51,357,108,4421.7,8,0
CUST_11852,68,Male,42,355,96,13652.38,8,1
CUST_11853,44,Female,39,39,85,7022.47,6,0
CUST_11854,39,Male,7,303,80,4260.94,3,1
CUST_11855,27,Male,18,37,56,3785.49,0,0
CUST_11856,48,Male,3,348,93,4615.52,7,1
CUST_11857,44,Female,63,286,114,7624.91,8,1
CUST_11858,29,Female,20,324,48,1567.56,7,1
CUST_11859,63,Male,70,7,109,13747.83,1,0
CUST_11860,48,Female,17,353,80,11607.49,6,0
CUST_11861,49,Male,59,303,58,6031.06,9,1
CUST_11862,49,Female,54,303,15,1862.38,0,0
CUST_11863,58,Male,13,210,72,3296.93,4,1
CUST_11864,62,Male,42,79,15,352.08,7,0
CUST_11865,52,Male,44,355,21,2092.86,8,1
CUST_11866,63,Male,67,357,64,8023.88,9,1
CUST_11867,38,Female,20,133,85,10849.08,2,0
CUST_11868,27,Male,47,176,7,608.46,7,1
CUST_11869,33,Female,24,87,52,5147.15,2,0
CUST_11870,24,Male,51,249,19,1229.57,7,0
CUST_11871,21,Female,18,217,86,10934.07,4,0
CUST_11872,44,Male,23,351,46,5022.13,6,1
CUST_11873,69,Female,1,92,38,1523.52,5,1
CUST_11874,42,Male,66,207,13,685.41,4,0
CUST_11875,48,Male,5,232,90,3195.05,1,0
CUST_11876,28,Male,18,308,44,3664.0,8,1
CUST_11877,65,Female,35,199,22,930.65,6,0
CUST_11878,37,Female,25,38,71,2586.79,6,0
CUST_11879,53,Male,24,77,116,4252.39,4,0
CUST_11880,34,Male,13,67,35,1781.24,2,0
CUST_11881,62,Male,21,185,3,372.66,8,1
CUST_11882,28,Male,39,275,99,14025.26,9,1
CUST_11883,47,Female,34,90,111,16587.94,7,0
CUST_11884,52,Male,19,286,16,327.01,5,1
CUST_11885,58,Male,28,348,45,4131.11,1,0
CUST_11886,55,Female,11,207,16,815.52,6,1
CUST_11887,39,Male,49,18,66,9801.18,4,0
CUST_11888,60,Male,35,244,102,15084.2,7,0
CUST_11889,65,Female,57,319,81,11429.45,5,0
CUST_11890,68,Male,28,7,38,642.97,9,0
CUST_11891,44,Female,66,188,24,860.65,8,0
CUST_11892,54,Female,65,88,86,7703.95,7,0
CUST_11893,63,Male,22,116,50,2014.2,6,0
CUST_11894,66,Male,51,63,87,11345.23,0,0
CUST_11895,52,Male,9,344,108,11822.17,9,1
CUST_11896,21,Male,71,75,83,3307.65,8,0
CUST_11897,33,Female,36,295,57,7152.68,7,1
CUST_11898,33,Male,54,171,108,8884.83,0,0
CUST_11899,38,Female,38,232,56,6205.42,0,0
CUST_11900,43,Female,66,248,86,2913.41,2,0
CUST_11901,53,Female,43,363,81,6877.72,2,0
CUST_11902,36,Female,5,225,66,7907.17,1,0
CUST_11903,34,Female,37,276,78,4809.03,7,0
CUST_11904,62,Female,58,362,92,3700.35,4,1
CUST_11905,43,Female,63,192,77,7802.27,0,0
CUST_11906,39,Male,51,167,102,10398.85,0,0
CUST_11907,45,Female,43,99,81,3449.54,1,0
CUST_11908,18,Female,67,228,73,1778.44,6,0
CUST_11909,61,Male,67,314,62,2323.2,8,1
CUST_11910,53,Female,65,326,104,5428.4,8,0
CUST_11911,60,Female,62,62,14,278.57,8,0
CUST_11912,54,Female,63,129,66,9211.54,9,0
CUST_11913,19,Male,30,250,106,4888.5,5,0
CUST_11914,34,Female,38,139,60,6885.25,4,0
CUST_11915,57,Female,51,230,21,1490.55,9,0
CUST_11916,55,Female,38,59,35,2896.87,9,0
CUST_11917,38,Female,67,165,30,2624.62,7,0
CUST_11918,26,Male,48,204,81,9665.52,5,0
CUST_11919,30,Male,12,98,39,4733.36,7,0
CUST_11920,28,Female,20,338,25,851.8,0,0
CUST_11921,33,Male,2,246,44,2461.86,3,0
CUST_11922,33,Female,55,137,59,5449.25,9,0
CUST_11923,19,Male,6,46,103,6139.3,4,0
CUST_11924,59,Male,62,204,99,3259.86,3,0
CUST_11925,61,Male,49,193,6,420.83,5,0
CUST_11926,25,Male,54,327,3,133.46,6,1
CUST_11927,60,Male,10,359,36,1237.28,7,1
CUST_11928,59,Male,24,42,112,6276.91,7,0
CUST_11929,30,Male,29,162,111,6155.83,4,0
CUST_11930,34,Female,6,224,1,28.12,7,1
CUST_11931,56,Female,58,254,34,3191.1,2,0
CUST_11932,41,Male,57,284,65,3733.37,2,0
CUST_11933,20,Female,3,218,26,998.24,0,0
CUST_11934,47,Male,24,100,18,2259.19,9,0
CUST_11935,69,Male,19,61,36,552.52,0,0
CUST_11936,30,Female,9,40,6,457.98,0,0
CUST_11937,36,Male,30,182,75,5528.83,9,1
CUST_11938,24,Male,44,59,44,4646.63,2,0
CUST_11939,26,Male,53,223,40,2702.76,7,1
CUST_11940,36,Female,68,208,30,2526.5,8,0
CUST_11941,62,Male,60,170,78,10735.99,2,0
CUST_11942,57,Female,23,139,74,2791.14,7,0
CUST_11943,39,Male,61,203,31,906.55,9,0
CUST_11944,35,Male,7,254,58,6717.12,0,0
CUST_11945,40,Female,44,166,55,6341.04,2,0
CUST_11946,19,Male,55,57,36,5009.48,0,0
CUST_11947,67,Female,39,123,79,11670.37,9,0
CUST_11948,67,Female,59,137,30,2006.76,8,0
CUST_11949,28,Male,5,250,48,3165.73,2,0
CUST_11950,48,Male,42,57,78,10696.04,9,0
CUST_11951,50,Female,14,67,111,14562.76,9,0
CUST_11952,31,Male,27,231,87,5714.55,4,0
CUST_11953,33,Male,16,244,17,430.1,9,1
CUST_11954,28,Male,2,286,27,2523.56,9,1
CUST_11955,50,Female,19,121,108,5537.65,6,0
CUST_11956,24,Female,23,54,63,8672.6,8,0
CUST_11957,48,Female,41,288,77,9534.59,6,0
CUST_11958,65,Male,14,278,14,1912.84,0,0
CUST_11959,63,Female,47,66,26,674.01,6,0
CUST_11960,64,Male,63,270,43,5664.08,6,0
CUST_11961,31,Male,8,13,75,7129.99,1,0
CUST_11962,45,Female,27,343,102,4496.42,6,1
CUST_11963,60,Female,40,124,1,55.67,1,0
CUST_11964,33,Female,28,77,24,1839.5,0,0
CUST_11965,36,Male,68,339,20,1994.64,8,1
CUST_11966,34,Female,61,24,72,3342.11,9,0
CUST_11967,43,Female,38,35,8,343.61,9,0
CUST_11968,23,Male,24,324,30,4063.25,4,0
CUST_11969,60,Male,28,74,18,2323.89,6,0
CUST_11970,66,Male,41,290,118,13984.75,9,0
CUST_11971,26,Male,18,290,77,9064.46,5,1
CUST_11972,67,Female,49,19,110,13024.71,7,0
CUST_11973,34,Male,26,259,111,15512.64,9,1
CUST_11974,48,Female,3,116,100,12890.23,2,0
CUST_11975,29,Female,38,292,83,5598.97,3,0
CUST_11976,40,Female,14,260,13,1022.14,1,0
CUST_11977,22,Male,1,154,105,10144.68,4,0
CUST_11978,60,Female,11,203,48,3801.89,9,1
CUST_11979,53,Male,40,131,60,3305.19,0,0
CUST_11980,53,Female,4,128,26,3412.64,4,0
CUST_11981,20,Female,34,265,9,1111.19,7,1
CUST_11982,41,Male,65,302,98,6627.84,5,0
CUST_11983,34,Female,56,270,53,1615.44,9,0
CUST_11984,56,Female,10,3,95,1487.45,8,0
CUST_11985,43,Female,71,258,106,2912.9,5,0
CUST_11986,21,Female,64,342,71,2548.21,8,1
CUST_11987,62,Female,13,100,9,934.22,5,0
CUST_11988,29,Male,22,53,104,4643.35,2,0
CUST_11989,18,Female,56,166,26,2618.24,2,0
CUST_11990,38,Female,65,149,116,6881.53,0,0
CUST_11991,36,Male,13,163,115,15620.69,9,0
CUST_11992,38,Female,1,83,33,2584.74,7,0
CUST_11993,69,Female,38,22,33,3492.55,6,0
CUST_11994,35,Female,58,20,52,4015.85,4,0
CUST_11995,60,Male,25,356,40,5527.71,3,0
CUST_11996,69,Male,42,211,4,431.2,2,0
CUST_11997,20,Male,33,324,28,2847.36,2,0
CUST_11998,66,Male,57,352,54,5127.87,8,1
CUST_11999,61,Female,37,8,68,10095.45,0,0
CUST_12000,49,Male,57,307,111,11926.09,3,0
CUST_12001,27,Male,62,154,98,11447.27,8,1
CUST_12002,57,Female,3,51,49,1275.52,8,1
CUST_12003,32,Male,30,246,104,12991.68,9,1
CUST_12004,22,Male,67,154,112,10702.36,8,0
CUST_12005,21,Female,63,246,6,362.7,2,0
CUST_12006,45,Female,23,303,33,3086.43,4,0
CUST_12007,69,Female,66,43,5,497.25,3,0
CUST_12008,68,Female,61,163,83,4160.42,9,0
CUST_12009,21,Male,2,147,18,1332.07,3,0
CUST_12010,32,Female,27,336,3,337.15,3,0
CUST_12011,34,Male,48,156,98,4457.97,5,0
CUST_12012,61,Male,63,3,2,255.75,7,0
CUST_12013,20,Male,5,146,65,1655.3,2,0
CUST_12014,27,Male,1,269,35,3271.25,1,0
CUST_12015,64,Male,22,244,51,3379.14,7,0
CUST_12016,59,Female,24,296,68,1509.42,8,1
CUST_12017,40,Female,59,295,35,4184.45,6,0
CUST_12018,35,Male,50,314,72,6392.39,3,0
CUST_12019,18,Female,23,57,44,4909.04,6,0
CUST_12020,52,Female,18,280,29,1923.18,1,0
CUST_12021,48,Male,22,119,36,4717.75,2,0
CUST_12022,61,Male,44,22,78,2051.43,9,0
CUST_12023,18,Male,44,51,42,1953.11,1,0
CUST_12024,20,Male,37,212,113,13816.67,7,0
CUST_12025,20,Female,7,216,94,13524.88,1,0
CUST_12026,54,Male,24,76,114,14736.8,9,0
CUST_12027,36,Male,41,204,7,323.16,6,0
CUST_12028,46,Male,70,166,13,806.69,1,0
CUST_12029,42,Female,71,61,22,2603.52,1,0
CUST_12030,50,Male,18,305,57,8136.56,9,1
CUST_12031,53,Female,60,279,45,2432.18,2,0
CUST_12032,46,Male,52,260,54,3626.43,2,0
CUST_12033,43,Female,49,76,2,36.18,5,0
CUST_12034,21,Female,67,209,72,5982.79,9,0
CUST_12035,66,Female,45,37,57,1533.4,3,0
CUST_12036,31,Female,9,93,85,2257.18,8,0
CUST_12037,67,Female,26,134,118,13897.77,9,0
CUST_12038,44,Female,26,239,84,5160.05,4,0
CUST_12039,50,Female,30,136,75,10598.35,7,0
CUST_12040,39,Male,27,223,34,3796.82,9,1
CUST_12041,65,Female,4,148,44,2410.89,2,0
CUST_12042,20,Female,51,252,69,7386.73,8,0
CUST_12043,40,Male,70,79,53,6988.37,3,0
CUST_12044,38,Female,10,244,62,4579.63,2,0
CUST_12045,58,Female,36,318,112,10173.99,8,1
CUST_12046,40,Male,46,120,94,4169.93,3,0
CUST_12047,21,Female,6,309,33,2286.84,5,0
CUST_12048,38,Female,70,122,76,7081.05,6,0
CUST_12049,54,Male,3,212,69,6768.18,0,0
CUST_12050,60,Male,50,284,1,112.2,0,0
CUST_12051,48,Female,42,254,35,5048.49,1,0
CUST_12052,38,Female,54,18,25,3205.06,9,0
CUST_12053,43,Female,39,263,4,519.86,1,0
CUST_12054,58,Male,55,277,73,6589.28,3,0
CUST_12055,52,Male,11,41,118,4066.68,0,0
CUST_12056,55,Female,30,364,113,11389.43,9,1
CUST_12057,41,Male,56,31,108,7543.25,6,0
CUST_12058,28,Female,29,298,115,2219.33,5,1
CUST_12059,58,Male,17,315,67,2767.45,5,0
CUST_12060,46,Male,33,118,94,11042.65,8,1
CUST_12061,64,Male,21,360,84,8415.6,3,1
CUST_12062,20,Male,10,234,10,1470.88,7,1
CUST_12063,18,Female,39,43,20,2793.3,1,0
CUST_12064,69,Male,47,228,40,3809.0,7,0
CUST_12065,36,Male,52,134,67,2406.45,9,0
CUST_12066,63,Male,41,333,75,4530.5,5,0
CUST_12067,66,Female,47,157,15,696.85,7,0
CUST_12068,39,Female,71,206,116,9108.29,2,0
CUST_12069,31,Male,43,89,28,3446.17,3,0
CUST_12070,66,Male,37,99,108,13602.55,5,0
CUST_12071,31,Female,64,37,35,1366.36,0,0
CUST_12072,61,Female,71,199,7,623.89,0,0
CUST_12073,33,Male,60,356,54,5743.38,7,1
CUST_12074,50,Male,25,55,97,6648.89,5,0
CUST_12075,30,Female,22,105,42,5763.83,3,0
CUST_12076,55,Female,43,243,113,7171.84,4,0
CUST_12077,66,Female,71,74,38,3084.39,6,0
CUST_12078,29,Male,70,314,83,7820.5,7,0
CUST_12079,68,Male,36,104,64,4652.33,9,0
CUST_12080,55,Male,46,221,57,8270.17,6,1
CUST_12081,56,Male,22,16,108,12707.58,6,0
CUST_12082,50,Female,35,29,29,3680.86,6,0
CUST_12083,50,Male,47,264,66,7695.94,3,0
CUST_12084,46,Female,33,356,108,10194.6,4,0
CUST_12085,22,Female,13,183,83,1560.58,9,0
CUST_12086,23,Male,56,52,73,8631.55,6,0
CUST_12087,48,Female,67,347,6,586.28,2,0
CUST_12088,33,Female,13,333,81,2097.81,4,0
CUST_12089,48,Female,50,106,2,62.02,6,0
CUST_12090,42,Male,57,25,39,3118.48,1,0
CUST_12091,65,Male,28,92,6,780.8,6,0
CUST_12092,63,Male,65,329,14,1256.58,5,0
CUST_12093,50,Male,24,26,113,15723.74,7,0
CUST_12094,30,Male,67,90,90,11260.18,6,0
CUST_12095,69,Female,7,175,18,1802.8,3,0
CUST_12096,27,Male,24,342,70,4011.27,4,1
CUST_12097,41,Female,9,30,76,9889.05,9,0
CUST_12098,27,Male,15,14,102,10607.09,9,1
CUST_12099,58,Female,56,130,22,1971.71,5,0
CUST_12100,48,Male,17,131,78,6441.56,1,0
CUST_12101,30,Male,19,6,13,568.49,9,1
CUST_12102,20,Female,9,211,73,1250.1,5,0
CUST_12103,67,Male,64,149,114,12737.04,9,0
CUST_12104,69,Female,57,276,106,14749.63,8,1
CUST_12105,51,Female,38,149,96,3820.26,7,0
CUST_12106,66,Female,8,40,10,1411.88,4,0
CUST_12107,45,Female,6,196,27,667.12,4,0
CUST_12108,36,Male,49,124,14,1254.16,9,0
CUST_12109,40,Female,45,71,9,275.4,9,1
CUST_12110,62,Male,21,199,9,1215.26,1,0
CUST_12111,49,Male,34,33,90,2604.37,9,0
CUST_12112,30,Male,12,307,57,2786.87,2,0
CUST_12113,50,Male,39,90,96,11884.9,8,0
CUST_12114,51,Male,6,90,105,11334.3,6,0
CUST_12115,50,Female,32,335,35,2358.9,7,1
CUST_12116,22,Female,60,276,26,3327.06,8,1
CUST_12117,20,Female,8,275,41,4133.6,2,0
CUST_12118,24,Male,38,199,109,5457.63,4,0
CUST_12119,41,Female,19,56,106,12183.25,3,0
CUST_12120,39,Male,55,237,67,4017.53,3,0
CUST_12121,62,Male,9,1,30,3753.74,4,0
CUST_12122,40,Female,52,167,29,3494.93,4,0
CUST_12123,47,Female,28,37,84,4758.6,3,0
CUST_12124,35,Male,62,274,68,1971.53,5,0
CUST_12125,49,Female,48,79,14,1761.29,6,0
CUST_12126,24,Female,39,242,109,6997.86,7,1
CUST_12127,50,Female,53,134,52,3063.76,2,0
CUST_12128,22,Female,63,252,39,680.79,3,0
CUST_12129,66,Female,19,357,21,2372.85,0,0
CUST_12130,45,Female,33,22,71,3691.94,0,0
CUST_12131,25,Male,64,267,6,443.06,4,0
CUST_12132,32,Male,26,218,55,7505.98,0,0
CUST_12133,69,Male,45,72,40,1276.66,8,0
CUST_12134,21,Female,1,9,70,1409.47,2,0
CUST_12135,51,Female,66,135,25,2266.72,9,1
CUST_12136,22,Female,35,195,4,437.92,8,1
CUST_12137,50,Female,45,302,101,8716.6,4,0
CUST_12138,22,Male,33,58,89,5415.02,1,0
CUST_12139,55,Male,69,284,82,5231.04,8,0
CUST_12140,51,Male,31,287,34,1196.88,6,1
CUST_12141,43,Female,64,308,89,5080.26,5,0
CUST_12142,18,Male,15,251,22,2583.89,0,0
CUST_12143,21,Male,46,91,56,4613.51,2,0
CUST_12144,56,Male,48,204,46,6221.6,4,0
CUST_12145,43,Male,68,8,56,2110.09,4,0
CUST_12146,50,Male,40,108,78,5828.71,4,0
CUST_12147,50,Male,1,233,101,11081.42,2,0
CUST_12148,25,Female,20,342,75,3881.91,3,0
CUST_12149,37,Male,22,274,27,1377.65,5,0
CUST_12150,33,Female,54,120,90,2633.06,2,0
CUST_12151,38,Male,65,305,116,15723.3,7,0
CUST_12152,62,Female,15,11,35,1340.2,2,0
CUST_12153,43,Female,61,183,16,2335.47,3,0
CUST_12154,40,Female,14,309,116,8768.8,5,0
CUST_12155,35,Female,69,179,104,15344.27,6,0
CUST_12156,48,Female,49,206,20,408.95,2,0
CUST_12157,69,Female,6,92,15,1373.36,8,1
CUST_12158,59,Female,41,227,78,8444.53,4,0
CUST_12159,29,Female,31,6,110,9317.78,4,0
CUST_12160,18,Male,64,356,72,6621.4,8,1
CUST_12161,59,Female,51,12,24,2104.42,2,0
CUST_12162,26,Female,59,250,62,2180.96,1,0
CUST_12163,20,Male,55,198,97,8420.33,2,0
CUST_12164,68,Female,49,127,80,7050.68,4,0
CUST_12165,43,Female,40,37,91,5733.32,6,0
CUST_12166,26,Female,15,8,92,8924.95,6,0
CUST_12167,59,Female,70,165,44,3106.71,2,0
CUST_12168,68,Male,65,120,14,1637.24,9,0
CUST_12169,33,Male,7,232,73,1471.56,8,1
CUST_12170,41,Female,62,225,110,1797.77,7,1
CUST_12171,67,Male,54,233,77,6601.16,4,0
CUST_12172,31,Male,52,287,51,7575.8,1,0
CUST_12173,20,Female,51,226,22,1653.02,9,1
CUST_12174,51,Male,4,145,94,1560.75,9,1
CUST_12175,50,Male,1,250,32,1849.9,3,0
CUST_12176,67,Male,66,272,80,6246.31,7,1
CUST_12177,41,Female,35,286,115,15715.03,7,0
CUST_12178,26,Male,10,39,25,784.33,0,0
CUST_12179,30,Male,67,44,49,6849.84,0,0
CUST_12180,19,Female,68,37,23,3264.18,3,0
CUST_12181,24,Male,65,256,37,3756.58,5,0
CUST_12182,65,Female,51,211,92,4176.77,2,0
CUST_12183,38,Male,30,92,3,262.37,0,0
CUST_12184,36,Female,39,19,60,7514.87,3,0
CUST_12185,42,Female,10,100,59,3736.84,5,0
CUST_12186,64,Female,44,147,23,3155.99,4,0
CUST_12187,39,Male,32,69,33,882.24,0,0
CUST_12188,28,Male,44,130,54,3049.37,3,0
CUST_12189,50,Female,63,25,39,5814.19,5,0
CUST_12190,49,Male,61,115,25,2345.58,9,1
CUST_12191,38,Female,65,90,63,5965.86,5,0
CUST_12192,56,Male,41,286,89,4217.04,5,0
CUST_12193,37,Female,12,273,103,13469.34,8,1
CUST_12194,25,Female,2,341,85,6198.71,7,1
CUST_12195,59,Female,60,212,119,14533.19,6,0
CUST_12196,54,Male,25,111,59,7342.1,9,0
CUST_12197,26,Male,61,348,31,1196.78,3,0
CUST_12198,42,Female,22,76,49,4054.33,2,0
CUST_12199,42,Female,56,296,94,6282.84,2,0
CUST_12200,50,Male,21,88,103,3698.13,2,0
CUST_12201,19,Female,55,170,109,3450.78,9,0
CUST_12202,36,Male,40,147,60,1270.98,4,0
CUST_12203,63,Female,51,240,109,11964.39,5,0
CUST_12204,37,Male,22,55,106,12782.58,3,0
CUST_12205,59,Female,28,92,64,5032.8,9,0
CUST_12206,58,Female,4,253,116,10570.98,0,0
CUST_12207,59,Female,26,157,98,4936.2,6,0
CUST_12208,46,Female,60,251,38,4236.93,6,1
CUST_12209,23,Male,23,264,71,6662.22,9,1
CUST_12210,34,Female,41,8,91,12204.25,0,0
CUST_12211,42,Female,58,325,77,8911.21,2,0
CUST_12212,55,Female,8,299,93,1632.73,9,1
CUST_12213,21,Female,51,98,87,10816.69,5,0
CUST_12214,47,Female,61,50,8,149.3,3,0
CUST_12215,37,Male,1,213,85,10613.88,4,0
CUST_12216,20,Female,30,4,13,1927.65,8,0
CUST_12217,40,Male,17,364,26,2077.88,9,1
CUST_12218,68,Male,23,292,107,4882.54,8,1
CUST_12219,35,Female,24,241,10,162.92,5,1
CUST_12220,43,Male,69,19,93,3281.93,0,0
CUST_12221,53,Male,52,270,91,7553.96,5,0
CUST_12222,25,Male,71,304,56,6937.79,1,0
CUST_12223,34,Male,58,328,4,530.6,6,0
CUST_12224,48,Female,22,201,106,11371.76,1,0
CUST_12225,54,Female,59,104,31,828.35,1,0
CUST_12226,62,Male,44,331,17,2530.13,7,1
CUST_12227,50,Female,37,364,8,926.87,7,1
CUST_12228,44,Male,34,82,52,3773.73,4,0
CUST_12229,62,Male,57,319,37,4619.31,5,0
CUST_12230,21,Female,57,55,20,1889.15,6,0
CUST_12231,39,Male,40,288,47,4529.66,8,0
CUST_12232,43,Female,20,236,119,17388.97,6,1
CUST_12233,49,Male,17,164,74,9113.27,8,1
CUST_12234,41,Male,52,85,51,2569.91,4,0
CUST_12235,63,Male,4,219,114,4405.68,0,0
CUST_12236,52,Male,63,362,58,2219.18,3,0
CUST_12237,54,Female,50,213,44,3359.75,6,0
CUST_12238,49,Male,50,203,98,6610.7,1,0
CUST_12239,24,Male,16,313,103,7840.65,8,1
CUST_12240,50,Female,61,300,11,258.11,1,0
CUST_12241,48,Female,44,242,111,4693.12,0,0
CUST_12242,29,Male,18,162,12,1471.95,4,0
CUST_12243,28,Female,50,179,10,1172.76,1,0
CUST_12244,41,Male,30,92,77,5243.48,5,0
CUST_12245,25,Female,49,138,54,3656.48,1,0
CUST_12246,49,Male,21,112,34,4566.75,5,0
CUST_12247,55,Female,22,169,30,1186.6,5,0
CUST_12248,39,Female,47,321,15,948.36,9,1
CUST_12249,51,Male,25,101,118,13932.17,1,0
CUST_12250,36,Female,56,296,8,740.55,1,0
CUST_12251,69,Female,64,193,102,2359.84,5,0
CUST_12252,37,Female,28,358,100,1659.62,8,1
CUST_12253,31,Female,33,207,40,703.33,3,0
CUST_12254,50,Female,66,286,116,12012.68,9,0
CUST_12255,27,Female,4,216,22,2178.79,3,0
CUST_12256,33,Female,12,228,5,105.05,1,0
CUST_12257,21,Female,17,361,96,3150.24,3,1
CUST_12258,44,Male,36,43,20,2250.91,9,0
CUST_12259,45,Female,16,181,87,4941.13,6,0
CUST_12260,60,Female,23,347,104,15483.26,3,0
CUST_12261,33,Female,9,286,110,6290.4,5,0
CUST_12262,69,Female,55,297,118,7117.49,4,0
CUST_12263,50,Male,64,44,49,3509.8,6,0
CUST_12264,65,Female,47,37,119,15081.3,2,0
CUST_12265,36,Female,67,249,52,4692.19,2,0
CUST_12266,38,Female,10,83,66,8628.06,4,0
CUST_12267,39,Female,4,257,19,1380.79,3,1
CUST_12268,26,Female,30,217,90,8740.61,4,0
CUST_12269,26,Male,11,10,100,1562.36,0,0
CUST_12270,26,Female,51,238,14,1297.79,3,0
CUST_12271,44,Female,19,26,7,181.09,5,0
CUST_12272,34,Male,13,251,57,2340.24,6,1
CUST_12273,61,Male,57,215,80,11973.41,7,0
CUST_12274,62,Female,3,145,10,1010.19,4,0
CUST_12275,25,Female,38,320,107,14161.39,1,0
CUST_12276,33,Female,27,222,22,500.26,1,0
CUST_12277,35,Female,10,324,90,6022.42,2,1
CUST_12278,50,Male,53,18,5,657.15,3,0
CUST_12279,18,Female,27,339,76,5354.65,5,1
CUST_12280,29,Male,7,228,88,4333.13,4,0
CUST_12281,23,Female,13,236,24,1918.4,4,0
CUST_12282,58,Male,60,346,15,1178.65,8,1
CUST_12283,22,Male,14,276,88,13089.35,8,1
CUST_12284,33,Female,44,121,88,5531.51,2,0
CUST_12285,35,Male,70,62,106,15289.64,8,0
CUST_12286,66,Female,28,331,26,3591.23,0,0
CUST_12287,35,Male,23,187,55,4162.62,3,0
CUST_12288,18,Male,12,25,98,13972.1,7,0
CUST_12289,36,Male,24,339,18,2041.18,8,1
CUST_12290,25,Female,51,96,43,5782.49,4,0
CUST_12291,20,Male,22,321,101,13674.3,1,0
CUST_12292,42,Male,62,193,6,159.22,7,1
CUST_12293,22,Female,26,254,45,6123.21,7,0
CUST_12294,57,Male,58,67,25,2027.33,8,0
CUST_12295,36,Male,71,314,81,8180.98,5,0
CUST_12296,35,Female,15,40,16,889.12,8,0
CUST_12297,67,Male,68,224,55,5617.98,9,0
CUST_12298,48,Male,6,356,119,2220.02,9,1
CUST_12299,50,Female,2,222,56,3646.12,7,1
CUST_12300,64,Female,31,103,29,2895.93,4,0
CUST_12301,35,Female,24,318,64,2660.98,3,1
CUST_12302,56,Female,35,248,1,105.8,6,0
CUST_12303,33,Male,47,162,45,5710.46,5,0
CUST_12304,33,Female,31,264,106,2124.3,3,0
CUST_12305,64,Female,2,25,109,10522.12,1,0
CUST_12306,55,Female,59,154,84,7844.31,9,0
CUST_12307,58,Male,63,219,26,3135.11,8,0
CUST_12308,24,Female,17,254,85,9278.92,3,0
CUST_12309,31,Male,54,215,50,3818.69,2,0
CUST_12310,60,Female,21,169,114,7166.09,9,0
CUST_12311,65,Male,22,80,27,3997.69,5,0
CUST_12312,42,Female,55,72,100,8274.0,1,0
CUST_12313,49,Female,29,63,35,2452.46,7,0
CUST_12314,55,Male,21,75,80,11924.41,8,1
CUST_12315,39,Female,2,263,29,1141.67,3,0
CUST_12316,33,Female,42,98,7,280.9,9,0
CUST_12317,69,Female,52,85,62,9103.08,6,0
CUST_12318,46,Male,38,325,71,7368.96,0,0
CUST_12319,33,Female,3,306,34,2895.6,1,0
CUST_12320,29,Female,25,273,48,1159.19,3,1
CUST_12321,34,Male,62,149,5,315.21,4,0
CUST_12322,54,Female,15,6,117,8599.52,9,0
CUST_12323,44,Female,70,109,8,672.32,7,0
CUST_12324,42,Female,10,199,72,5323.43,1,0
CUST_12325,30,Male,69,331,43,3188.22,1,0
CUST_12326,25,Male,44,338,93,13885.16,9,1
CUST_12327,22,Female,41,38,52,7617.42,4,0
CUST_12328,29,Female,20,319,74,1971.12,1,0
CUST_12329,58,Female,37,128,1,37.76,2,0
CUST_12330,20,Male,39,140,38,5400.46,9,1
CUST_12331,52,Male,70,248,92,5341.97,8,1
CUST_12332,50,Female,8,259,7,682.91,8,1
CUST_12333,39,Female,43,147,81,9939.64,5,0
CUST_12334,67,Male,10,343,56,4399.81,8,1
CUST_12335,61,Female,41,195,112,1931.28,7,1
CUST_12336,26,Male,4,215,46,5832.35,2,0
CUST_12337,58,Male,4,241,24,2810.22,7,0
CUST_12338,35,Male,24,133,35,720.77,6,0
CUST_12339,67,Female,21,29,73,9938.6,8,0
CUST_12340,46,Female,10,98,42,5489.27,6,0
CUST_12341,56,Male,46,364,67,3492.79,4,1
CUST_12342,44,Female,70,182,44,1136.03,4,0
CUST_12343,53,Male,44,152,4,277.71,3,0
CUST_12344,62,Female,33,103,96,12778.74,1,0
CUST_12345,34,Female,36,288,108,8653.58,4,0
CUST_12346,51,Male,25,235,118,6255.51,9,1
CUST_12347,63,Male,13,133,119,5508.32,3,0
CUST_12348,20,Female,39,230,77,4845.59,0,0
CUST_12349,22,Female,38,35,24,3580.4,1,0
CUST_12350,31,Male,30,358,71,9484.7,1,0
CUST_12351,20,Female,14,80,19,1688.16,8,1
CUST_12352,40,Female,50,355,91,11296.37,1,0
CUST_12353,56,Female,68,242,50,2884.83,9,1
CUST_12354,47,Male,1,344,91,8922.87,6,1
CUST_12355,67,Female,61,133,18,2390.78,2,0
CUST_12356,62,Female,3,9,94,6075.94,1,0
CUST_12357,40,Female,50,253,28,3445.5,7,0
CUST_12358,44,Female,61,33,29,2840.07,1,0
CUST_12359,27,Male,36,347,73,7159.36,8,1
CUST_12360,42,Female,4,187,103,2116.45,2,0
CUST_12361,30,Male,43,11,103,14049.22,8,0
CUST_12362,33,Male,14,69,85,10181.25,2,0
CUST_12363,58,Female,67,138,45,896.57,8,0
CUST_12364,51,Female,7,131,102,9939.98,5,0
CUST_12365,54,Male,8,251,7,809.88,1,0
CUST_12366,39,Female,44,123,45,5505.37,0,0
CUST_12367,34,Male,64,273,89,2398.9,2,0
CUST_12368,40,Male,7,243,26,2636.19,6,1
CUST_12369,53,Male,48,162,116,5388.4,9,0
CUST_12370,66,Female,62,95,70,5316.09,2,0
CUST_12371,26,Female,25,162,49,4217.5,2,0
CUST_12372,69,Male,68,323,119,2224.29,6,0
CUST_12373,19,Male,64,284,84,4656.78,6,0
CUST_12374,49,Female,18,361,18,2207.79,3,1
CUST_12375,67,Female,4,229,84,10812.24,0,0
CUST_12376,39,Male,17,116,40,2382.06,9,0
CUST_12377,60,Female,47,221,18,1343.57,7,1
CUST_12378,30,Female,45,169,47,5978.93,7,0
CUST_12379,25,Male,58,315,1,42.11,5,1
CUST_12380,18,Male,3,330,33,3751.49,0,0
CUST_12381,34,Female,12,145,39,2729.55,9,1
CUST_12382,29,Male,17,286,112,16605.01,2,0
CUST_12383,21,Female,22,182,23,2213.53,5,1
CUST_12384,30,Male,39,308,116,4058.83,9,1
CUST_12385,48,Female,39,275,14,534.82,5,1
CUST_12386,58,Male,16,37,92,1719.15,0,0
CUST_12387,24,Female,51,363,85,9477.65,6,1
CUST_12388,40,Female,29,36,44,3293.4,1,0
CUST_12389,41,Female,71,68,37,609.79,7,0
CUST_12390,22,Male,41,360,71,2037.12,5,1
CUST_12391,22,Female,57,121,76,4109.45,0,0
CUST_12392,34,Female,28,155,115,8309.42,1,0
CUST_12393,47,Female,21,205,37,5242.54,5,0
CUST_12394,26,Male,4,44,103,9071.67,1,0
CUST_12395,23,Female,15,289,28,3800.21,3,0
CUST_12396,42,Female,53,90,7,341.75,8,0
CUST_12397,36,Male,46,212,109,6523.8,2,0
CUST_12398,33,Male,7,63,52,6963.21,4,0
CUST_12399,38,Male,18,72,17,1382.68,2,0
CUST_12400,19,Male,21,336,62,5869.65,7,1
CUST_12401,27,Female,8,290,37,3423.02,9,1
CUST_12402,33,Female,59,27,14,1429.76,4,0
CUST_12403,54,Male,20,362,107,10112.42,9,1
CUST_12404,32,Female,67,53,116,12613.77,5,0
CUST_12405,30,Male,55,242,51,1779.01,5,0
CUST_12406,30,Male,62,293,55,6101.42,3,0
CUST_12407,49,Female,18,100,57,2013.85,9,1
CUST_12408,62,Male,56,79,4,243.83,3,0
CUST_12409,64,Female,22,326,86,10941.94,9,1
CUST_12410,63,Male,8,90,49,4755.49,0,0
CUST_12411,25,Female,11,25,81,11790.95,5,0
CUST_12412,60,Male,12,161,35,1717.11,3,0
CUST_12413,35,Female,48,195,110,15323.02,5,0
CUST_12414,53,Female,63,201,53,5387.96,7,0
CUST_12415,43,Male,27,166,32,2075.11,8,1
CUST_12416,27,Male,35,222,102,12364.08,8,1
CUST_12417,48,Male,2,283,95,13671.19,0,0
CUST_12418,50,Female,8,13,89,10701.42,4,0
CUST_12419,46,Male,20,343,10,158.74,6,1
CUST_12420,22,Female,8,355,113,1851.65,0,0
CUST_12421,30,Male,63,246,62,1986.02,5,0
CUST_12422,18,Male,68,88,2,259.7,0,0
CUST_12423,40,Male,31,140,63,7325.85,5,0
CUST_12424,57,Male,32,310,91,9224.62,6,1
CUST_12425,20,Female,13,256,76,8265.63,4,0
CUST_12426,20,Male,26,276,117,11544.84,1,0
CUST_12427,24,Female,29,146,16,991.43,1,0
CUST_12428,53,Female,18,7,16,1796.17,5,0
CUST_12429,52,Male,69,246,3,423.71,5,0
CUST_12430,32,Female,12,346,89,10342.3,0,0
CUST_12431,57,Male,2,204,18,2377.53,9,1
CUST_12432,20,Female,42,240,103,4842.67,8,1
CUST_12433,46,Male,7,94,42,2610.45,6,0
CUST_12434,47,Male,47,310,104,8688.64,7,1
CUST_12435,56,Male,54,8,32,2516.85,9,0
CUST_12436,35,Male,15,170,50,3895.41,1,0
CUST_12437,28,Female,58,119,49,4972.26,5,0
CUST_12438,60,Female,33,246,3,391.43,8,1
CUST_12439,66,Male,67,128,72,9703.21,0,0
CUST_12440,55,Female,63,222,116,4096.86,4,0
CUST_12441,57,Female,48,63,5,135.85,7,0
CUST_12442,18,Male,66,117,57,3249.8,3,0
CUST_12443,46,Female,65,109,84,9620.15,0,0
CUST_12444,27,Male,36,234,44,5373.11,6,0
CUST_12445,45,Female,17,205,25,1668.56,0,0
CUST_12446,48,Female,2,88,70,3983.73,6,0
CUST_12447,36,Female,33,325,92,3000.74,9,1
CUST_12448,20,Male,6,240,23,1084.71,6,1
CUST_12449,53,Female,43,198,88,2517.21,6,0
CUST_12450,60,Male,11,4,10,560.2,4,0
CUST_12451,32,Male,5,106,10,1062.77,3,0
CUST_12452,50,Female,30,107,33,1069.49,3,0
CUST_12453,58,Female,10,252,73,4261.44,0,0
CUST_12454,60,Male,24,186,18,1554.59,1,0
CUST_12455,68,Female,59,226,67,3963.68,6,0
CUST_12456,62,Male,67,21,97,7211.23,7,0
CUST_12457,43,Male,61,154,74,6073.71,7,0
CUST_12458,33,Female,26,224,27,3229.91,8,1
CUST_12459,53,Female,39,86,35,4508.63,6,0
CUST_12460,50,Male,3,41,62,2540.3,0,0
CUST_12461,37,Female,38,334,18,1167.48,7,1
CUST_12462,30,Male,42,172,7,648.53,6,0
CUST_12463,50,Male,48,160,71,5851.55,1,0
CUST_12464,22,Male,13,160,86,2223.66,5,0
CUST_12465,54,Female,56,51,10,615.7,2,0
CUST_12466,31,Female,59,118,27,1234.32,4,0
CUST_12467,44,Male,63,280,109,7775.09,5,0
CUST_12468,40,Male,43,172,68,4122.68,5,0
CUST_12469,31,Female,57,332,76,8274.63,7,0
CUST_12470,57,Female,21,84,67,4636.07,7,0
CUST_12471,21,Male,54,293,55,2618.33,8,0
CUST_12472,56,Male,53,340,48,4735.34,0,0
CUST_12473,69,Female,45,66,107,12104.94,3,0
CUST_12474,36,Female,36,270,67,1984.29,9,0
CUST_12475,64,Male,63,344,89,4353.6,0,0
CUST_12476,21,Female,1,271,26,1122.91,5,1
CUST_12477,47,Male,67,61,40,1685.87,2,0
CUST_12478,36,Male,33,177,71,9710.51,4,0
CUST_12479,48,Female,32,354,46,1472.63,9,1
CUST_12480,48,Male,58,117,98,12995.11,8,0
CUST_12481,26,Male,26,136,74,5045.11,2,0
CUST_12482,30,Female,61,259,67,6801.05,1,0
CUST_12483,31,Female,17,256,92,6856.59,7,1
CUST_12484,63,Female,69,331,11,1054.14,6,0
CUST_12485,27,Male,29,271,51,4563.15,0,0
CUST_12486,65,Female,63,32,32,2350.34,8,0
CUST_12487,48,Female,6,254,72,3753.24,9,1
CUST_12488,54,Male,59,267,20,2813.35,9,0
CUST_12489,40,Female,21,282,5,693.28,3,0
CUST_12490,44,Male,45,7,41,1008.62,5,0
CUST_12491,23,Female,45,348,13,587.28,6,1
CUST_12492,43,Female,35,39,75,6937.42,7,0
CUST_12493,19,Male,52,4,98,14441.35,3,0
CUST_12494,62,Female,46,30,108,12226.05,8,0
CUST_12495,30,Male,66,166,3,376.43,9,1
CUST_12496,68,Female,57,307,15,861.3,0,0
CUST_12497,67,Male,42,36,97,4321.66,7,0
CUST_12498,36,Male,16,351,56,2548.27,8,1
CUST_12499,18,Female,5,211,43,3450.45,3,0
CUST_12500,57,Female,1,113,74,9686.22,4,0
CUST_12501,49,Male,22,117,67,2962.07,1,0
CUST_12502,39,Female,48,316,46,4231.68,4,0
CUST_12503,65,Female,26,51,117,14529.91,2,0
CUST_12504,46,Male,34,15,48,3962.31,8,0
CUST_12505,19,Male,58,201,105,7484.59,4,0
CUST_12506,57,Female,7,347,78,4818.98,4,1
CUST_12507,55,Male,25,124,117,11239.09,6,0
CUST_12508,65,Female,57,340,97,12162.67,8,1
CUST_12509,28,Female,12,156,97,14499.33,4,0
CUST_12510,34,Female,31,208,36,4765.09,9,1
CUST_12511,68,Male,27,242,23,1750.79,8,0
CUST_12512,60,Female,34,164,55,1413.37,6,0
CUST_12513,25,Male,34,260,55,1719.99,5,0
CUST_12514,39,Female,37,277,54,1023.78,9,0
CUST_12515,21,Male,58,347,65,4157.37,5,1
CUST_12516,28,Male,60,193,91,7280.86,3,0
CUST_12517,25,Male,26,325,51,6414.89,9,1
CUST_12518,26,Male,45,238,32,850.37,8,0
CUST_12519,43,Female,45,50,85,3892.67,8,0
CUST_12520,19,Female,32,213,108,9065.3,2,0
CUST_12521,33,Female,69,266,20,2594.4,3,0
CUST_12522,48,Male,71,90,91,2441.65,0,0
CUST_12523,23,Male,23,144,36,1723.1,8,1
CUST_12524,38,Female,65,166,105,9284.85,5,0
CUST_12525,43,Female,39,67,32,1881.26,2,0
CUST_12526,36,Male,67,20,103,15344.29,1,0
CUST_12527,45,Female,45,111,57,4334.16,7,0
CUST_12528,25,Female,67,69,29,4002.96,5,0
CUST_12529,31,Female,63,25,46,6532.91,2,0
CUST_12530,41,Male,70,345,87,4352.04,2,0
CUST_12531,65,Female,54,310,35,2067.72,7,1
CUST_12532,61,Male,27,12,79,4641.92,0,0
CUST_12533,54,Female,36,65,107,7907.53,2,0
CUST_12534,43,Male,5,182,74,1740.88,4,0
CUST_12535,48,Female,67,234,52,6447.62,4,0
CUST_12536,68,Female,51,323,15,489.98,7,1
CUST_12537,49,Male,32,133,89,12072.39,5,0
CUST_12538,67,Female,21,186,81,7519.92,2,0
CUST_12539,58,Female,17,79,51,4080.04,3,0
CUST_12540,19,Male,26,132,31,3230.4,3,0
CUST_12541,42,Male,22,275,75,10572.64,5,1
CUST_12542,69,Male,41,337,84,4624.2,8,1
CUST_12543,61,Female,59,311,95,4890.13,7,0
CUST_12544,19,Female,10,317,16,1038.94,6,1
CUST_12545,59,Female,5,200,36,2905.89,8,1
CUST_12546,18,Male,55,101,39,983.58,8,0
CUST_12547,53,Male,26,152,11,1174.78,5,0
CUST_12548,29,Male,4,216,20,1706.42,8,1
CUST_12549,26,Female,27,147,90,7910.0,7,0
CUST_12550,53,Male,58,280,56,2727.33,9,0
CUST_12551,58,Male,3,310,113,14518.35,2,0
CUST_12552,45,Female,50,233,115,7904.87,5,0
CUST_12553,55,Female,26,149,90,9274.99,3,0
CUST_12554,50,Male,18,337,42,1991.15,2,0
CUST_12555,59,Male,7,275,47,5884.38,9,1
CUST_12556,63,Female,45,181,6,332.77,4,0
CUST_12557,39,Female,13,151,109,15197.62,7,0
CUST_12558,42,Male,6,293,35,2673.9,6,1
CUST_12559,35,Female,35,284,8,276.76,9,1
CUST_12560,23,Female,53,204,71,6923.3,6,0
CUST_12561,35,Female,68,80,37,3335.39,9,0
CUST_12562,69,Male,42,327,50,3594.68,1,0
CUST_12563,33,Male,4,149,117,14702.34,6,0
CUST_12564,32,Female,60,277,16,1149.98,0,0
CUST_12565,65,Female,45,35,9,300.51,5,0
CUST_12566,25,Female,66,216,75,1414.4,9,0
CUST_12567,30,Female,22,1,85,11512.57,6,0
CUST_12568,60,Male,12,206,60,4680.3,9,1
CUST_12569,24,Male,51,92,51,4640.99,1,0
CUST_12570,34,Male,17,91,46,1402.54,7,0
CUST_12571,67,Female,36,70,71,5756.02,7,0
CUST_12572,49,Female,49,132,12,1044.05,5,0
CUST_12573,39,Male,16,257,64,4979.78,6,0
CUST_12574,68,Male,44,355,115,16537.71,4,1
CUST_12575,30,Female,22,92,104,9582.25,4,0
CUST_12576,64,Female,8,82,21,3077.39,7,0
CUST_12577,40,Female,18,308,5,178.5,1,0
CUST_12578,46,Male,38,99,6,830.49,3,0
CUST_12579,39,Female,29,53,43,3854.71,6,0
CUST_12580,18,Male,2,341,26,1429.44,7,1
CUST_12581,46,Male,59,80,93,10757.78,3,0
CUST_12582,65,Male,42,312,54,4865.15,9,1
CUST_12583,22,Male,21,359,3,278.15,5,1
CUST_12584,52,Female,2,343,11,420.33,9,1
CUST_12585,27,Female,5,246,87,9290.9,2,0
CUST_12586,36,Male,17,289,25,1367.72,6,1
CUST_12587,54,Female,24,279,12,756.34,1,0
CUST_12588,24,Male,8,262,65,8930.21,0,0
CUST_12589,63,Male,30,341,4,156.93,9,1
CUST_12590,52,Male,50,261,52,7004.25,4,0
CUST_12591,62,Male,22,333,65,5366.17,9,1
CUST_12592,30,Male,59,232,70,2736.92,3,0
CUST_12593,27,Female,24,248,34,4235.24,4,1
CUST_12594,19,Female,26,255,91,9380.92,8,1
CUST_12595,23,Female,61,83,109,6738.46,0,0
CUST_12596,25,Male,8,265,16,889.57,7,1
CUST_12597,53,Female,12,3,75,5387.05,2,0
CUST_12598,42,Female,14,223,14,467.44,6,1
CUST_12599,61,Female,30,250,102,12673.37,2,0
CUST_12600,64,Male,55,192,112,5893.28,4,0
CUST_12601,57,Female,61,46,113,14308.86,6,0
CUST_12602,24,Female,62,295,74,8415.72,5,0
CUST_12603,63,Female,31,269,61,8671.02,1,0
CUST_12604,40,Male,27,41,53,1504.36,2,0
CUST_12605,36,Female,1,139,118,7332.47,8,1
CUST_12606,63,Female,41,41,58,5755.01,5,0
CUST_12607,39,Male,14,331,63,8247.19,1,0
CUST_12608,30,Male,50,175,13,468.13,4,0
CUST_12609,38,Female,42,291,45,5908.0,9,1
CUST_12610,18,Male,71,323,98,2356.08,8,0
CUST_12611,36,Male,40,280,97,7666.7,3,0
CUST_12612,50,Female,14,94,55,1452.0,1,0
CUST_12613,21,Male,11,352,33,1162.67,1,0
CUST_12614,59,Female,63,340,62,7416.08,9,1
CUST_12615,20,Female,49,205,39,683.09,3,0
CUST_12616,44,Male,37,56,13,1169.66,6,0
CUST_12617,69,Female,10,231,81,2289.93,4,0
CUST_12618,58,Male,54,260,73,9089.98,6,1
CUST_12619,52,Female,7,220,13,1613.33,3,0
CUST_12620,45,Female,12,168,16,1758.03,0,0
CUST_12621,23,Male,55,171,101,11822.22,3,0
CUST_12622,23,Female,36,314,54,5116.76,4,0
CUST_12623,61,Female,7,318,30,2416.24,5,1
CUST_12624,40,Male,24,137,39,2744.4,3,0
CUST_12625,50,Male,34,278,97,10114.94,6,0
CUST_12626,33,Male,65,260,104,6934.5,3,0
CUST_12627,41,Female,29,291,64,984.12,3,0
CUST_12628,22,Male,26,289,70,2002.08,5,1
CUST_12629,58,Male,65,135,12,1235.94,0,0
CUST_12630,59,Male,45,105,2,128.53,8,0
CUST_12631,30,Female,17,227,33,4903.45,5,1
CUST_12632,64,Female,36,190,15,941.69,3,0
CUST_12633,29,Female,63,195,81,2400.62,3,0
CUST_12634,22,Male,23,64,52,3085.24,8,0
CUST_12635,54,Male,66,171,35,3770.36,8,0
CUST_12636,48,Male,42,18,95,8200.14,5,0
CUST_12637,45,Male,71,259,94,9154.65,4,0
CUST_12638,45,Female,71,315,38,1140.65,0,0
CUST_12639,47,Male,43,190,80,10131.4,8,0
CUST_12640,35,Female,55,295,42,5746.54,5,0
CUST_12641,61,Female,56,320,109,3773.83,8,0
CUST_12642,44,Female,31,253,104,10350.96,1,0
CUST_12643,52,Female,56,81,81,3727.48,7,0
CUST_12644,43,Female,48,60,7,277.25,6,0
CUST_12645,56,Male,52,105,56,2386.53,0,0
CUST_12646,66,Female,1,261,5,426.89,5,0
CUST_12647,68,Female,2,255,40,5383.86,7,1
CUST_12648,35,Female,42,46,61,7656.21,9,0
CUST_12649,50,Male,9,132,91,3126.47,9,1
CUST_12650,42,Male,31,14,65,5449.55,0,0
CUST_12651,48,Female,2,267,66,2334.38,9,1
CUST_12652,54,Male,24,22,68,5041.29,2,0
CUST_12653,19,Male,43,106,65,5911.16,0,0
CUST_12654,50,Male,70,5,93,11584.37,3,0
CUST_12655,56,Female,43,181,85,11158.47,3,0
CUST_12656,60,Male,51,149,42,787.06,5,0
CUST_12657,60,Female,46,335,35,3781.54,5,0
CUST_12658,49,Male,1,280,98,6896.4,1,0
CUST_12659,35,Male,67,13,103,8427.33,6,0
CUST_12660,34,Female,1,352,66,2966.62,6,1
CUST_12661,51,Female,63,26,25,490.66,5,0
CUST_12662,56,Male,62,40,6,766.67,8,0
CUST_12663,24,Male,61,282,8,369.08,3,0
CUST_12664,59,Male,40,286,35,4684.41,7,1
CUST_12665,52,Male,29,64,53,1293.72,1,0
CUST_12666,47,Female,35,111,19,1332.63,9,0
CUST_12667,29,Male,11,329,9,1036.95,3,0
CUST_12668,52,Male,11,88,33,1638.81,6,0
CUST_12669,28,Male,63,124,8,1164.81,6,0
CUST_12670,61,Male,69,146,38,3840.36,3,0
CUST_12671,21,Female,56,214,32,1419.13,8,0
CUST_12672,42,Male,7,128,23,2809.17,1,0
CUST_12673,65,Male,51,294,34,5029.17,5,0
CUST_12674,49,Male,39,149,87,4230.6,2,0
CUST_12675,37,Female,42,327,46,5797.76,1,0
CUST_12676,67,Female,53,140,32,4701.78,0,0
CUST_12677,48,Male,21,292,1,44.8,9,1
CUST_12678,21,Female,30,122,7,326.63,7,0
CUST_12679,55,Female,1,11,107,11963.7,1,0
CUST_12680,64,Male,24,283,112,16053.97,3,0
CUST_12681,18,Male,6,252,24,2612.69,2,1
CUST_12682,20,Female,6,194,2,166.25,7,0
CUST_12683,54,Female,69,330,18,525.71,6,0
CUST_12684,39,Female,62,195,83,11602.62,3,0
CUST_12685,34,Male,35,81,106,2578.83,5,0
CUST_12686,31,Female,35,107,100,4355.75,4,0
CUST_12687,58,Male,48,321,56,4247.65,1,0
CUST_12688,52,Female,43,206,92,7597.73,6,0
CUST_12689,30,Female,35,209,99,2222.46,8,0
CUST_12690,52,Female,5,127,32,835.53,7,1
CUST_12691,60,Male,31,34,77,2455.68,6,0
CUST_12692,19,Male,31,64,70,1425.13,5,0
CUST_12693,64,Female,8,17,93,13666.84,1,0
CUST_12694,30,Male,6,249,10,471.23,5,1
CUST_12695,68,Male,53,105,40,5349.42,0,0
CUST_12696,33,Male,44,345,74,8945.52,5,0
CUST_12697,35,Male,49,108,34,3750.01,6,0
CUST_12698,24,Female,8,222,84,8720.77,3,0
CUST_12699,62,Male,64,176,111,9136.8,9,0
CUST_12700,53,Male,4,228,33,3006.86,6,1
CUST_12701,58,Male,32,190,75,10142.92,8,0
CUST_12702,47,Female,53,213,88,10557.0,0,0
CUST_12703,59,Female,67,221,97,4477.69,3,0
CUST_12704,58,Female,63,324,57,1657.06,9,0
CUST_12705,24,Female,60,162,22,1202.39,3,0
CUST_12706,32,Male,33,298,48,1578.77,3,0
CUST_12707,57,Female,22,249,76,10932.79,0,0
CUST_12708,36,Female,31,190,94,6266.89,6,0
CUST_12709,60,Female,24,12,32,1228.35,7,1
CUST_12710,54,Male,3,68,108,10694.12,6,0
CUST_12711,19,Female,33,41,83,5707.17,1,0
CUST_12712,59,Female,26,260,45,1999.12,3,0
CUST_12713,65,Female,51,126,104,2369.71,1,0
CUST_12714,30,Female,30,226,2,54.97,6,1
CUST_12715,57,Male,35,210,115,10470.51,3,0
CUST_12716,58,Male,25,333,78,9071.14,6,1
CUST_12717,60,Female,28,330,55,7698.95,5,0
CUST_12718,60,Male,26,265,59,5547.98,9,0
CUST_12719,48,Female,8,171,33,3402.84,9,1
CUST_12720,33,Male,15,1,96,4576.14,2,0
CUST_12721,59,Male,49,364,105,5464.1,8,1
CUST_12722,61,Male,8,349,83,5923.81,7,1
CUST_12723,23,Female,55,209,14,1851.91,6,0
CUST_12724,45,Male,58,241,68,5016.51,2,0
CUST_12725,49,Female,3,72,66,3125.14,4,0
CUST_12726,61,Female,9,273,74,10295.78,7,0
CUST_12727,27,Female,14,89,59,4162.08,1,0
CUST_12728,67,Male,20,20,93,2393.25,3,0
CUST_12729,35,Female,4,315,15,1329.59,4,1
CUST_12730,21,Female,24,141,31,3086.63,1,0
CUST_12731,26,Male,28,333,97,13965.75,5,0
CUST_12732,24,Female,31,175,29,3592.83,6,0
CUST_12733,67,Male,67,50,75,2148.77,7,0
CUST_12734,25,Male,64,94,112,9420.31,3,0
CUST_12735,60,Male,17,168,109,8022.99,4,0
CUST_12736,24,Female,6,55,104,7083.95,2,0
CUST_12737,58,Female,60,51,73,2472.86,4,0
CUST_12738,57,Male,11,332,47,3086.52,5,1
CUST_12739,20,Female,38,270,57,4472.34,3,0
CUST_12740,34,Female,34,362,58,2583.78,5,0
CUST_12741,19,Female,47,145,93,8624.87,8,0
CUST_12742,32,Female,32,77,101,4532.18,3,0
CUST_12743,63,Male,57,129,85,2667.13,6,0
CUST_12744,46,Female,46,111,31,4582.98,7,0
CUST_12745,67,Female,35,1,53,5720.51,9,0
CUST_12746,65,Female,22,26,86,8195.61,2,0
CUST_12747,69,Male,16,116,64,3789.63,6,0
CUST_12748,39,Male,5,174,116,5002.61,8,1
CUST_12749,21,Female,26,13,82,2685.66,9,1
CUST_12750,69,Male,24,34,2,46.91,0,0
CUST_12751,23,Male,67,318,60,6567.67,0,0
CUST_12752,55,Female,32,232,86,4496.71,6,0
CUST_12753,43,Male,23,73,101,5852.64,1,0
CUST_12754,28,Female,49,51,84,3085.63,7,0
CUST_12755,43,Male,62,211,48,1479.22,5,0
CUST_12756,34,Female,66,215,48,3927.57,1,0
CUST_12757,41,Female,11,41,118,13359.31,3,0
CUST_12758,45,Female,18,311,61,9075.33,6,1
CUST_12759,52,Male,10,94,4,243.33,7,1
CUST_12760,48,Female,60,189,26,2720.07,4,0
CUST_12761,30,Male,8,135,84,2576.19,1,0
CUST_12762,52,Male,71,206,22,1980.36,1,0
CUST_12763,33,Female,48,2,43,3652.47,3,0
CUST_12764,32,Female,41,204,20,386.56,2,0
CUST_12765,60,Female,8,241,93,7458.89,6,0
CUST_12766,35,Male,37,258,48,3930.41,4,0
CUST_12767,64,Female,37,156,95,6196.15,4,0
CUST_12768,54,Female,64,54,61,5638.16,9,0
CUST_12769,65,Male,59,94,23,486.48,7,1
CUST_12770,65,Female,45,314,108,13932.03,0,0
CUST_12771,66,Female,16,61,61,5201.42,5,0
CUST_12772,58,Male,26,360,102,1972.7,5,1
CUST_12773,44,Female,31,168,80,11824.69,3,0
CUST_12774,52,Male,27,274,63,4191.81,6,0
CUST_12775,69,Male,43,25,19,2815.96,8,0
CUST_12776,62,Male,15,356,75,2950.86,8,1
CUST_12777,52,Female,58,48,76,1447.51,7,0
CUST_12778,45,Male,49,189,100,11130.68,0,0
CUST_12779,56,Male,25,53,13,1854.22,8,0
CUST_12780,55,Female,68,241,2,50.95,3,1
CUST_12781,26,Male,36,27,51,5829.1,2,0
CUST_12782,29,Female,47,59,75,1825.71,1,0
CUST_12783,32,Male,59,186,1,122.18,3,0
CUST_12784,38,Male,52,141,41,3832.3,6,0
CUST_12785,69,Male,40,57,10,1205.46,9,0
CUST_12786,52,Male,43,195,3,195.45,0,0
CUST_12787,59,Female,56,106,8,1097.82,1,0
CUST_12788,50,Male,3,280,80,4468.75,0,0
CUST_12789,68,Female,71,168,36,1916.37,5,0
CUST_12790,36,Male,12,335,107,15481.36,9,1
CUST_12791,40,Female,65,246,40,1263.21,6,1
CUST_12792,30,Female,43,340,39,3704.81,7,1
CUST_12793,61,Male,70,214,84,7769.23,1,0
CUST_12794,18,Female,46,2,47,2207.1,0,0
CUST_12795,68,Female,60,304,119,6878.89,1,0
CUST_12796,46,Female,61,354,60,3221.37,7,1
CUST_12797,41,Male,49,182,8,1033.75,4,0
CUST_12798,33,Male,25,302,74,5001.64,5,0
CUST_12799,42,Male,3,183,115,7293.84,3,0
CUST_12800,40,Female,68,95,37,3735.42,2,0
CUST_12801,45,Female,63,156,63,5159.28,8,0
CUST_12802,64,Female,30,180,96,6960.61,4,0
CUST_12803,33,Male,4,97,27,2990.84,6,0
CUST_12804,60,Male,71,277,95,6716.84,6,0
CUST_12805,55,Male,21,238,3,134.97,6,0
CUST_12806,28,Male,71,343,39,4490.82,7,1
CUST_12807,20,Male,1,298,6,144.93,2,0
CUST_12808,32,Male,60,13,81,12146.46,0,0
CUST_12809,18,Female,34,301,10,955.45,3,0
CUST_12810,24,Male,3,346,85,3757.07,0,0
CUST_12811,18,Male,18,182,29,1210.88,3,0
CUST_12812,66,Female,43,155,29,1506.6,1,0
CUST_12813,49,Female,41,251,20,2674.03,7,1
CUST_12814,26,Male,24,281,79,10001.63,5,1
CUST_12815,46,Female,24,177,66,2277.75,4,0
CUST_12816,43,Male,3,360,97,9312.53,1,0
CUST_12817,40,Male,59,71,12,1655.66,9,0
CUST_12818,62,Female,58,84,13,1481.65,2,0
CUST_12819,60,Female,24,189,108,10185.13,8,0
CUST_12820,46,Female,66,92,108,4661.83,4,0
CUST_12821,69,Female,40,69,39,5552.68,1,0
CUST_12822,55,Male,71,308,39,5280.35,0,0
CUST_12823,50,Female,9,164,102,5953.27,4,0
CUST_12824,24,Male,60,179,45,3698.44,2,0
CUST_12825,29,Male,39,33,85,2214.12,4,0
CUST_12826,48,Male,33,53,41,4110.11,7,0
CUST_12827,49,Male,34,216,80,1787.3,3,0
CUST_12828,37,Female,62,202,98,13456.6,5,0
CUST_12829,68,Female,61,38,91,12180.62,7,0
CUST_12830,34,Female,27,261,43,2278.83,2,1
CUST_12831,53,Female,17,31,62,7140.95,9,0
CUST_12832,20,Female,60,288,3,222.94,7,0
CUST_12833,18,Female,42,5,9,1162.11,0,0
CUST_12834,67,Female,47,179,44,1025.13,9,1
CUST_12835,44,Male,53,54,34,2831.2,3,0
CUST_12836,64,Male,21,219,19,1304.3,5,0
CUST_12837,57,Female,8,284,102,5115.27,3,0
CUST_12838,50,Female,58,268,90,3892.76,6,0
CUST_12839,37,Female,68,200,87,9250.87,3,0
CUST_12840,31,Male,63,273,18,760.61,5,0
CUST_12841,53,Female,59,264,109,10937.77,9,0
CUST_12842,22,Female,30,226,46,3110.1,3,0
CUST_12843,40,Female,25,18,104,4966.28,5,0
CUST_12844,62,Male,56,243,41,4952.86,7,0
CUST_12845,32,Male,34,117,109,6989.7,1,0
CUST_12846,23,Male,50,10,49,833.88,4,0
CUST_12847,50,Female,2,39,102,13250.27,6,0
CUST_12848,36,Male,53,41,52,2987.98,4,0
CUST_12849,30,Male,41,108,74,9324.9,6,0
CUST_12850,46,Male,23,44,43,3816.47,2,0
CUST_12851,23,Male,61,197,10,1339.79,3,0
CUST_12852,32,Male,31,299,85,6072.33,4,0
CUST_12853,33,Male,66,209,38,1439.41,2,0
CUST_12854,41,Female,2,176,38,662.38,5,0
CUST_12855,40,Male,69,275,47,5644.78,9,1
CUST_12856,65,Male,60,277,7,841.42,6,0
CUST_12857,27,Male,23,236,12,496.91,5,0
CUST_12858,58,Female,57,3,52,7487.31,5,0
CUST_12859,58,Male,35,360,105,15028.35,4,0
CUST_12860,66,Male,1,312,33,2123.3,5,1
CUST_12861,34,Male,48,344,89,3108.28,5,0
CUST_12862,66,Female,49,254,92,4906.03,9,1
CUST_12863,61,Female,40,36,24,3370.96,7,0
CUST_12864,62,Male,62,6,48,4669.15,0,0
CUST_12865,47,Male,15,330,31,4291.69,1,0
CUST_12866,61,Male,30,302,82,1482.6,5,0
CUST_12867,63,Female,21,20,23,3421.79,5,0
CUST_12868,27,Female,8,291,71,7084.33,6,1
CUST_12869,36,Male,7,162,114,4568.39,0,0
CUST_12870,46,Female,34,238,72,6005.86,5,0
CUST_12871,19,Male,64,47,118,14834.14,7,0
CUST_12872,53,Female,42,292,15,510.7,2,0
CUST_12873,36,Female,53,16,38,3692.08,3,0
CUST_12874,24,Female,70,108,28,3041.65,0,0
CUST_12875,43,Male,10,177,91,6436.53,2,0
CUST_12876,32,Female,58,65,21,1850.44,6,0
CUST_12877,64,Male,4,63,108,13828.44,8,1
CUST_12878,55,Male,8,308,27,3874.16,1,0
CUST_12879,20,Male,12,73,47,4221.33,5,0
CUST_12880,55,Male,25,204,56,6151.83,6,0
CUST_12881,33,Male,27,254,111,6502.25,1,0
CUST_12882,19,Female,2,60,106,6370.37,7,0
CUST_12883,48,Female,55,101,105,14168.14,1,0
CUST_12884,45,Male,58,17,14,396.46,9,0
CUST_12885,24,Male,33,195,21,897.56,4,0
CUST_12886,47,Male,49,251,14,720.1,9,1
CUST_12887,60,Male,5,38,113,3134.41,9,0
CUST_12888,24,Male,47,285,107,11248.72,5,0
CUST_12889,53,Male,24,31,70,9614.28,0,0
CUST_12890,46,Female,44,310,76,1416.97,6,1
CUST_12891,41,Female,68,358,28,1373.67,5,0
CUST_12892,69,Female,14,181,113,15738.94,3,0
CUST_12893,56,Female,36,282,93,7241.0,1,0
CUST_12894,21,Male,51,141,37,4978.72,5,0
CUST_12895,46,Male,6,245,102,14529.42,8,1
CUST_12896,61,Female,17,275,67,9968.02,7,0
CUST_12897,22,Female,51,224,33,2257.91,9,1
CUST_12898,46,Female,52,27,114,6988.39,5,0
CUST_12899,47,Male,12,250,110,12767.28,4,0
CUST_12900,46,Female,1,231,12,1143.19,9,1
CUST_12901,43,Male,11,13,12,1247.91,6,0
CUST_12902,36,Female,16,308,75,6515.17,2,0
CUST_12903,43,Female,9,98,92,7765.64,8,0
CUST_12904,54,Male,8,192,51,2933.55,5,0
CUST_12905,44,Female,25,186,35,3339.21,1,0
CUST_12906,47,Female,40,19,98,5018.49,4,0
CUST_12907,68,Female,67,339,86,5419.2,8,1
CUST_12908,47,Male,23,259,103,10313.42,5,0
CUST_12909,20,Female,62,67,117,11810.5,8,0
CUST_12910,60,Male,23,26,87,8083.24,0,0
CUST_12911,24,Female,44,6,12,1273.06,1,0
CUST_12912,66,Male,56,141,19,1341.56,8,0
CUST_12913,26,Male,68,238,95,9047.57,8,0
CUST_12914,58,Male,23,230,59,1643.95,0,0
CUST_12915,59,Male,9,27,117,9395.43,4,0
CUST_12916,30,Male,4,105,13,1223.51,5,0
CUST_12917,32,Male,34,344,19,1367.96,4,0
CUST_12918,22,Male,34,10,36,622.45,9,0
CUST_12919,46,Male,42,272,86,9428.63,2,0
CUST_12920,52,Male,3,279,108,8261.04,5,1
CUST_12921,44,Male,34,303,94,3385.75,8,1
CUST_12922,44,Female,43,12,4,585.16,9,1
CUST_12923,25,Female,67,156,13,1848.94,3,0
CUST_12924,49,Male,37,77,84,3059.5,1,0
CUST_12925,37,Female,12,18,103,11378.71,2,0
CUST_12926,27,Female,16,58,6,509.19,6,0
CUST_12927,30,Male,62,130,44,2378.42,0,0
CUST_12928,46,Male,17,174,76,8161.66,6,0
CUST_12929,52,Male,15,87,80,6036.52,9,0
CUST_12930,25,Female,26,320,109,14856.53,9,1
CUST_12931,46,Male,45,343,81,8909.23,6,0
CUST_12932,48,Female,2,54,8,668.19,9,0
CUST_12933,58,Male,17,78,33,2508.14,9,0
CUST_12934,47,Female,65,204,108,2080.37,5,0
CUST_12935,39,Male,30,270,52,1909.2,1,0
CUST_12936,38,Male,68,172,103,2171.79,0,0
CUST_12937,29,Male,44,38,117,2756.87,2,0
CUST_12938,28,Female,60,186,76,1828.37,8,1
CUST_12939,19,Male,1,361,90,1521.1,9,1
CUST_12940,67,Male,19,236,83,10112.04,4,0
CUST_12941,58,Female,33,16,13,1034.89,4,0
CUST_12942,19,Female,36,226,10,1161.35,9,1
CUST_12943,51,Male,24,338,34,1279.86,9,1
CUST_12944,20,Male,25,74,95,12213.57,3,0
CUST_12945,33,Male,11,211,27,748.02,3,0
CUST_12946,68,Male,9,286,58,3391.75,6,1
CUST_12947,21,Female,6,324,67,4358.01,9,1
CUST_12948,40,Male,58,327,44,2060.24,1,0
CUST_12949,67,Female,29,336,69,2313.98,6,1
CUST_12950,37,Male,11,115,5,498.96,3,0
CUST_12951,42,Male,23,247,37,597.4,5,0
CUST_12952,47,Female,26,37,71,8652.84,0,0
CUST_12953,35,Female,1,55,104,2154.18,6,0
CUST_12954,59,Male,47,167,56,8128.2,2,0
CUST_12955,28,Female,41,177,51,6743.1,8,0
CUST_12956,46,Female,23,353,56,3974.07,4,0
CUST_12957,34,Male,5,191,112,3837.73,5,0
CUST_12958,43,Male,50,99,42,5566.51,9,0
CUST_12959,40,Male,9,112,13,1325.48,5,0
CUST_12960,69,Female,4,118,34,2826.93,6,0
CUST_12961,65,Male,71,162,100,5812.0,2,0
CUST_12962,37,Female,65,57,34,3086.29,0,0
CUST_12963,62,Female,57,353,53,3765.36,0,0
CUST_12964,19,Female,25,62,3,233.47,6,0
CUST_12965,41,Female,58,39,74,9556.07,9,0
CUST_12966,48,Male,6,330,107,15363.45,1,0
CUST_12967,44,Female,14,323,99,14351.28,6,0
CUST_12968,19,Female,63,29,37,5090.13,7,0
CUST_12969,31,Female,65,227,52,6411.88,0,0
CUST_12970,21,Female,52,31,6,457.46,4,0
CUST_12971,66,Female,65,316,21,565.17,9,0
CUST_12972,30,Male,8,39,45,4505.97,1,0
CUST_12973,53,Male,8,1,5,346.37,2,0
CUST_12974,52,Male,14,56,3,323.26,4,0
CUST_12975,61,Female,24,357,20,896.12,9,1
CUST_12976,25,Female,64,186,94,11114.42,4,0
CUST_12977,19,Male,25,91,76,2890.96,1,0
CUST_12978,23,Female,6,199,61,7573.61,3,0
CUST_12979,48,Male,1,171,35,4832.82,6,1
CUST_12980,27,Male,33,225,32,4369.33,5,0
CUST_12981,61,Male,14,182,19,1174.03,2,0
CUST_12982,38,Female,63,130,15,1014.37,3,0
CUST_12983,59,Female,56,142,74,9482.67,6,0
CUST_12984,27,Female,62,362,57,6181.15,0,0
CUST_12985,40,Male,28,131,26,2238.64,7,0
CUST_12986,20,Female,29,142,70,10127.46,7,0
CUST_12987,49,Female,23,5,112,9485.91,2,0
CUST_12988,37,Male,44,337,111,5318.6,5,0
CUST_12989,27,Female,38,167,90,9610.86,1,0
CUST_12990,46,Female,49,120,2,168.3,7,0
CUST_12991,58,Female,43,43,49,2084.02,7,0
CUST_12992,69,Male,10,92,48,1707.75,2,0
CUST_12993,68,Female,27,230,32,2013.89,5,0
CUST_12994,63,Female,8,240,3,438.11,0,0
CUST_12995,51,Female,68,187,83,2878.29,3,0
CUST_12996,54,Male,30,78,100,7864.23,8,0
CUST_12997,37,Female,13,271,20,1182.7,6,1
CUST_12998,25,Male,58,46,94,13376.93,3,0
CUST_12999,24,Male,3,7,37,2440.58,2,0
CUST_13000,23,Female,5,170,109,4964.36,9,1
CUST_13001,28,Female,22,115,20,1591.19,7,1
CUST_13002,61,Female,58,263,60,2144.86,7,1
CUST_13003,35,Female,66,344,98,6489.98,5,0
CUST_13004,68,Male,40,346,59,6719.07,6,1
CUST_13005,59,Male,5,239,108,10358.4,1,0
CUST_13006,46,Female,16,275,81,1334.69,2,0
CUST_13007,42,Female,15,309,42,3453.19,3,0
CUST_13008,38,Female,18,346,23,2869.81,5,0
CUST_13009,63,Female,47,16,41,3730.1,1,0
CUST_13010,20,Female,4,62,73,5730.78,2,0
CUST_13011,35,Female,53,194,27,1917.95,7,0
CUST_13012,41,Male,58,321,81,7083.32,2,0
CUST_13013,64,Male,58,292,105,2623.59,9,0
CUST_13014,55,Male,59,163,46,5655.93,7,0
CUST_13015,27,Female,34,235,17,2220.78,6,0
CUST_13016,44,Female,30,280,113,10730.87,8,1
CUST_13017,29,Female,54,241,2,294.33,5,0
CUST_13018,24,Male,68,325,15,1349.33,4,0
CUST_13019,34,Female,68,233,75,1400.04,1,0
CUST_13020,18,Female,26,129,118,9159.2,0,0
CUST_13021,67,Male,3,123,57,3932.1,3,0
CUST_13022,43,Female,57,137,101,4161.46,6,0
CUST_13023,32,Male,37,356,41,3573.16,2,0
CUST_13024,68,Male,38,15,73,5576.92,4,0
CUST_13025,50,Male,41,330,14,533.49,7,1
CUST_13026,54,Male,4,229,8,666.59,1,0
CUST_13027,64,Female,26,144,107,13658.32,8,0
CUST_13028,48,Male,39,230,76,6364.96,4,0
CUST_13029,52,Female,42,176,7,310.46,4,0
CUST_13030,18,Male,11,292,67,7208.86,2,0
CUST_13031,25,Male,11,246,26,3442.99,1,0
CUST_13032,29,Female,54,53,3,184.78,8,0
CUST_13033,36,Female,38,335,46,1131.32,3,0
CUST_13034,42,Male,20,147,4,554.02,4,0
CUST_13035,49,Female,26,41,57,6104.68,2,0
CUST_13036,29,Female,14,293,96,14289.05,5,0
CUST_13037,30,Male,50,240,46,5003.12,4,0
CUST_13038,45,Male,25,195,14,444.76,2,0
CUST_13039,18,Male,55,136,3,220.42,9,0
CUST_13040,68,Female,51,88,13,270.22,0,0
CUST_13041,23,Male,10,270,8,488.81,9,1
CUST_13042,25,Male,14,254,56,6776.82,2,0
CUST_13043,21,Male,5,189,102,9181.01,2,0
CUST_13044,22,Male,57,291,2,153.91,4,0
CUST_13045,42,Female,22,71,102,13204.8,8,0
CUST_13046,39,Female,29,233,116,4513.45,3,0
CUST_13047,45,Male,7,8,46,4034.85,1,0
CUST_13048,56,Male,18,268,31,3174.3,0,0
CUST_13049,40,Male,31,336,103,14417.77,6,0
CUST_13050,21,Female,43,115,91,3375.55,8,0
CUST_13051,69,Female,35,324,81,8942.62,5,0
CUST_13052,21,Male,71,301,35,741.51,8,1
CUST_13053,64,Male,4,297,62,5677.99,3,0
CUST_13054,38,Male,51,237,46,4695.38,5,0
CUST_13055,54,Female,30,317,24,3081.35,1,0
CUST_13056,58,Female,53,76,65,3816.63,9,0
CUST_13057,19,Male,14,99,93,10141.99,4,0
CUST_13058,24,Male,36,323,90,2476.25,6,0
CUST_13059,66,Male,12,2,44,1981.97,5,0
CUST_13060,33,Female,34,122,99,11822.73,0,0
CUST_13061,34,Male,26,185,51,6910.92,2,0
CUST_13062,37,Male,6,16,108,1856.91,4,0
CUST_13063,40,Female,53,279,88,3297.16,8,0
CUST_13064,51,Male,15,351,46,1995.11,0,0
CUST_13065,28,Female,19,41,33,2808.88,9,0
CUST_13066,51,Male,47,55,64,2292.1,8,0
CUST_13067,50,Female,61,208,26,3815.98,0,0
CUST_13068,43,Male,52,132,101,6803.5,1,0
CUST_13069,19,Female,18,356,39,1336.93,3,1
CUST_13070,40,Male,60,284,116,13864.5,5,0
CUST_13071,58,Male,47,178,58,5268.98,0,0
CUST_13072,39,Female,57,242,115,15916.44,6,0
CUST_13073,51,Female,33,242,26,3673.94,8,1
CUST_13074,32,Male,32,284,102,13315.56,8,1
CUST_13075,27,Female,4,123,117,10668.76,8,0
CUST_13076,32,Male,41,282,114,5135.83,1,0
CUST_13077,59,Female,19,167,102,7431.58,1,0
CUST_13078,46,Male,7,13,75,6010.79,0,0
CUST_13079,40,Male,26,71,93,13642.71,9,0
CUST_13080,34,Male,51,54,93,4566.53,1,0
CUST_13081,26,Female,56,13,67,4937.1,2,0
CUST_13082,67,Female,71,59,73,6636.9,1,0
CUST_13083,53,Male,51,260,99,6712.53,4,0
CUST_13084,26,Female,8,80,57,1783.18,3,0
CUST_13085,33,Male,13,60,70,9464.67,6,0
CUST_13086,53,Male,32,47,73,8990.95,6,0
CUST_13087,65,Female,34,333,8,397.02,6,0
CUST_13088,68,Male,18,202,91,6862.25,4,0
CUST_13089,50,Female,55,261,34,3884.84,9,1
CUST_13090,48,Female,43,36,115,16839.68,3,0
CUST_13091,23,Male,24,19,88,3310.04,7,0
CUST_13092,27,Female,21,256,112,11326.35,3,0
CUST_13093,33,Male,18,286,69,8650.49,4,0
CUST_13094,21,Male,14,41,10,184.97,7,0
CUST_13095,39,Male,53,284,84,10456.59,2,0
CUST_13096,30,Male,19,287,22,2676.01,6,1
CUST_13097,33,Male,57,228,12,1676.04,0,0
CUST_13098,69,Female,64,171,108,2850.89,1,0
CUST_13099,46,Female,2,245,29,921.58,1,0
CUST_13100,23,Female,57,12,31,2635.69,4,0
CUST_13101,43,Male,34,215,6,796.02,1,0
CUST_13102,28,Male,49,140,110,14636.48,3,0
CUST_13103,41,Female,54,298,7,766.56,0,0
CUST_13104,46,Male,22,346,117,8842.88,5,0
CUST_13105,20,Female,44,185,97,4481.7,9,1
CUST_13106,69,Female,35,212,110,8699.0,0,0
CUST_13107,27,Female,29,272,79,3499.99,1,0
CUST_13108,18,Male,6,99,13,1551.65,3,0
CUST_13109,69,Male,37,132,63,4529.92,3,0
CUST_13110,60,Female,58,115,24,2107.53,8,0
CUST_13111,43,Female,64,269,94,10051.05,4,0
CUST_13112,29,Male,31,60,97,8348.55,9,0
CUST_13113,31,Female,50,284,84,9825.19,3,0
CUST_13114,42,Male,60,109,19,2301.25,4,0
CUST_13115,25,Female,14,348,83,3964.84,6,1
CUST_13116,60,Female,70,22,102,5635.39,8,0
CUST_13117,21,Male,11,341,88,2024.74,8,1
CUST_13118,45,Male,27,27,69,1865.85,0,0
CUST_13119,24,Male,69,214,22,2793.54,3,0
CUST_13120,27,Male,38,44,60,2633.4,3,0
CUST_13121,68,Male,62,80,22,2808.95,6,0
CUST_13122,53,Male,53,280,92,13624.61,5,0
CUST_13123,19,Male,18,174,17,812.25,7,0
CUST_13124,43,Female,52,273,95,7329.29,3,0
CUST_13125,67,Female,24,261,47,4112.65,7,1
CUST_13126,31,Male,7,38,7,995.96,5,0
CUST_13127,33,Male,14,59,17,664.96,1,0
CUST_13128,60,Male,50,182,76,9717.16,0,0
CUST_13129,59,Female,24,105,62,8946.64,9,0
CUST_13130,34,Female,13,96,63,5660.31,8,0
CUST_13131,63,Female,19,90,7,249.01,7,0
CUST_13132,39,Male,29,71,29,1741.84,0,0
CUST_13133,21,Female,22,100,109,15748.05,3,0
CUST_13134,36,Female,2,311,72,2715.13,1,0
CUST_13135,19,Female,36,327,4,323.32,1,0
CUST_13136,56,Female,38,171,104,4225.63,6,0
CUST_13137,26,Male,18,347,118,16172.72,9,1
CUST_13138,36,Female,51,166,16,1515.34,4,0
CUST_13139,33,Female,15,240,80,11172.15,1,0
CUST_13140,42,Male,52,216,86,12275.04,0,0
CUST_13141,65,Male,17,344,75,6075.81,0,0
CUST_13142,35,Male,22,61,59,8349.02,3,0
CUST_13143,40,Male,54,186,41,618.92,3,0
CUST_13144,38,Male,52,364,118,4830.25,1,0
CUST_13145,28,Female,46,182,60,6845.39,1,0
CUST_13146,56,Female,4,219,75,6455.69,3,0
CUST_13147,58,Female,7,34,69,10265.72,7,0
CUST_13148,21,Female,10,45,106,12813.09,5,0
CUST_13149,42,Female,15,138,58,6070.1,0,0
CUST_13150,49,Female,26,186,102,14090.56,7,1
CUST_13151,47,Female,40,350,112,6778.48,4,0
CUST_13152,62,Male,61,28,76,2859.36,9,0
CUST_13153,43,Male,16,106,40,3554.23,5,0
CUST_13154,53,Male,18,286,89,4200.27,6,0
CUST_13155,68,Male,2,284,58,2689.58,9,1
CUST_13156,51,Male,54,157,61,3437.39,5,0
CUST_13157,26,Female,18,287,45,4776.47,2,0
CUST_13158,29,Female,54,107,77,1400.22,9,0
CUST_13159,19,Male,38,233,48,6227.93,1,0
CUST_13160,55,Female,15,196,90,8786.37,1,0
CUST_13161,22,Male,64,339,11,617.11,2,0
CUST_13162,22,Female,8,202,56,1695.07,5,0
CUST_13163,69,Female,46,109,104,12651.94,0,0
CUST_13164,39,Female,39,31,23,1700.13,2,0
CUST_13165,22,Male,52,226,77,5680.01,1,0
CUST_13166,21,Female,8,41,33,2589.88,3,0
CUST_13167,26,Male,50,64,52,3685.93,0,0
CUST_13168,46,Female,50,231,116,9778.2,2,0
CUST_13169,39,Male,68,170,28,2803.87,3,0
CUST_13170,44,Female,27,300,115,8416.47,4,0
CUST_13171,27,Male,38,139,4,585.31,3,0
CUST_13172,33,Female,21,292,92,6318.15,4,0
CUST_13173,59,Male,45,364,98,4307.04,0,0
CUST_13174,59,Female,58,236,115,16941.14,7,0
CUST_13175,68,Female,23,288,51,2803.72,1,0
CUST_13176,27,Male,54,360,10,988.09,5,1
CUST_13177,23,Male,30,67,113,14335.29,1,0
CUST_13178,66,Female,16,188,119,1848.53,1,0
CUST_13179,22,Male,52,348,52,2765.49,7,0
CUST_13180,23,Male,41,281,72,6249.28,2,0
CUST_13181,64,Male,71,28,9,688.9,7,0
CUST_13182,42,Female,24,211,18,446.9,1,0
CUST_13183,68,Male,20,234,66,4973.27,0,0
CUST_13184,67,Male,27,19,82,2402.86,0,0
CUST_13185,21,Female,2,312,40,1949.3,6,1
CUST_13186,57,Male,60,113,66,7661.7,7,0
CUST_13187,65,Male,51,344,22,860.36,0,0
CUST_13188,49,Female,1,358,80,8385.03,2,0
CUST_13189,68,Female,6,126,101,14780.9,3,0
CUST_13190,69,Male,38,208,96,4640.9,7,0
CUST_13191,52,Male,54,82,74,3702.88,6,0
CUST_13192,27,Female,60,252,105,15085.09,4,0
CUST_13193,51,Male,27,41,34,3562.99,6,0
CUST_13194,53,Female,62,269,48,5710.27,1,0
CUST_13195,23,Female,63,205,16,1949.67,6,0
CUST_13196,60,Female,35,99,49,5563.01,0,0
CUST_13197,63,Female,58,83,98,14393.03,5,0
CUST_13198,33,Female,61,24,101,5261.15,7,0
CUST_13199,36,Female,36,353,63,5353.73,6,1
CUST_13200,51,Female,56,73,40,4186.02,4,0
CUST_13201,42,Female,67,183,56,6186.89,2,0
CUST_13202,48,Male,57,3,98,4012.21,6,0
CUST_13203,66,Male,41,259,108,14384.9,8,0
CUST_13204,58,Male,31,30,77,9624.27,9,0
CUST_13205,34,Female,3,146,48,2431.81,6,0
CUST_13206,64,Female,38,322,37,3272.11,0,0
CUST_13207,47,Female,53,212,12,657.43,9,0
CUST_13208,56,Female,52,27,79,5087.19,6,0
CUST_13209,48,Female,24,356,94,8180.99,9,1
CUST_13210,36,Male,26,105,95,8343.87,1,0
CUST_13211,52,Male,37,110,93,8075.0,6,0
CUST_13212,46,Female,48,19,98,8670.55,4,0
CUST_13213,18,Female,67,16,32,3228.08,5,0
CUST_13214,21,Female,41,282,108,1849.01,5,1
CUST_13215,45,Male,49,270,23,779.15,9,1
CUST_13216,35,Female,28,47,74,5808.07,2,0
CUST_13217,43,Female,32,146,72,7965.56,8,1
CUST_13218,57,Male,71,156,21,1758.77,2,0
CUST_13219,36,Female,71,30,75,7493.04,1,0
CUST_13220,23,Male,32,105,12,1752.52,1,0
CUST_13221,18,Male,38,149,49,5564.39,6,0
CUST_13222,25,Female,20,48,103,14613.85,6,0
CUST_13223,50,Male,8,183,47,825.59,1,0
CUST_13224,68,Male,68,158,83,6255.41,3,0
CUST_13225,60,Female,26,42,98,6160.24,4,0
CUST_13226,38,Female,70,165,62,6835.24,1,0
CUST_13227,41,Male,48,297,38,5338.01,7,0
CUST_13228,42,Female,69,174,98,2002.93,5,0
CUST_13229,64,Male,46,352,110,2500.98,4,0
CUST_13230,60,Female,58,94,26,2751.65,7,0
CUST_13231,36,Female,70,214,40,2468.69,5,0
CUST_13232,46,Male,67,188,16,678.53,8,0
CUST_13233,27,Male,29,88,19,2733.84,6,0
CUST_13234,29,Male,10,257,50,844.76,7,1
CUST_13235,50,Male,71,248,56,2911.29,9,1
CUST_13236,24,Female,65,54,29,1733.59,6,0
CUST_13237,34,Male,65,291,109,13153.63,6,1
CUST_13238,27,Male,17,144,38,3451.73,7,1
CUST_13239,48,Female,22,5,61,3619.16,5,0
CUST_13240,23,Male,14,37,36,1365.0,9,0
CUST_13241,34,Female,6,119,85,3775.18,3,0
CUST_13242,67,Male,30,363,10,202.21,8,1
CUST_13243,54,Female,47,153,47,6014.9,7,0
CUST_13244,35,Female,20,323,87,2681.34,3,0
CUST_13245,43,Female,16,246,44,5548.9,2,0
CUST_13246,66,Male,68,294,116,3919.5,8,1
CUST_13247,33,Male,34,212,108,14828.14,4,0
CUST_13248,25,Male,1,130,62,6609.14,7,0
CUST_13249,41,Male,48,192,7,437.67,8,1
CUST_13250,30,Male,8,197,102,6937.4,5,0
CUST_13251,46,Female,22,256,69,3685.68,8,1
CUST_13252,49,Female,68,148,19,826.96,9,0
CUST_13253,41,Female,34,342,110,15179.36,2,0
CUST_13254,33,Male,60,267,33,1316.59,5,0
CUST_13255,28,Female,45,338,24,930.07,9,1
CUST_13256,49,Female,37,291,107,6809.01,8,1
CUST_13257,23,Female,23,172,23,3401.31,1,0
CUST_13258,52,Female,24,301,86,6687.69,2,0
CUST_13259,50,Female,13,149,100,6297.18,6,0
CUST_13260,35,Female,69,148,53,7939.63,4,0
CUST_13261,54,Male,60,265,110,12639.62,8,0
CUST_13262,30,Female,38,95,21,2993.01,0,0
CUST_13263,27,Female,48,186,82,3985.58,7,0
CUST_13264,54,Female,26,257,102,11915.28,5,0
CUST_13265,43,Female,1,211,91,12306.59,1,0
CUST_13266,63,Male,4,3,37,3199.17,5,0
CUST_13267,34,Female,67,167,49,3538.99,0,0
CUST_13268,18,Female,13,350,25,1373.86,6,1
CUST_13269,42,Male,39,205,39,3571.71,8,1
CUST_13270,51,Female,31,178,30,1228.17,2,0
CUST_13271,56,Male,24,344,43,3151.87,3,1
CUST_13272,27,Male,5,27,78,8357.16,5,0
CUST_13273,37,Female,49,29,98,10100.67,4,0
CUST_13274,24,Male,11,127,54,5912.22,1,0
CUST_13275,33,Female,24,105,32,3013.9,7,0
CUST_13276,54,Female,45,334,95,1458.73,9,1
CUST_13277,46,Female,34,69,49,911.85,9,0
CUST_13278,29,Female,11,107,2,186.67,9,1
CUST_13279,34,Female,57,180,47,6834.03,7,0
CUST_13280,65,Female,29,102,103,4248.82,1,0
CUST_13281,37,Male,22,262,99,11072.82,1,0
CUST_13282,43,Male,33,152,23,1690.1,9,0
CUST_13283,65,Female,49,40,6,202.67,6,0
CUST_13284,36,Female,23,289,85,1656.87,2,0
CUST_13285,64,Male,69,137,90,10017.51,8,0
CUST_13286,29,Male,29,177,94,3236.55,5,0
CUST_13287,38,Female,6,67,41,2266.81,2,0
CUST_13288,59,Female,52,151,42,2905.81,5,0
CUST_13289,51,Female,14,278,117,12904.27,7,1
CUST_13290,24,Female,17,328,94,6328.92,6,1
CUST_13291,62,Male,28,212,53,3558.91,6,1
CUST_13292,52,Female,9,334,72,8799.95,4,1
CUST_13293,32,Female,66,350,39,621.76,9,1
CUST_13294,18,Female,4,116,97,11326.76,3,0
CUST_13295,43,Male,20,136,10,854.27,7,0
CUST_13296,52,Male,41,147,82,7226.41,8,0
CUST_13297,42,Male,36,166,112,6904.82,1,0
CUST_13298,59,Female,6,228,100,2748.57,4,0
CUST_13299,32,Female,65,134,105,2862.56,6,0
CUST_13300,39,Female,50,180,119,7260.6,4,0
CUST_13301,23,Female,64,290,50,5612.78,7,1
CUST_13302,69,Female,3,330,75,10152.92,7,1
CUST_13303,32,Male,37,351,108,13462.24,4,0
CUST_13304,41,Female,3,43,8,981.75,7,0
CUST_13305,38,Male,33,291,1,15.77,1,0
CUST_13306,24,Male,59,139,72,2942.51,4,0
CUST_13307,46,Male,15,253,69,9838.49,4,0
CUST_13308,49,Male,56,346,1,132.47,8,1
CUST_13309,49,Female,61,185,67,2151.28,9,1
CUST_13310,22,Male,68,65,27,2723.83,1,0
CUST_13311,21,Male,71,304,109,8008.46,2,0
CUST_13312,39,Female,68,180,61,978.27,9,1
CUST_13313,35,Female,62,295,48,5904.99,8,0
CUST_13314,52,Female,67,214,23,3273.43,5,0
CUST_13315,34,Male,23,153,44,6129.42,5,1
CUST_13316,67,Male,14,360,103,6888.37,9,1
CUST_13317,67,Female,6,357,40,4854.2,3,1
CUST_13318,41,Female,33,288,11,904.5,2,0
CUST_13319,19,Male,9,123,109,16055.54,7,1
CUST_13320,30,Female,12,94,11,1595.48,0,0
CUST_13321,32,Male,51,82,100,11940.27,8,0
CUST_13322,22,Male,3,108,102,8020.23,0,0
CUST_13323,20,Male,56,240,31,4239.61,1,0
CUST_13324,54,Male,46,67,60,2714.05,3,0
CUST_13325,54,Female,36,268,55,2415.59,4,0
CUST_13326,54,Male,13,243,24,2168.68,3,1
CUST_13327,20,Male,13,276,62,7785.42,9,1
CUST_13328,52,Male,58,306,19,444.29,9,1
CUST_13329,69,Female,34,136,117,14149.3,7,0
CUST_13330,40,Male,43,159,96,13743.23,8,0
CUST_13331,45,Male,28,152,40,3548.39,4,0
CUST_13332,47,Male,56,42,102,4470.68,1,0
CUST_13333,35,Female,47,334,17,1704.69,0,0
CUST_13334,69,Female,35,335,50,2078.59,8,0
CUST_13335,53,Female,19,26,99,6703.64,4,0
CUST_13336,50,Female,51,166,12,1313.4,2,0
CUST_13337,43,Male,20,294,15,997.25,3,0
CUST_13338,65,Female,29,97,39,3135.19,0,0
CUST_13339,57,Male,65,267,13,1151.92,7,0
CUST_13340,34,Male,38,123,94,5717.27,0,0
CUST_13341,57,Female,49,23,106,2682.15,4,0
CUST_13342,24,Female,28,318,19,1595.45,0,0
CUST_13343,25,Male,33,198,73,5902.4,7,1
CUST_13344,48,Male,13,41,57,4136.86,4,0
CUST_13345,29,Male,44,121,92,3671.3,4,0
CUST_13346,65,Female,52,349,108,2382.5,6,0
CUST_13347,48,Male,41,4,60,7595.77,5,0
CUST_13348,61,Female,49,255,107,9294.31,9,1
CUST_13349,36,Male,7,131,56,8251.0,8,0
CUST_13350,27,Male,36,307,25,3675.16,7,1
CUST_13351,56,Male,26,183,104,9704.24,7,0
CUST_13352,29,Male,27,107,105,8522.49,2,0
CUST_13353,37,Male,24,177,4,160.68,2,0
CUST_13354,54,Female,71,72,52,3442.94,4,0
CUST_13355,65,Female,33,70,101,12224.35,7,0
CUST_13356,58,Female,18,69,7,1015.25,2,0
CUST_13357,24,Male,5,264,105,10077.56,2,1
CUST_13358,69,Female,1,123,68,6683.02,7,1
CUST_13359,31,Female,71,227,87,12374.16,3,0
CUST_13360,28,Male,3,183,108,3470.81,0,0
CUST_13361,24,Female,36,227,108,10540.64,4,0
CUST_13362,46,Male,35,72,70,6582.29,4,0
CUST_13363,27,Female,51,8,45,1920.96,3,0
CUST_13364,46,Male,12,72,9,1075.19,5,0
CUST_13365,26,Female,15,212,9,279.83,3,0
CUST_13366,53,Female,4,263,85,2000.7,6,0
CUST_13367,65,Male,56,46,3,241.88,7,0
CUST_13368,27,Female,16,150,77,4270.6,0,0
CUST_13369,36,Female,6,81,63,4654.34,7,0
CUST_13370,48,Female,63,261,102,3080.37,3,0
CUST_13371,34,Female,23,175,82,6238.09,8,1
CUST_13372,26,Female,44,143,119,8847.23,1,0
CUST_13373,62,Female,1,192,110,16003.24,1,0
CUST_13374,50,Female,57,159,95,10691.95,2,0
CUST_13375,51,Male,27,237,93,12951.54,5,0
CUST_13376,62,Male,25,83,119,14335.53,3,0
CUST_13377,41,Male,62,300,2,242.72,4,0
CUST_13378,26,Female,18,175,31,4088.07,7,1
CUST_13379,24,Male,30,140,38,1882.72,6,1
CUST_13380,33,Male,30,64,116,8422.34,7,0
CUST_13381,36,Male,47,279,7,932.07,2,0
CUST_13382,56,Male,22,50,104,2499.56,1,0
CUST_13383,23,Male,42,215,10,224.42,5,0
CUST_13384,67,Female,34,125,77,7890.44,2,0
CUST_13385,68,Male,63,36,59,8129.64,0,0
CUST_13386,28,Female,4,139,1,122.22,7,1
CUST_13387,29,Female,31,86,37,4546.07,2,0
CUST_13388,59,Female,51,56,25,1589.92,5,0
CUST_13389,30,Male,50,249,94,8918.68,8,0
CUST_13390,29,Female,14,222,66,7863.96,6,0
CUST_13391,38,Female,8,325,100,12215.49,3,1
CUST_13392,27,Male,69,293,88,8217.33,5,0
CUST_13393,37,Female,8,249,76,9351.91,9,1
CUST_13394,67,Female,11,214,5,93.18,8,1
CUST_13395,53,Female,29,298,56,7966.0,0,0
CUST_13396,45,Male,55,158,79,10469.71,1,0
CUST_13397,41,Female,39,94,42,924.54,0,0
CUST_13398,22,Female,13,278,64,4582.98,4,0
CUST_13399,54,Male,64,166,49,6817.34,4,0
CUST_13400,29,Female,49,56,46,3874.45,0,0
CUST_13401,52,Male,19,334,71,1941.56,0,0
CUST_13402,57,Female,67,352,118,17166.67,7,0
CUST_13403,19,Male,52,82,2,126.79,7,0
CUST_13404,67,Male,71,34,119,10078.52,0,0
CUST_13405,58,Female,20,63,67,6721.03,9,0
CUST_13406,62,Female,54,2,4,509.52,9,0
CUST_13407,56,Male,5,190,62,8238.03,6,0
CUST_13408,59,Male,62,43,112,11554.73,3,0
CUST_13409,26,Female,17,95,80,11442.91,0,0
CUST_13410,39,Female,53,274,27,1203.32,3,0
CUST_13411,64,Female,37,148,86,11795.12,7,0
CUST_13412,22,Female,19,7,67,2724.39,1,0
CUST_13413,29,Female,10,214,113,15339.69,8,0
CUST_13414,18,Female,44,308,17,750.46,6,1
CUST_13415,61,Male,49,293,86,9640.48,4,0
CUST_13416,39,Female,37,98,52,6515.04,7,0
CUST_13417,55,Male,58,302,71,4808.21,6,0
CUST_13418,68,Female,15,359,57,1728.37,8,1
CUST_13419,36,Male,20,42,30,1918.17,9,1
CUST_13420,33,Male,55,316,72,1678.98,5,0
CUST_13421,48,Male,13,242,83,8632.54,8,1
CUST_13422,68,Male,20,104,71,7747.38,0,0
CUST_13423,20,Male,43,247,65,3329.57,2,0
CUST_13424,40,Female,41,336,16,1647.44,0,0
CUST_13425,59,Male,48,78,114,2610.48,3,0
CUST_13426,35,Female,56,124,104,2002.73,6,0
CUST_13427,43,Female,68,32,95,6657.71,0,0
CUST_13428,30,Female,44,167,103,8281.17,2,0
CUST_13429,35,Female,47,282,27,472.84,3,0
CUST_13430,20,Male,50,30,74,7003.25,2,0
CUST_13431,40,Male,32,254,98,12487.36,8,0
CUST_13432,20,Female,54,169,47,3309.69,5,0
CUST_13433,42,Female,39,359,14,1621.93,9,1
CUST_13434,44,Female,58,32,2,70.8,5,0
CUST_13435,61,Female,61,184,39,3373.27,8,0
CUST_13436,44,Male,19,53,55,6684.47,7,0
CUST_13437,69,Female,69,337,86,9208.49,5,0
CUST_13438,56,Male,22,149,26,3126.58,7,1
CUST_13439,42,Female,35,76,44,4943.54,8,0
CUST_13440,41,Male,10,69,69,2162.38,3,0
CUST_13441,25,Female,15,274,38,1096.69,4,0
CUST_13442,26,Male,2,229,80,11735.87,5,1
CUST_13443,63,Female,22,37,12,961.34,6,0
CUST_13444,54,Female,12,135,105,11956.71,9,0
CUST_13445,47,Male,62,61,116,12412.84,4,0
CUST_13446,36,Male,45,131,108,2265.81,4,0
CUST_13447,33,Male,58,1,106,8697.02,9,0
CUST_13448,41,Female,20,60,17,1451.55,4,0
CUST_13449,61,Male,51,327,25,3103.99,6,0
CUST_13450,38,Female,7,347,64,9273.23,9,1
CUST_13451,53,Male,24,31,88,4758.43,9,0
CUST_13452,57,Female,67,264,11,252.39,2,0
CUST_13453,56,Female,70,7,18,1424.99,9,0
CUST_13454,64,Female,53,135,36,685.06,7,0
CUST_13455,23,Female,34,20,3,201.09,9,0
CUST_13456,22,Male,33,327,83,4306.89,3,0
CUST_13457,31,Female,23,142,70,3346.12,3,0
CUST_13458,62,Female,58,143,87,1323.92,5,0
CUST_13459,59,Female,68,210,104,5078.81,7,0
CUST_13460,67,Male,69,125,71,4131.41,8,0
CUST_13461,21,Female,40,321,111,15316.88,0,0
CUST_13462,25,Female,47,354,108,2906.79,1,0
CUST_13463,41,Female,43,3,111,13158.35,9,0
CUST_13464,28,Female,61,131,9,1015.71,5,0
CUST_13465,34,Male,42,75,66,3896.9,6,0
CUST_13466,67,Male,62,324,116,15943.36,9,1
CUST_13467,38,Male,67,160,47,4862.95,4,0
CUST_13468,43,Male,55,272,50,1404.74,4,0
CUST_13469,60,Male,49,17,64,2722.68,5,0
CUST_13470,65,Male,49,356,109,7537.67,5,0
CUST_13471,61,Female,33,32,112,16305.49,3,0
CUST_13472,62,Female,28,155,47,2382.75,9,0
CUST_13473,44,Female,57,112,75,5460.67,6,0
CUST_13474,33,Male,41,98,67,6076.28,8,0
CUST_13475,43,Female,4,261,42,2645.78,1,0
CUST_13476,50,Male,20,345,49,5371.94,7,0
CUST_13477,48,Female,35,92,30,3126.61,9,0
CUST_13478,65,Female,53,146,8,185.24,9,0
CUST_13479,64,Male,39,3,37,2696.59,5,0
CUST_13480,23,Female,53,284,85,10237.92,2,0
CUST_13481,61,Male,10,290,8,811.1,1,0
CUST_13482,25,Female,65,342,111,8560.89,9,1
CUST_13483,24,Male,1,286,63,7152.54,9,1
CUST_13484,51,Female,53,48,11,1160.67,5,0
CUST_13485,61,Male,46,65,105,13448.12,5,0
CUST_13486,31,Female,26,221,58,1269.3,4,0
CUST_13487,33,Female,2,147,34,2966.93,3,0
CUST_13488,60,Female,28,180,39,4061.59,8,0
CUST_13489,69,Female,27,297,16,1698.95,1,0
CUST_13490,26,Male,28,349,71,9906.57,3,0
CUST_13491,27,Female,31,353,4,282.27,0,0
CUST_13492,34,Female,47,81,96,11744.69,9,0
CUST_13493,29,Female,7,358,101,12232.58,3,0
CUST_13494,23,Male,48,193,46,2359.64,7,0
CUST_13495,36,Male,26,297,22,1126.84,9,1
CUST_13496,60,Female,55,123,71,10102.17,2,0
CUST_13497,58,Female,7,289,13,764.33,2,1
CUST_13498,46,Male,57,228,82,5817.43,5,0
CUST_13499,23,Female,58,82,42,4054.41,1,0
CUST_13500,42,Female,1,84,34,1963.06,3,0
CUST_13501,41,Male,29,243,13,1356.46,4,0
CUST_13502,42,Male,22,215,98,5299.31,7,1
CUST_13503,33,Female,40,174,29,2499.5,3,0
CUST_13504,69,Male,62,346,47,4255.58,4,0
CUST_13505,33,Male,14,327,69,8492.26,3,0
CUST_13506,23,Male,2,105,118,15470.93,2,0
CUST_13507,54,Male,35,57,95,10166.45,5,0
CUST_13508,38,Female,71,276,11,565.97,8,0
CUST_13509,21,Male,67,169,63,4890.11,5,0
CUST_13510,51,Male,22,239,102,9280.42,6,0
CUST_13511,45,Female,18,75,51,2815.54,7,0
CUST_13512,55,Male,46,294,60,8514.0,0,0
CUST_13513,58,Male,63,283,47,1394.22,6,0
CUST_13514,45,Female,36,196,4,510.07,7,1
CUST_13515,34,Female,46,218,7,507.96,6,0
CUST_13516,31,Male,37,153,87,12410.01,0,0
CUST_13517,24,Male,18,270,31,2693.69,1,0
CUST_13518,39,Female,43,37,118,13394.26,3,0
CUST_13519,68,Female,29,178,81,9246.55,4,0
CUST_13520,18,Male,18,348,74,8083.06,8,1
CUST_13521,46,Male,15,200,86,1863.27,8,1
CUST_13522,69,Male,59,170,30,2969.8,1,0
CUST_13523,48,Female,28,310,29,3938.18,6,0
CUST_13524,47,Male,53,125,81,10438.76,2,0
CUST_13525,32,Female,15,163,43,5956.27,7,1
CUST_13526,35,Female,43,287,85,6374.35,8,1
CUST_13527,52,Female,33,354,22,1680.16,3,0
CUST_13528,67,Female,2,250,48,5957.05,1,0
CUST_13529,47,Male,59,228,103,5764.75,9,0
CUST_13530,51,Female,8,145,104,12301.64,8,0
CUST_13531,59,Male,33,113,48,3988.52,1,0
CUST_13532,28,Male,35,341,112,5676.66,1,0
CUST_13533,44,Male,18,346,57,5808.13,8,1
CUST_13534,41,Male,21,92,22,1208.51,5,0
CUST_13535,52,Female,64,181,27,2853.63,4,0
CUST_13536,56,Female,28,128,87,7991.51,5,0
CUST_13537,25,Female,45,278,63,7087.26,8,1
CUST_13538,68,Male,20,169,4,383.49,0,0
CUST_13539,35,Female,4,259,90,10563.16,6,1
CUST_13540,30,Male,36,348,103,15397.3,7,1
CUST_13541,62,Male,52,63,81,6330.04,3,0
CUST_13542,41,Female,39,322,3,287.29,7,0
CUST_13543,68,Male,71,302,81,2329.18,9,0
CUST_13544,40,Female,12,212,107,15333.67,0,0
CUST_13545,29,Male,55,242,40,3820.22,7,0
CUST_13546,66,Male,48,136,83,2396.9,2,0
CUST_13547,47,Female,9,39,103,7107.16,3,0
CUST_13548,48,Female,12,350,82,2129.92,7,1
CUST_13549,45,Male,69,303,28,2299.42,7,1
CUST_13550,39,Female,57,68,117,6131.04,1,0
CUST_13551,61,Female,28,57,15,914.07,8,0
CUST_13552,45,Male,17,153,51,1240.6,3,0
CUST_13553,30,Female,22,201,26,3066.05,5,0
CUST_13554,42,Male,35,87,35,4499.32,7,0
CUST_13555,61,Male,59,318,80,2713.46,3,0
CUST_13556,68,Male,19,39,15,1745.07,7,0
CUST_13557,63,Female,50,248,5,161.78,6,0
CUST_13558,24,Male,26,114,46,1221.21,7,0
CUST_13559,62,Male,60,204,24,729.66,3,0
CUST_13560,23,Male,44,206,2,38.58,1,0
CUST_13561,41,Male,56,135,59,3880.43,3,0
CUST_13562,36,Male,43,351,36,5171.2,4,0
CUST_13563,36,Female,23,262,116,15822.33,3,0
CUST_13564,53,Male,22,123,45,2691.34,7,0
CUST_13565,68,Male,47,83,112,13695.07,9,0
CUST_13566,26,Female,55,213,95,12000.31,4,0
CUST_13567,65,Female,11,275,94,3339.62,8,0
CUST_13568,53,Male,55,175,76,3494.21,6,0
CUST_13569,55,Male,26,275,37,4004.03,6,1
CUST_13570,57,Male,1,236,118,5976.01,4,0
CUST_13571,46,Female,62,34,57,8074.09,2,0
CUST_13572,41,Male,21,171,85,3922.42,7,0
CUST_13573,65,Male,8,141,12,1474.62,3,0
CUST_13574,22,Male,20,25,104,12203.73,2,0
CUST_13575,59,Male,45,97,101,8383.75,3,0
CUST_13576,62,Female,65,312,35,1768.98,0,0
CUST_13577,43,Male,60,21,22,430.56,7,0
CUST_13578,31,Male,67,290,109,13824.66,8,0
CUST_13579,56,Female,56,110,100,6599.71,2,0
CUST_13580,46,Female,31,281,117,7127.04,9,0
CUST_13581,69,Male,22,82,72,1512.48,5,0
CUST_13582,23,Male,62,107,91,3224.08,3,0
CUST_13583,24,Male,56,267,27,1746.05,8,0
CUST_13584,54,Male,8,275,100,10826.2,1,0
CUST_13585,35,Male,62,177,7,300.93,2,0
CUST_13586,40,Male,24,286,3,111.26,0,0
CUST_13587,61,Female,22,109,4,201.64,6,0
CUST_13588,55,Female,15,38,88,4687.19,8,0
CUST_13589,18,Female,28,271,8,562.78,0,0
CUST_13590,21,Male,22,331,45,2867.69,2,1
CUST_13591,68,Female,31,216,77,1923.44,6,1
CUST_13592,61,Female,62,316,73,7184.52,2,0
CUST_13593,64,Female,69,132,20,652.25,2,0
CUST_13594,52,Female,39,339,84,11108.01,2,0
CUST_13595,40,Female,40,221,5,655.17,3,0
CUST_13596,44,Male,69,270,46,1139.53,3,0
CUST_13597,43,Male,55,337,69,4883.02,7,1
CUST_13598,69,Male,71,264,35,2778.26,4,0
CUST_13599,25,Male,64,77,65,9713.74,2,0
CUST_13600,60,Male,8,215,106,5185.52,9,0
CUST_13601,33,Female,71,93,15,1512.8,4,0
CUST_13602,58,Female,44,139,17,1304.02,8,0
CUST_13603,20,Female,38,80,76,9025.77,5,0
CUST_13604,49,Male,21,50,46,2232.8,3,0
CUST_13605,22,Male,4,236,100,10692.44,0,0
CUST_13606,37,Female,32,343,61,1984.66,7,1
CUST_13607,31,Female,55,332,43,732.81,4,1
CUST_13608,49,Female,60,294,79,1379.35,8,0
CUST_13609,43,Male,59,152,78,6358.02,6,0
CUST_13610,64,Female,67,95,91,10833.45,1,0
CUST_13611,23,Male,5,166,114,10599.68,1,0
CUST_13612,53,Female,37,321,22,437.88,7,1
CUST_13613,57,Female,27,90,9,805.77,4,0
CUST_13614,68,Male,13,17,47,1423.6,4,0
CUST_13615,22,Female,6,356,85,12352.95,5,1
CUST_13616,30,Female,65,229,3,187.79,6,0
CUST_13617,49,Female,30,283,52,4313.97,3,0
CUST_13618,33,Female,52,345,31,1882.62,8,1
CUST_13619,18,Male,41,222,13,1014.75,7,0
CUST_13620,30,Male,15,233,2,288.78,5,0
CUST_13621,28,Female,5,281,111,5568.99,0,0
CUST_13622,25,Female,15,358,78,8731.4,5,1
CUST_13623,42,Female,1,352,7,818.75,0,0
CUST_13624,57,Female,15,204,29,1181.24,4,0
CUST_13625,49,Male,60,314,4,453.74,5,1
CUST_13626,41,Male,48,257,4,409.92,1,0
CUST_13627,45,Female,54,277,88,4777.58,2,0
CUST_13628,31,Female,55,257,106,9069.67,6,0
CUST_13629,62,Female,27,159,21,1987.6,4,0
CUST_13630,20,Male,30,317,115,14712.5,9,1
CUST_13631,53,Female,60,259,45,1433.32,8,1
CUST_13632,44,Female,66,203,28,4094.07,7,0
CUST_13633,37,Male,46,176,102,12121.3,9,0
CUST_13634,64,Male,52,82,8,697.77,8,0
CUST_13635,32,Female,35,25,42,5031.22,5,0
CUST_13636,44,Female,42,18,17,1937.6,1,0
CUST_13637,62,Male,56,284,9,694.06,5,0
CUST_13638,58,Male,45,260,110,6640.36,4,0
CUST_13639,45,Male,52,116,61,9056.14,9,0
CUST_13640,42,Male,23,149,84,11288.89,3,0
CUST_13641,59,Male,29,326,69,9892.83,8,1
CUST_13642,61,Female,29,21,99,2132.82,1,0
CUST_13643,63,Male,57,94,41,5127.28,2,0
CUST_13644,50,Female,19,148,29,3924.16,3,0
CUST_13645,63,Male,8,126,76,6032.92,6,0
CUST_13646,31,Male,50,224,54,7304.92,0,0
CUST_13647,25,Female,7,121,32,915.79,8,0
CUST_13648,65,Female,11,128,95,2200.59,4,0
CUST_13649,31,Male,67,287,95,5164.24,0,0
CUST_13650,18,Female,66,356,65,1205.28,7,1
CUST_13651,33,Male,28,153,43,4615.55,2,0
CUST_13652,35,Male,56,325,69,9669.72,0,0
CUST_13653,24,Female,28,200,115,6305.76,6,0
CUST_13654,32,Female,40,273,100,10404.66,3,0
CUST_13655,41,Male,2,148,76,5942.18,4,0
CUST_13656,66,Male,61,301,80,3954.62,9,1
CUST_13657,68,Female,25,221,16,2224.1,1,0
CUST_13658,30,Male,54,228,21,3030.68,3,0
CUST_13659,26,Female,17,306,33,1095.33,4,0
CUST_13660,32,Male,48,179,26,3082.07,3,0
CUST_13661,52,Female,12,98,3,121.47,2,0
CUST_13662,41,Male,61,116,23,1860.93,4,0
CUST_13663,50,Female,2,123,89,5672.22,1,0
CUST_13664,33,Male,65,285,54,2588.68,9,1
CUST_13665,25,Female,52,195,84,8923.67,9,1
CUST_13666,46,Male,34,240,47,6132.49,0,0
CUST_13667,40,Male,45,215,116,13973.12,6,0
CUST_13668,62,Male,1,3,113,12713.44,2,0
CUST_13669,48,Female,52,248,118,2825.48,5,0
CUST_13670,57,Male,67,262,36,1013.49,7,0
CUST_13671,66,Male,56,168,35,2721.32,2,0
CUST_13672,31,Male,58,332,43,3871.2,8,1
CUST_13673,47,Female,50,261,33,3717.69,4,0
CUST_13674,56,Male,25,3,5,315.2,7,0
CUST_13675,44,Male,12,260,4,72.38,9,1
CUST_13676,64,Female,65,216,58,1152.67,1,0
CUST_13677,33,Female,56,261,52,6780.91,1,0
CUST_13678,68,Male,50,57,72,2329.53,5,0
CUST_13679,23,Female,28,355,75,10611.05,1,0
CUST_13680,50,Male,3,170,107,6409.81,5,0
CUST_13681,61,Male,38,83,50,4689.66,8,1
CUST_13682,35,Female,64,200,27,1019.61,2,0
CUST_13683,33,Female,54,156,10,762.95,7,1
CUST_13684,29,Male,36,311,62,8260.52,2,0
CUST_13685,37,Male,44,279,109,16116.51,8,1
CUST_13686,62,Male,44,135,20,2369.67,4,0
CUST_13687,57,Female,69,294,32,3783.15,7,0
CUST_13688,46,Female,53,205,48,6456.83,0,0
CUST_13689,47,Male,13,185,91,4373.51,0,0
CUST_13690,43,Female,44,85,49,5605.4,8,0
CUST_13691,39,Male,4,293,82,7410.78,6,0
CUST_13692,50,Female,70,138,26,1308.51,4,0
CUST_13693,56,Male,51,218,35,787.11,9,1
CUST_13694,64,Female,70,106,28,1179.1,0,0
CUST_13695,46,Male,11,57,65,6680.42,2,0
CUST_13696,39,Female,54,92,98,9009.08,9,0
CUST_13697,62,Male,62,272,119,2897.84,9,0
CUST_13698,30,Male,59,59,26,2363.71,8,0
CUST_13699,26,Female,61,259,58,3928.78,9,0
CUST_13700,41,Male,40,193,6,102.09,2,0
CUST_13701,32,Male,4,117,50,6889.07,4,0
CUST_13702,53,Female,27,195,49,2444.16,1,0
CUST_13703,30,Female,16,158,58,5203.09,4,0
CUST_13704,44,Male,7,275,46,4348.59,6,1
CUST_13705,61,Male,11,353,89,7328.19,4,1
CUST_13706,54,Male,64,275,81,3834.83,4,0
CUST_13707,24,Female,52,36,90,6299.5,3,0
CUST_13708,25,Male,6,112,21,1138.09,3,0
CUST_13709,54,Male,48,229,96,7058.89,4,0
CUST_13710,58,Female,69,197,25,653.98,1,0
CUST_13711,31,Male,6,316,96,3590.69,5,1
CUST_13712,29,Male,61,290,105,3524.3,1,0
CUST_13713,53,Female,66,183,118,11248.38,8,0
CUST_13714,69,Male,53,254,63,6523.39,5,0
CUST_13715,57,Female,28,239,83,11485.88,4,0
CUST_13716,34,Female,5,298,66,3325.86,2,0
CUST_13717,57,Male,58,42,35,2384.23,9,0
CUST_13718,46,Male,24,88,80,7922.25,8,0
CUST_13719,44,Female,31,176,80,11694.96,7,1
CUST_13720,18,Female,41,278,33,2239.21,2,0
CUST_13721,69,Male,68,343,115,6221.29,0,0
CUST_13722,51,Male,46,297,50,3367.61,0,0
CUST_13723,21,Female,10,280,24,1362.13,9,1
CUST_13724,41,Male,37,307,95,2516.27,7,1
CUST_13725,38,Female,21,33,106,6541.04,9,0
CUST_13726,50,Female,21,28,23,2162.43,6,0
CUST_13727,24,Male,10,209,81,3213.84,6,1
CUST_13728,18,Female,24,90,97,12371.81,2,0
CUST_13729,58,Female,12,82,37,4228.13,5,0
CUST_13730,20,Male,20,248,100,9040.9,9,1
CUST_13731,61,Female,70,335,63,7217.39,4,0
CUST_13732,68,Female,8,358,56,3233.99,4,1
CUST_13733,32,Male,5,191,63,2647.15,5,0
CUST_13734,48,Male,54,278,19,2445.43,7,1
CUST_13735,33,Female,36,18,21,2636.28,8,0
CUST_13736,27,Female,38,213,39,4459.8,4,0
CUST_13737,46,Female,3,211,104,5158.57,9,0
CUST_13738,23,Female,36,2,83,5095.69,6,0
CUST_13739,46,Male,22,94,72,4779.19,0,0
CUST_13740,34,Female,8,345,26,1036.67,4,1
CUST_13741,39,Male,61,295,105,12348.54,9,0
CUST_13742,41,Male,7,17,51,2036.64,2,0
CUST_13743,34,Male,68,239,60,2696.18,9,0
CUST_13744,38,Female,62,16,82,1763.29,1,0
CUST_13745,68,Male,19,155,78,8155.07,2,0
CUST_13746,67,Male,47,177,82,11514.01,9,0
CUST_13747,28,Male,24,131,101,8111.13,8,0
CUST_13748,24,Male,6,298,92,12530.63,8,1
CUST_13749,59,Female,8,63,97,12467.9,1,0
CUST_13750,56,Female,25,285,6,733.71,8,1
CUST_13751,22,Female,41,130,7,263.42,2,0
CUST_13752,61,Female,58,363,60,3956.29,2,0
CUST_13753,65,Female,60,104,61,6381.71,4,0
CUST_13754,38,Female,3,270,5,307.44,3,1
CUST_13755,35,Female,9,268,91,10098.3,0,0
CUST_13756,52,Male,52,280,8,430.27,0,0
CUST_13757,37,Male,58,28,102,6936.32,4,0
CUST_13758,32,Male,60,217,33,3753.88,3,0
CUST_13759,22,Male,49,357,57,1762.12,7,1
CUST_13760,30,Male,5,134,12,1454.59,1,0
CUST_13761,68,Female,62,286,101,11230.93,7,0
CUST_13762,29,Female,32,34,37,2800.89,5,0
CUST_13763,38,Male,27,211,15,1110.99,9,1
CUST_13764,54,Male,24,186,17,2335.79,8,1
CUST_13765,23,Female,38,331,37,4132.78,5,0
CUST_13766,24,Male,67,181,51,5034.84,6,0
CUST_13767,43,Male,16,272,106,13956.39,7,0
CUST_13768,59,Female,15,185,29,1733.26,0,0
CUST_13769,65,Male,25,27,3,161.11,6,0
CUST_13770,25,Female,4,112,75,3249.33,6,1
CUST_13771,26,Female,32,305,26,2216.02,2,0
CUST_13772,44,Female,45,137,104,15432.87,6,0
CUST_13773,21,Male,56,26,45,6315.38,3,0
CUST_13774,38,Male,35,262,6,458.8,5,0
CUST_13775,48,Male,53,135,99,2973.05,1,0
CUST_13776,38,Male,30,269,88,11710.15,3,0
CUST_13777,57,Female,49,177,115,16048.42,9,0
CUST_13778,42,Female,52,10,103,3927.85,9,0
CUST_13779,56,Female,2,299,98,13158.15,3,1
CUST_13780,32,Female,59,110,54,4063.39,4,0
CUST_13781,52,Male,37,112,88,1458.57,5,0
CUST_13782,66,Female,29,101,19,2704.12,3,0
CUST_13783,60,Male,30,274,13,270.12,5,0
CUST_13784,58,Male,22,267,57,1121.31,8,1
CUST_13785,54,Female,19,266,107,15522.44,3,0
CUST_13786,59,Male,67,156,73,3209.75,6,0
CUST_13787,64,Female,18,213,83,7470.84,6,0
CUST_13788,45,Female,65,309,115,16360.41,7,0
CUST_13789,31,Male,5,54,96,13622.52,1,0
CUST_13790,21,Female,11,153,85,3272.98,0,0
CUST_13791,37,Male,58,262,96,8095.55,8,0
CUST_13792,51,Female,18,362,57,908.51,8,1
CUST_13793,29,Male,56,289,46,1251.28,3,0
CUST_13794,50,Male,22,325,12,1716.0,3,0
CUST_13795,41,Male,56,226,29,2060.35,9,1
CUST_13796,37,Female,66,96,97,3421.74,2,0
CUST_13797,22,Female,23,174,65,6515.58,2,0
CUST_13798,55,Female,16,344,49,1881.58,4,1
CUST_13799,47,Female,44,205,4,589.28,4,0
CUST_13800,41,Female,68,55,77,8128.48,3,0
CUST_13801,60,Male,14,235,87,5635.12,4,0
CUST_13802,57,Female,9,198,28,1860.75,2,0
CUST_13803,24,Male,16,226,107,14850.11,5,0
CUST_13804,53,Male,13,307,50,6791.42,7,1
CUST_13805,55,Male,36,281,12,1718.97,5,0
CUST_13806,33,Male,44,105,83,6328.12,6,0
CUST_13807,69,Female,14,279,116,15062.74,7,1
CUST_13808,32,Male,17,178,97,7803.92,6,1
CUST_13809,63,Female,65,302,18,1808.12,9,1
CUST_13810,40,Female,54,205,98,8183.01,4,0
CUST_13811,29,Male,2,220,94,9128.37,5,0
CUST_13812,46,Female,17,141,107,8964.31,5,0
CUST_13813,61,Female,23,145,111,3985.31,8,0
CUST_13814,65,Male,1,14,111,3289.16,4,0
CUST_13815,32,Female,12,158,6,852.29,3,0
CUST_13816,46,Male,13,105,68,5699.36,1,0
CUST_13817,62,Male,12,230,76,10803.42,3,0
CUST_13818,60,Male,57,289,23,2474.46,1,0
CUST_13819,66,Female,18,120,28,756.32,6,0
CUST_13820,38,Female,15,182,75,3165.82,9,1
CUST_13821,32,Male,39,185,92,10915.32,5,0
CUST_13822,31,Male,69,217,40,1560.22,5,0
CUST_13823,59,Female,33,31,98,1572.18,0,0
CUST_13824,61,Female,48,279,48,1444.25,2,0
CUST_13825,33,Female,5,225,34,2698.24,1,0
CUST_13826,32,Male,8,310,85,3148.43,3,1
CUST_13827,59,Male,19,175,100,2107.71,8,1
CUST_13828,21,Female,52,177,92,10615.42,7,0
CUST_13829,44,Male,12,84,62,9066.59,0,0
CUST_13830,40,Male,8,56,58,8531.52,6,0
CUST_13831,46,Male,55,92,34,4640.93,9,0
CUST_13832,58,Female,34,8,57,1002.63,0,0
CUST_13833,69,Male,65,150,105,4978.53,8,0
CUST_13834,26,Male,47,62,29,974.07,8,1
CUST_13835,69,Female,35,54,90,9128.55,2,0
CUST_13836,60,Female,32,163,77,9986.38,1,0
CUST_13837,60,Female,51,119,52,4794.75,7,0
CUST_13838,24,Male,6,108,98,6056.48,5,0
CUST_13839,59,Female,9,344,83,11462.92,2,0
CUST_13840,21,Male,40,271,8,665.6,4,0
CUST_13841,22,Female,48,114,93,3588.17,9,0
CUST_13842,22,Female,26,237,107,9309.56,8,1
CUST_13843,28,Male,37,261,104,1814.55,7,1
CUST_13844,58,Male,52,17,16,323.19,9,0
CUST_13845,45,Male,12,92,92,9174.71,1,0
CUST_13846,33,Male,38,117,30,3379.24,3,0
CUST_13847,58,Female,68,358,87,2929.58,9,1
CUST_13848,47,Female,16,219,93,8092.04,8,1
CUST_13849,21,Male,61,149,84,10021.64,7,0
CUST_13850,19,Female,24,357,81,10863.37,2,0
CUST_13851,63,Male,17,51,26,2053.81,1,0
CUST_13852,20,Male,4,54,57,1795.06,3,0
CUST_13853,67,Male,50,139,111,2701.81,1,0
CUST_13854,38,Female,3,158,39,5094.91,9,1
CUST_13855,23,Female,8,346,33,840.82,6,1
CUST_13856,60,Female,12,237,78,9781.41,9,1
CUST_13857,35,Male,35,113,31,2293.37,5,0
CUST_13858,61,Male,66,292,80,5913.52,0,0
CUST_13859,22,Female,53,346,21,1785.2,1,0
CUST_13860,26,Female,33,234,99,3299.74,9,0
CUST_13861,37,Female,18,120,50,5762.18,7,0
CUST_13862,45,Male,58,91,83,4606.55,9,0
CUST_13863,43,Female,45,210,6,574.2,7,0
CUST_13864,35,Male,15,228,60,943.21,5,1
CUST_13865,36,Female,15,98,87,4611.43,9,1
CUST_13866,20,Male,45,316,90,1841.82,9,1
CUST_13867,26,Female,68,90,73,4185.63,6,0
CUST_13868,53,Female,69,278,13,416.46,1,0
CUST_13869,48,Male,67,24,58,1418.44,0,0
CUST_13870,66,Male,62,75,44,5696.99,5,0
CUST_13871,34,Male,44,316,79,5076.67,9,1
CUST_13872,40,Male,20,149,32,4045.45,2,1
CUST_13873,51,Male,39,336,59,7995.04,0,0
CUST_13874,58,Male,39,164,103,8581.66,0,0
CUST_13875,58,Female,1,7,108,9899.0,2,0
CUST_13876,22,Male,67,53,81,8285.12,9,0
CUST_13877,32,Male,47,156,45,4591.61,6,0
CUST_13878,64,Female,54,280,55,4761.55,1,0
CUST_13879,20,Male,20,309,93,8857.06,3,0
CUST_13880,36,Female,9,269,49,3652.89,3,0
CUST_13881,45,Female,28,334,61,8459.45,5,0
CUST_13882,20,Female,64,95,40,4495.03,6,0
CUST_13883,55,Male,35,328,82,4716.18,1,0
CUST_13884,21,Female,40,1,34,2047.77,0,0
CUST_13885,41,Male,2,360,113,8639.49,5,1
CUST_13886,48,Female,3,115,89,1715.34,2,0
CUST_13887,62,Male,14,337,12,1786.04,5,1
CUST_13888,62,Female,68,41,109,8519.3,1,0
CUST_13889,28,Male,47,187,15,1794.5,9,1
CUST_13890,54,Female,54,269,107,3889.97,6,0
CUST_13891,18,Female,58,27,88,8557.43,9,0
CUST_13892,26,Male,62,123,9,598.77,7,0
CUST_13893,34,Male,51,40,104,14054.57,4,0
CUST_13894,18,Male,48,219,20,2817.85,8,0
CUST_13895,20,Male,27,254,89,8842.18,5,0
CUST_13896,64,Male,55,186,111,2578.14,2,0
CUST_13897,43,Female,49,76,88,6863.31,1,0
CUST_13898,48,Female,24,52,49,846.99,6,0
CUST_13899,43,Female,10,205,90,7643.84,0,0
CUST_13900,40,Male,7,336,14,1157.68,0,1
CUST_13901,47,Female,17,290,5,356.65,7,1
CUST_13902,27,Male,22,304,48,2903.81,5,0
CUST_13903,25,Male,59,337,57,5310.13,2,0
CUST_13904,61,Female,44,167,93,3614.6,8,0
CUST_13905,42,Male,11,263,60,1113.23,0,0
CUST_13906,39,Female,42,262,72,8726.68,4,0
CUST_13907,32,Female,23,226,81,9805.45,0,0
CUST_13908,58,Female,60,309,118,10999.87,6,0
CUST_13909,27,Female,62,1,43,5463.66,0,0
CUST_13910,37,Male,54,29,86,7245.29,3,0
CUST_13911,58,Male,13,92,82,1302.48,1,0
CUST_13912,64,Male,68,103,91,3186.58,9,0
CUST_13913,40,Male,27,123,64,4930.68,8,0
CUST_13914,18,Female,40,102,2,262.81,2,0
CUST_13915,19,Female,10,354,1,45.45,5,1
CUST_13916,36,Male,15,213,118,2312.34,6,0
CUST_13917,31,Female,45,177,64,4524.02,1,0
CUST_13918,25,Male,53,315,105,2520.78,0,0
CUST_13919,55,Female,7,45,72,6430.15,1,0
CUST_13920,29,Male,30,279,85,1913.25,7,1
CUST_13921,43,Male,30,288,24,413.87,8,1
CUST_13922,44,Male,27,328,2,284.68,7,1
CUST_13923,46,Male,49,331,108,11320.01,0,0
CUST_13924,32,Male,57,309,59,1836.73,1,0
CUST_13925,63,Male,64,276,102,9189.03,3,0
CUST_13926,18,Male,63,313,92,4589.12,7,0
CUST_13927,60,Male,48,66,34,4003.38,8,0
CUST_13928,45,Male,41,46,56,6995.34,6,0
CUST_13929,20,Female,30,30,76,6348.04,7,0
CUST_13930,68,Female,3,197,114,8012.12,8,0
CUST_13931,35,Male,37,263,5,289.11,3,0
CUST_13932,69,Male,30,95,109,2118.24,3,0
CUST_13933,51,Female,54,43,55,4988.39,2,0
CUST_13934,49,Male,7,250,119,9960.91,6,1
CUST_13935,46,Female,8,335,36,1575.3,3,0
CUST_13936,42,Male,63,36,72,6251.54,0,0
CUST_13937,43,Male,63,129,94,7344.25,7,0
CUST_13938,56,Male,64,7,55,2760.54,0,0
CUST_13939,25,Male,30,44,10,1153.18,2,0
CUST_13940,36,Female,10,61,85,4096.46,8,0
CUST_13941,64,Male,69,26,46,3490.96,9,0
CUST_13942,59,Female,49,363,52,4524.6,0,0
CUST_13943,39,Male,39,363,62,7720.99,0,0
CUST_13944,46,Female,34,121,98,7033.87,2,0
CUST_13945,50,Male,10,158,98,4208.59,6,1
CUST_13946,55,Male,9,257,4,68.0,5,1
CUST_13947,62,Female,60,63,56,2745.57,4,0
CUST_13948,63,Male,5,271,11,1279.53,3,0
CUST_13949,52,Female,35,311,86,10815.69,4,0
CUST_13950,60,Male,11,313,105,10089.78,4,0
CUST_13951,20,Female,42,117,50,7151.22,6,0
CUST_13952,36,Male,20,276,61,5215.16,9,1
CUST_13953,27,Female,51,345,23,1833.3,5,0
CUST_13954,44,Female,1,178,113,14399.93,8,1
CUST_13955,32,Female,11,117,98,3679.35,2,0
CUST_13956,28,Male,61,164,30,511.31,6,0
CUST_13957,64,Female,39,243,89,11929.79,5,0
CUST_13958,43,Female,48,165,88,7665.25,2,0
CUST_13959,41,Female,28,174,25,2889.03,6,1
CUST_13960,30,Female,36,119,30,2997.14,6,0
CUST_13961,49,Male,70,237,39,4080.37,9,1
CUST_13962,54,Male,62,155,108,10183.39,0,0
CUST_13963,21,Female,70,147,80,9032.16,5,0
CUST_13964,30,Female,10,83,74,2243.79,6,0
CUST_13965,26,Male,5,272,95,4643.12,1,0
CUST_13966,66,Male,28,310,11,876.51,9,1
CUST_13967,51,Female,59,213,73,8155.72,2,0
CUST_13968,54,Male,9,225,36,2039.3,8,1
CUST_13969,65,Male,39,234,112,13885.15,7,1
CUST_13970,24,Female,62,351,83,1977.13,0,0
CUST_13971,18,Female,38,162,52,6332.12,2,0
CUST_13972,29,Female,24,79,5,546.86,2,0
CUST_13973,38,Male,64,179,76,1809.59,2,0
CUST_13974,28,Male,43,292,74,1426.04,1,0
CUST_13975,61,Female,16,127,14,1797.42,4,0
CUST_13976,68,Female,66,181,20,690.94,2,0
CUST_13977,61,Male,66,90,20,983.92,2,0
CUST_13978,61,Female,69,94,44,5983.97,0,0
CUST_13979,31,Female,46,89,119,7293.3,5,0
CUST_13980,51,Male,21,268,100,8660.87,9,1
CUST_13981,51,Male,60,249,116,2225.71,8,0
CUST_13982,42,Male,10,181,25,2295.42,5,1
CUST_13983,21,Female,18,61,41,4564.36,5,0
CUST_13984,69,Male,41,147,110,10041.85,3,0
CUST_13985,43,Male,36,119,69,8567.86,0,0
CUST_13986,33,Male,66,184,105,12582.67,1,0
CUST_13987,27,Female,46,265,91,7250.86,1,0
CUST_13988,62,Male,23,281,2,204.18,9,1
CUST_13989,19,Female,39,54,12,628.15,0,0
CUST_13990,52,Female,4,112,28,1775.6,1,0
CUST_13991,36,Female,41,175,44,4353.99,4,0
CUST_13992,23,Female,3,297,13,1354.03,3,1
CUST_13993,36,Female,53,179,85,2254.47,7,0
CUST_13994,69,Female,36,50,43,5400.68,2,0
CUST_13995,68,Male,49,117,55,5556.01,3,0
CUST_13996,25,Female,27,27,8,473.54,7,0
CUST_13997,31,Female,53,311,64,2915.76,0,0
CUST_13998,27,Female,49,191,117,11280.72,6,0
CUST_13999,20,Male,1,363,12,1307.34,5,1
CUST_14000,55,Male,46,163,41,5753.73,4,0
CUST_14001,46,Female,62,6,44,1758.85,0,0
CUST_14002,32,Male,66,191,11,911.83,1,0
CUST_14003,40,Female,22,18,19,2735.04,4,0
CUST_14004,40,Female,39,159,60,8267.21,8,0
CUST_14005,35,Female,44,308,72,5725.13,6,0
CUST_14006,63,Male,2,144,27,2417.18,6,0
CUST_14007,36,Male,59,195,71,9849.67,0,0
CUST_14008,45,Female,28,230,85,1643.63,7,1
CUST_14009,43,Female,67,190,27,3963.25,3,0
CUST_14010,27,Female,14,337,14,2056.52,1,1
CUST_14011,64,Female,16,180,96,13678.98,6,1
CUST_14012,21,Female,51,133,93,13516.91,5,0
CUST_14013,19,Male,28,208,24,1345.18,8,1
CUST_14014,20,Female,53,145,64,1280.27,8,0
CUST_14015,24,Male,52,159,92,4911.57,3,0
CUST_14016,33,Male,25,272,24,1479.95,4,0
CUST_14017,48,Female,57,21,118,7384.76,4,0
CUST_14018,27,Female,9,169,2,213.72,7,0
CUST_14019,36,Female,11,295,52,6842.59,0,0
CUST_14020,45,Male,45,293,95,4271.98,5,0
CUST_14021,34,Male,2,309,12,904.6,4,0
CUST_14022,45,Male,54,330,65,4296.44,1,0
CUST_14023,36,Female,34,288,60,7093.28,3,0
CUST_14024,54,Male,42,281,58,3359.12,6,1
CUST_14025,40,Female,69,64,85,1920.08,1,0
CUST_14026,37,Female,11,359,93,5585.91,5,1
CUST_14027,30,Male,29,229,94,5901.89,4,0
CUST_14028,30,Female,5,102,42,5292.93,0,0
CUST_14029,60,Female,20,294,1,88.97,0,0
CUST_14030,28,Female,39,247,22,1884.84,7,1
CUST_14031,65,Female,32,92,106,10159.24,8,0
CUST_14032,32,Male,29,335,72,6537.33,6,1
CUST_14033,34,Female,66,136,13,1391.3,8,0
CUST_14034,67,Female,1,1,78,10688.03,1,0
CUST_14035,45,Male,1,315,106,14130.6,9,1
CUST_14036,36,Female,4,291,65,5321.43,9,1
CUST_14037,21,Female,15,246,96,12414.33,7,0
CUST_14038,39,Male,47,240,38,4997.34,5,0
CUST_14039,39,Female,30,272,64,7781.7,6,1
CUST_14040,54,Male,6,142,76,1571.48,6,0
CUST_14041,56,Male,1,5,52,5427.61,5,0
CUST_14042,51,Female,71,336,111,6358.5,3,0
CUST_14043,50,Female,62,277,109,14485.32,2,0
CUST_14044,61,Female,64,314,111,5920.17,8,1
CUST_14045,59,Male,5,57,80,11121.16,4,0
CUST_14046,57,Female,54,139,88,8627.64,0,0
CUST_14047,50,Male,49,327,108,11024.91,0,0
CUST_14048,29,Female,7,121,84,11326.93,7,0
CUST_14049,19,Female,3,177,107,15839.15,4,0
CUST_14050,45,Female,61,364,108,6125.34,4,0
CUST_14051,27,Male,41,161,32,863.88,1,0
CUST_14052,39,Female,21,152,27,3041.6,7,0
CUST_14053,34,Female,32,38,98,2398.47,5,0
CUST_14054,43,Male,12,335,61,5311.39,0,0
CUST_14055,20,Male,7,50,86,5298.38,8,0
CUST_14056,24,Female,51,235,62,4194.22,5,0
CUST_14057,61,Female,45,89,3,140.37,2,0
CUST_14058,25,Male,65,64,81,8862.28,5,0
CUST_14059,37,Male,60,209,78,7192.14,3,0
CUST_14060,29,Female,45,225,91,13065.77,8,0
CUST_14061,52,Male,34,167,103,6488.76,7,0
CUST_14062,34,Female,11,202,84,5731.29,1,0
CUST_14063,45,Male,33,142,110,4100.39,2,0
CUST_14064,58,Female,8,337,95,9269.57,7,1
CUST_14065,27,Female,45,78,105,2920.95,1,0
CUST_14066,39,Female,34,10,31,4516.78,9,0
CUST_14067,55,Female,45,248,93,12820.9,7,0
CUST_14068,50,Male,65,44,64,7005.32,7,0
CUST_14069,39,Male,52,296,42,2429.02,4,0
CUST_14070,61,Male,10,109,58,3658.66,4,0
CUST_14071,54,Male,43,188,43,1150.77,7,0
CUST_14072,30,Female,70,70,32,1547.16,6,0
CUST_14073,44,Female,11,232,30,1879.74,7,1
CUST_14074,32,Male,36,31,107,8075.32,0,0
CUST_14075,39,Male,18,293,91,7068.57,6,1
CUST_14076,47,Male,63,186,83,11162.62,6,0
CUST_14077,60,Male,5,171,61,4619.26,1,0
CUST_14078,57,Female,31,109,28,4039.07,8,1
CUST_14079,54,Male,16,97,45,1184.16,5,0
CUST_14080,51,Male,66,327,10,434.82,7,0
CUST_14081,61,Male,9,38,16,1078.05,5,0
CUST_14082,51,Female,2,264,31,4181.93,6,1
CUST_14083,65,Female,37,290,10,314.99,2,0
CUST_14084,52,Female,59,145,74,4657.09,1,0
CUST_14085,59,Male,58,17,92,2773.19,3,0
CUST_14086,36,Female,8,94,12,1433.87,3,0
CUST_14087,25,Female,52,338,97,5153.92,4,0
CUST_14088,56,Male,69,53,28,2061.96,6,0
CUST_14089,50,Male,52,320,18,2256.36,2,1
CUST_14090,61,Male,34,109,52,1958.26,5,0
CUST_14091,45,Male,48,57,28,4000.28,7,0
CUST_14092,54,Male,24,148,28,1909.06,7,0
CUST_14093,65,Female,13,61,107,6377.65,8,0
CUST_14094,42,Male,50,25,103,4197.48,1,0
CUST_14095,53,Female,65,78,64,4999.31,3,0
CUST_14096,34,Male,71,27,14,2063.52,0,0
CUST_14097,41,Female,4,99,8,650.26,6,1
CUST_14098,38,Female,64,28,94,7147.6,5,0
CUST_14099,19,Female,39,134,100,1602.97,2,0
CUST_14100,48,Male,63,297,3,161.51,4,0
CUST_14101,61,Male,58,315,74,3386.81,2,0
CUST_14102,50,Female,16,223,9,182.36,9,1
CUST_14103,47,Male,62,334,47,3535.07,6,0
CUST_14104,29,Female,10,189,63,2098.36,7,0
CUST_14105,61,Female,62,305,40,3316.09,7,1
CUST_14106,29,Female,33,364,77,5881.03,8,1
CUST_14107,68,Male,71,356,86,3875.71,8,0
CUST_14108,66,Female,42,261,24,2946.63,3,0
CUST_14109,69,Female,44,267,71,9948.51,9,1
CUST_14110,41,Female,46,342,13,430.27,4,1
CUST_14111,41,Male,31,235,6,168.87,8,1
CUST_14112,28,Female,5,40,74,4554.52,4,0
CUST_14113,30,Female,18,114,51,4967.88,2,0
CUST_14114,44,Female,6,326,60,6019.09,8,1
CUST_14115,25,Male,50,167,75,7452.75,7,0
CUST_14116,27,Female,28,326,29,2688.92,7,1
CUST_14117,25,Female,24,110,16,1073.29,5,0
CUST_14118,37,Male,69,20,118,14227.29,1,0
CUST_14119,25,Female,28,230,84,12069.47,5,0
CUST_14120,26,Female,58,269,64,6054.37,2,0
CUST_14121,24,Female,67,305,85,3792.94,1,0
CUST_14122,31,Female,18,76,55,4996.18,5,0
CUST_14123,45,Male,4,265,29,3392.94,7,1
CUST_14124,19,Female,49,315,78,9906.58,6,0
CUST_14125,60,Male,32,116,55,6158.01,3,0
CUST_14126,25,Female,66,3,60,8113.04,7,0
CUST_14127,30,Male,58,11,41,5884.43,7,0
CUST_14128,38,Female,11,261,80,6513.7,6,1
CUST_14129,64,Female,65,152,9,792.28,1,0
CUST_14130,45,Female,17,198,6,363.39,3,1
CUST_14131,52,Male,66,82,102,10602.91,2,0
CUST_14132,40,Female,4,125,29,2766.97,6,0
CUST_14133,63,Female,32,230,18,704.27,2,0
CUST_14134,32,Female,71,134,24,2609.72,6,0
CUST_14135,19,Male,29,86,51,6307.56,7,0
CUST_14136,68,Male,61,298,17,670.5,3,0
CUST_14137,29,Female,60,43,100,3716.89,6,0
CUST_14138,69,Male,58,204,21,2126.8,8,1
CUST_14139,53,Female,53,281,83,2546.74,6,0
CUST_14140,20,Female,5,18,62,7706.08,1,0
CUST_14141,22,Female,61,191,87,8856.67,8,0
CUST_14142,20,Male,21,223,91,1763.09,4,0
CUST_14143,64,Female,58,362,117,13923.61,9,1
CUST_14144,36,Male,14,257,75,6287.73,5,0
CUST_14145,19,Male,54,15,90,7378.29,1,0
CUST_14146,61,Male,41,182,117,6681.36,9,1
CUST_14147,54,Female,16,34,54,2876.51,6,0
CUST_14148,34,Female,51,180,11,907.96,8,0
CUST_14149,31,Male,1,2,43,663.28,1,0
CUST_14150,45,Male,40,151,86,10521.24,8,0
CUST_14151,44,Female,18,110,83,10029.84,4,0
CUST_14152,27,Female,34,307,8,914.4,0,0
CUST_14153,20,Female,61,302,23,2215.81,4,0
CUST_14154,53,Female,21,353,112,6149.14,1,0
CUST_14155,55,Female,1,106,53,5502.87,7,0
CUST_14156,42,Male,27,255,87,2821.84,2,0
CUST_14157,39,Male,51,14,40,2022.34,8,0
CUST_14158,65,Female,11,273,9,189.91,4,0
CUST_14159,56,Female,14,144,24,3144.7,2,0
CUST_14160,64,Male,55,207,76,9638.89,9,0
CUST_14161,47,Female,27,107,76,5765.73,0,0
CUST_14162,38,Male,22,247,96,7111.32,3,0
CUST_14163,47,Female,21,223,2,280.02,6,1
CUST_14164,45,Female,24,268,70,7430.18,2,0
CUST_14165,48,Male,19,225,4,443.03,8,0
CUST_14166,69,Male,24,75,61,3873.45,4,0
CUST_14167,43,Male,26,43,77,4186.57,5,0
CUST_14168,60,Female,25,133,64,1948.18,6,0
CUST_14169,39,Female,45,283,36,892.45,9,0
CUST_14170,38,Female,29,56,41,5627.06,4,0
CUST_14171,18,Male,11,208,103,14147.89,1,0
CUST_14172,54,Male,24,227,38,1734.61,2,0
CUST_14173,30,Male,24,104,82,1643.76,8,1
CUST_14174,38,Male,12,336,15,926.56,2,0
CUST_14175,63,Male,7,68,48,6888.26,1,0
CUST_14176,26,Male,40,250,97,5449.72,7,1
CUST_14177,34,Male,70,91,106,13971.56,7,0
CUST_14178,64,Female,23,271,30,3756.28,6,0
CUST_14179,38,Female,71,26,100,14249.62,1,0
CUST_14180,48,Male,38,207,63,5169.5,1,0
CUST_14181,56,Female,31,252,25,3486.6,2,0
CUST_14182,39,Male,29,10,4,460.59,9,0
CUST_14183,29,Female,44,98,18,2379.21,0,0
CUST_14184,23,Female,28,102,45,5130.09,4,0
CUST_14185,33,Male,68,136,118,9116.7,2,0
CUST_14186,43,Male,21,336,97,13490.17,3,0
CUST_14187,22,Male,9,221,84,10338.17,8,1
CUST_14188,26,Female,49,32,106,10764.84,6,0
CUST_14189,63,Female,37,277,85,6817.83,6,0
CUST_14190,57,Male,21,96,65,1805.37,2,0
CUST_14191,31,Male,60,301,98,12258.75,6,0
CUST_14192,61,Female,23,268,73,5198.31,8,1
CUST_14193,59,Male,10,176,65,4128.98,9,0
CUST_14194,47,Male,70,103,111,5121.19,8,0
CUST_14195,69,Female,21,187,27,2379.24,9,1
CUST_14196,69,Male,29,330,79,10035.59,0,0
CUST_14197,43,Female,59,326,88,4760.43,8,0
CUST_14198,62,Female,40,37,60,8357.35,2,0
CUST_14199,46,Male,21,210,59,4046.67,5,0
CUST_14200,36,Female,63,255,25,3646.78,1,0
CUST_14201,64,Female,46,131,34,3615.73,3,0
CUST_14202,25,Female,5,325,108,6973.99,2,0
CUST_14203,40,Male,15,98,50,7389.52,5,0
CUST_14204,59,Female,40,33,55,5237.75,0,0
CUST_14205,52,Female,4,36,10,1187.67,3,0
CUST_14206,48,Female,24,237,94,7143.23,0,0
CUST_14207,52,Female,42,3,109,3390.37,0,0
CUST_14208,49,Female,26,131,105,15240.17,3,0
CUST_14209,22,Female,66,220,58,3389.13,4,0
CUST_14210,33,Male,8,362,89,12363.79,6,1
CUST_14211,34,Female,66,182,3,412.56,7,1
CUST_14212,49,Female,20,28,119,3311.16,2,0
CUST_14213,55,Male,66,26,86,2621.7,2,0
CUST_14214,49,Male,68,157,104,10153.16,9,0
CUST_14215,69,Female,55,10,110,2182.97,3,0
CUST_14216,37,Male,39,109,88,6323.4,5,0
CUST_14217,65,Male,50,318,56,4830.09,1,0
CUST_14218,19,Male,20,96,27,1122.3,5,0
CUST_14219,37,Female,70,146,90,10707.58,5,0
CUST_14220,64,Male,28,181,16,1172.22,1,0
CUST_14221,35,Female,43,210,38,2740.73,4,0
CUST_14222,18,Male,66,342,105,4896.93,6,0
CUST_14223,46,Female,28,145,53,7147.2,8,0
CUST_14224,46,Female,23,49,68,1123.01,2,0
CUST_14225,36,Female,35,154,23,366.4,6,0
CUST_14226,61,Female,22,261,83,12399.07,2,0
CUST_14227,57,Female,5,329,56,999.41,1,0
CUST_14228,23,Female,60,44,79,2839.59,3,0
CUST_14229,61,Male,41,236,95,12748.48,7,0
CUST_14230,56,Female,29,121,88,8634.78,4,0
CUST_14231,67,Female,35,248,75,7453.07,7,1
CUST_14232,63,Male,68,7,53,4198.82,5,0
CUST_14233,25,Female,45,20,74,2614.53,0,0
CUST_14234,41,Female,9,184,72,4648.43,2,0
CUST_14235,37,Male,51,364,67,7498.56,7,1
CUST_14236,31,Female,14,200,19,1529.96,3,0
CUST_14237,22,Female,69,254,4,454.1,1,0
CUST_14238,58,Male,56,245,29,463.39,7,0
CUST_14239,57,Male,11,64,45,4658.78,4,0
CUST_14240,51,Female,30,299,105,9980.05,0,0
CUST_14241,33,Female,39,300,21,3077.39,7,0
CUST_14242,62,Male,24,153,54,7422.15,8,0
CUST_14243,24,Female,58,17,116,11141.1,7,0
CUST_14244,33,Female,30,39,109,10113.79,0,0
CUST_14245,24,Female,24,153,73,2007.28,5,0
CUST_14246,44,Female,67,355,52,7386.28,5,1
CUST_14247,31,Female,29,295,115,12699.55,6,1
CUST_14248,31,Female,42,39,112,9273.5,0,0
CUST_14249,61,Female,62,187,18,2353.6,7,0
CUST_14250,50,Female,27,238,83,9432.48,3,0
CUST_14251,50,Female,29,272,17,1548.39,3,1
CUST_14252,61,Female,66,309,44,3862.4,9,1
CUST_14253,37,Female,57,362,107,14985.14,3,0
CUST_14254,64,Male,61,157,24,2949.09,5,0
CUST_14255,53,Female,29,231,113,7844.06,5,0
CUST_14256,24,Male,57,194,6,599.35,5,0
CUST_14257,49,Male,55,250,95,3943.32,1,0
CUST_14258,65,Female,44,266,27,3806.72,4,0
CUST_14259,20,Female,28,2,47,5116.37,1,0
CUST_14260,56,Female,37,141,98,14171.16,5,0
CUST_14261,46,Female,23,182,46,2503.09,6,0
CUST_14262,41,Male,69,2,91,5236.96,5,0
CUST_14263,39,Female,58,170,91,11587.47,2,0
CUST_14264,23,Male,32,270,35,1762.15,9,1
CUST_14265,65,Female,69,307,57,3607.09,9,1
CUST_14266,41,Male,36,364,12,1612.57,4,0
CUST_14267,57,Female,32,49,29,2462.0,8,0
CUST_14268,40,Male,59,285,57,3166.47,5,1
CUST_14269,55,Female,60,320,70,4918.16,2,0
CUST_14270,27,Male,27,279,55,6110.94,8,1
CUST_14271,33,Male,24,279,37,1347.53,4,1
CUST_14272,28,Male,67,272,71,10287.31,0,0
CUST_14273,49,Female,36,44,70,5708.1,9,0
CUST_14274,62,Female,14,60,53,6268.01,2,0
CUST_14275,23,Male,68,199,83,9110.53,2,0
CUST_14276,41,Female,44,109,14,1496.6,1,0
CUST_14277,50,Female,48,65,114,8174.55,1,0
CUST_14278,68,Male,32,173,21,435.05,8,0
CUST_14279,29,Male,17,353,78,8977.44,2,0
CUST_14280,44,Male,57,98,104,14951.03,9,0
CUST_14281,55,Male,39,129,14,1164.5,3,0
CUST_14282,35,Male,32,268,53,7619.67,5,0
CUST_14283,62,Male,68,87,115,10029.33,9,0
CUST_14284,56,Male,2,89,96,3609.11,8,0
CUST_14285,30,Female,42,344,90,4259.5,0,0
CUST_14286,57,Female,38,229,67,8826.37,2,0
CUST_14287,47,Female,55,130,79,7813.6,2,0
CUST_14288,66,Female,55,132,85,6030.16,5,0
CUST_14289,58,Male,34,253,94,11554.22,8,1
CUST_14290,69,Male,46,110,48,4878.27,8,0
CUST_14291,30,Male,43,297,111,14736.19,4,0
CUST_14292,51,Female,2,294,78,11394.03,8,1
CUST_14293,53,Female,36,215,111,11423.79,5,1
CUST_14294,47,Male,70,312,56,8178.66,4,0
CUST_14295,42,Male,36,204,39,3061.58,7,0
CUST_14296,19,Female,22,24,101,12968.2,6,0
CUST_14297,53,Female,69,93,41,5632.17,6,0
CUST_14298,35,Male,38,169,48,1012.71,3,0
CUST_14299,22,Male,54,28,28,3690.05,9,1
CUST_14300,36,Female,22,318,2,140.35,0,0
CUST_14301,59,Male,31,190,22,1512.74,4,0
CUST_14302,35,Female,53,266,119,14341.56,8,0
CUST_14303,49,Female,59,285,71,3426.11,7,0
CUST_14304,38,Female,49,63,108,2079.7,3,0
CUST_14305,27,Male,27,87,96,4954.18,9,0
CUST_14306,54,Male,57,7,61,6254.91,8,0
CUST_14307,66,Male,6,155,80,11497.03,5,0
CUST_14308,39,Female,46,20,36,2463.21,6,0
CUST_14309,30,Female,25,252,66,8096.1,9,1
CUST_14310,34,Female,9,348,81,3407.87,9,1
CUST_14311,26,Female,64,50,49,6370.4,9,0
CUST_14312,41,Female,31,189,3,355.0,7,1
CUST_14313,61,Male,19,67,112,8455.94,0,0
CUST_14314,31,Male,65,202,23,3123.56,3,0
CUST_14315,63,Male,17,99,59,1186.62,5,0
CUST_14316,25,Male,34,149,101,12230.75,3,0
CUST_14317,54,Female,36,160,103,2034.49,2,0
CUST_14318,36,Female,13,304,28,3689.69,4,1
CUST_14319,45,Male,59,166,109,4236.3,3,0
CUST_14320,63,Female,21,28,105,2117.65,4,0
CUST_14321,58,Male,65,188,72,4081.4,1,0
CUST_14322,47,Male,6,326,33,1291.28,2,0
CUST_14323,24,Female,11,314,68,7003.76,7,1
CUST_14324,43,Female,22,198,117,9215.96,7,0
CUST_14325,57,Male,11,209,71,2308.58,9,1
CUST_14326,63,Female,37,266,11,1525.46,7,1
CUST_14327,63,Male,26,258,104,6723.83,2,0
CUST_14328,28,Male,57,257,8,425.47,0,0
CUST_14329,31,Female,26,336,20,2184.75,1,0
CUST_14330,38,Male,21,346,62,4223.6,2,0
CUST_14331,25,Male,57,233,43,1489.65,1,0
CUST_14332,20,Male,26,204,103,9642.94,2,0
CUST_14333,45,Male,15,73,92,1757.09,6,0
CUST_14334,46,Male,63,13,75,7475.16,4,0
CUST_14335,40,Male,35,71,114,15061.66,4,0
CUST_14336,35,Male,11,1,86,4332.02,1,0
CUST_14337,52,Female,68,159,100,13006.32,8,0
CUST_14338,30,Male,50,216,70,3365.62,8,1
CUST_14339,29,Male,29,195,7,296.33,0,0
CUST_14340,64,Male,64,312,10,1115.77,7,0
CUST_14341,67,Female,41,4,40,953.75,7,0
CUST_14342,22,Male,26,253,4,81.94,8,1
CUST_14343,56,Female,28,284,73,5588.72,1,0
CUST_14344,28,Male,48,300,102,1999.46,5,0
CUST_14345,28,Female,66,30,113,9271.84,1,0
CUST_14346,64,Male,23,292,19,1950.78,0,0
CUST_14347,59,Male,39,106,110,5038.93,6,0
CUST_14348,64,Female,69,122,97,13225.74,2,0
CUST_14349,48,Female,21,196,38,1597.43,7,1
CUST_14350,48,Female,49,203,22,1035.36,2,0
CUST_14351,30,Male,36,260,103,14241.11,1,0
CUST_14352,31,Male,37,267,1,107.82,7,1
CUST_14353,66,Female,42,241,113,9759.35,7,0
CUST_14354,62,Female,62,53,53,3157.25,9,0
CUST_14355,59,Female,6,124,21,2495.34,0,0
CUST_14356,42,Female,8,88,113,10670.11,0,0
CUST_14357,50,Male,69,310,7,428.12,9,1
CUST_14358,50,Male,40,244,110,13915.7,2,0
CUST_14359,32,Female,10,340,7,855.88,9,1
CUST_14360,33,Female,31,45,86,12213.36,3,0
CUST_14361,61,Female,30,64,77,11496.74,7,0
CUST_14362,55,Female,51,186,23,380.81,7,1
CUST_14363,23,Female,36,13,60,3492.98,7,0
CUST_14364,61,Female,61,209,86,3526.63,6,0
CUST_14365,42,Female,27,52,90,3945.32,0,0
CUST_14366,32,Female,35,338,18,2371.5,0,0
CUST_14367,21,Male,60,107,117,17154.02,4,0
CUST_14368,21,Female,32,9,71,10075.55,4,0
CUST_14369,47,Female,4,112,66,7195.56,4,0
CUST_14370,51,Male,27,120,53,4765.72,0,0
CUST_14371,44,Female,47,67,19,1921.47,2,0
CUST_14372,48,Male,6,82,64,8353.06,0,0
CUST_14373,49,Female,26,202,14,223.3,1,0
CUST_14374,61,Female,24,185,25,1820.36,7,1
CUST_14375,56,Female,71,357,33,2751.78,3,0
CUST_14376,69,Female,44,157,48,6704.03,3,0
CUST_14377,26,Male,14,116,39,1490.98,4,0
CUST_14378,58,Male,13,114,112,12934.66,1,0
CUST_14379,25,Female,26,133,84,11738.32,8,0
CUST_14380,31,Male,43,248,108,12759.33,9,1
CUST_14381,50,Female,43,111,5,81.94,8,0
CUST_14382,40,Male,66,232,113,11754.84,2,0
CUST_14383,38,Female,28,59,21,909.02,0,0
CUST_14384,29,Male,1,291,59,5704.83,1,0
CUST_14385,19,Female,12,261,77,7092.22,7,0
CUST_14386,30,Female,50,50,14,2018.82,7,0
CUST_14387,21,Male,53,316,63,2563.4,1,0
CUST_14388,37,Female,60,271,54,1178.2,9,1
CUST_14389,67,Female,55,364,80,7801.79,4,0
CUST_14390,68,Female,35,103,45,2764.42,8,0
CUST_14391,65,Male,61,152,114,13255.8,3,0
CUST_14392,31,Female,26,21,50,7454.2,0,0
CUST_14393,47,Male,31,258,41,2836.56,0,0
CUST_14394,46,Male,57,211,92,3265.96,5,0
CUST_14395,25,Female,12,82,1,89.81,6,0
CUST_14396,29,Male,5,10,2,123.47,8,1
CUST_14397,58,Female,7,165,72,8804.29,5,0
CUST_14398,55,Female,16,151,13,1132.77,9,0
CUST_14399,43,Female,52,173,102,14035.71,4,0
CUST_14400,67,Male,21,65,19,2434.91,4,0
CUST_14401,19,Female,27,250,51,7058.69,2,0
CUST_14402,57,Female,23,317,2,110.74,3,0
CUST_14403,31,Female,25,118,95,13002.95,2,0
CUST_14404,23,Female,11,134,10,1319.68,9,0
CUST_14405,59,Male,63,18,69,6875.6,9,0
CUST_14406,57,Female,57,347,87,11998.11,8,0
CUST_14407,48,Female,54,255,118,2634.0,6,0
CUST_14408,34,Female,10,168,30,3631.8,0,0
CUST_14409,42,Female,50,17,96,3325.83,4,0
CUST_14410,49,Male,1,10,65,3966.46,0,0
CUST_14411,29,Male,70,230,109,12370.83,3,0
CUST_14412,66,Female,30,31,44,1905.52,9,0
CUST_14413,30,Female,55,215,42,1940.93,0,0
CUST_14414,36,Male,6,306,3,130.88,8,1
CUST_14415,61,Female,24,340,111,8501.73,8,0
CUST_14416,65,Female,5,151,30,777.99,3,0
CUST_14417,42,Male,7,45,37,4983.18,0,0
CUST_14418,48,Female,3,207,28,3178.36,5,0
CUST_14419,54,Male,13,139,51,4300.52,4,0
CUST_14420,42,Female,54,334,115,3032.36,3,0
CUST_14421,33,Female,63,269,85,2701.66,1,0
CUST_14422,55,Male,6,214,13,367.81,5,1
CUST_14423,60,Female,47,162,40,679.65,6,0
CUST_14424,66,Male,55,357,26,2731.49,0,0
CUST_14425,40,Male,49,203,104,8722.5,2,0
CUST_14426,31,Female,57,10,30,1997.36,6,0
CUST_14427,23,Female,3,350,24,1486.01,9,1
CUST_14428,42,Female,22,76,38,2936.91,5,0
CUST_14429,40,Male,35,234,105,8307.57,1,0
CUST_14430,60,Male,28,233,110,3715.3,7,0
CUST_14431,29,Male,42,226,69,5986.25,5,0
CUST_14432,30,Female,12,217,16,343.74,0,0
CUST_14433,53,Female,1,292,110,15588.9,6,1
CUST_14434,56,Female,23,4,106,11810.46,8,0
CUST_14435,51,Female,28,149,55,895.23,7,0
CUST_14436,23,Female,69,189,49,2645.62,6,0
CUST_14437,55,Female,36,94,80,11813.39,7,0
CUST_14438,67,Male,54,38,52,1120.17,7,0
CUST_14439,69,Male,47,76,49,1705.59,3,0
CUST_14440,57,Male,56,295,64,5082.27,4,0
CUST_14441,25,Male,10,89,48,3010.35,4,0
CUST_14442,25,Female,5,310,74,10952.46,7,1
CUST_14443,57,Male,14,318,82,7203.28,9,1
CUST_14444,50,Male,24,275,38,5398.34,8,0
CUST_14445,51,Male,63,2,17,1119.8,7,0
CUST_14446,61,Male,28,150,41,2121.03,1,0
CUST_14447,32,Male,21,94,54,2912.59,6,0
CUST_14448,53,Male,20,313,40,4037.63,2,0
CUST_14449,52,Male,62,100,31,2992.8,1,0
CUST_14450,63,Male,51,259,90,8076.25,1,0
CUST_14451,39,Female,40,279,26,1053.64,9,0
CUST_14452,40,Male,65,4,104,5258.78,1,0
CUST_14453,57,Female,28,78,76,4106.34,2,0
CUST_14454,62,Female,54,198,18,2374.95,3,0
CUST_14455,68,Male,2,326,98,12283.32,5,1
CUST_14456,39,Female,14,165,35,1493.75,0,0
CUST_14457,22,Male,14,7,75,2607.56,9,0
CUST_14458,48,Male,44,1,56,1612.18,7,0
CUST_14459,30,Female,40,88,117,2823.34,7,0
CUST_14460,45,Female,34,180,30,4437.71,3,0
CUST_14461,37,Female,65,10,45,5603.61,0,0
CUST_14462,50,Female,18,134,114,1970.52,5,0
CUST_14463,33,Male,34,110,75,1192.08,6,0
CUST_14464,46,Male,49,125,110,11895.31,0,0
CUST_14465,40,Female,55,207,52,2965.14,7,1
CUST_14466,41,Female,62,301,68,1928.38,3,0
CUST_14467,51,Male,70,140,55,4270.32,0,0
CUST_14468,24,Female,24,103,100,1754.31,8,0
CUST_14469,55,Male,48,111,10,723.59,7,0
CUST_14470,54,Female,39,70,54,2541.94,8,0
CUST_14471,21,Female,48,110,34,1725.78,3,0
CUST_14472,51,Female,70,224,63,3379.39,7,0
CUST_14473,59,Female,9,224,31,1752.74,7,0
CUST_14474,39,Male,29,219,64,1133.17,9,0
CUST_14475,22,Male,68,239,96,8829.86,1,0
CUST_14476,67,Male,60,119,50,4448.26,9,0
CUST_14477,59,Female,26,331,28,2880.05,7,1
CUST_14478,40,Female,38,214,107,3914.98,5,0
CUST_14479,32,Female,62,36,37,5524.11,2,0
CUST_14480,48,Male,26,343,96,3200.28,7,1
CUST_14481,26,Female,14,357,32,3985.92,0,0
CUST_14482,60,Female,49,279,81,3624.64,1,0
CUST_14483,42,Female,43,256,98,7278.45,6,0
CUST_14484,42,Male,8,155,35,2056.86,7,1
CUST_14485,66,Female,40,271,57,3222.82,8,1
CUST_14486,38,Male,25,42,103,8309.95,0,0
CUST_14487,26,Female,63,29,61,2888.34,8,0
CUST_14488,65,Female,4,183,85,7550.17,1,0
CUST_14489,55,Male,15,203,32,1562.95,7,0
CUST_14490,39,Male,16,49,98,14341.7,6,0
CUST_14491,60,Male,54,327,98,4637.4,5,0
CUST_14492,40,Male,11,331,8,945.79,5,0
CUST_14493,66,Female,28,54,80,6272.95,2,0
CUST_14494,21,Male,7,222,35,704.17,4,0
CUST_14495,46,Male,38,352,23,819.14,1,0
CUST_14496,32,Female,24,360,86,12070.59,4,0
CUST_14497,18,Female,68,37,95,11945.16,2,0
CUST_14498,47,Male,37,205,93,3204.79,8,0
CUST_14499,46,Female,35,280,38,831.89,0,0
CUST_14500,37,Female,6,55,19,676.7,2,0
CUST_14501,50,Male,33,223,54,5066.84,0,0
CUST_14502,58,Female,54,108,45,4523.92,8,0
CUST_14503,61,Female,14,206,36,2381.52,4,0
CUST_14504,53,Male,19,172,49,2593.07,6,0
CUST_14505,39,Female,11,90,60,2575.97,2,0
CUST_14506,30,Female,71,6,56,4157.87,8,0
CUST_14507,24,Female,45,287,73,1317.34,0,0
CUST_14508,25,Female,60,171,64,1035.22,9,1
CUST_14509,45,Female,58,363,62,7607.31,0,0
CUST_14510,62,Female,24,268,99,8573.24,3,0
CUST_14511,60,Female,11,193,59,7107.35,5,0
CUST_14512,26,Male,44,244,1,30.38,8,0
CUST_14513,42,Male,66,180,97,12131.77,8,0
CUST_14514,33,Male,45,248,81,11305.14,1,0
CUST_14515,27,Male,32,70,90,7830.49,4,0
CUST_14516,28,Male,17,221,77,2251.02,4,0
CUST_14517,48,Female,54,30,5,158.19,1,0
CUST_14518,29,Female,10,119,19,783.08,8,1
CUST_14519,48,Female,6,205,58,2320.58,8,1
CUST_14520,31,Female,20,222,57,8125.78,3,0
CUST_14521,68,Female,1,126,42,5167.67,2,0
CUST_14522,61,Female,64,55,73,4230.29,4,0
CUST_14523,49,Female,1,39,6,751.43,4,0
CUST_14524,67,Male,61,338,85,10135.25,6,1
CUST_14525,34,Male,1,262,113,7114.57,7,0
CUST_14526,52,Female,46,184,22,419.06,4,0
CUST_14527,18,Male,60,8,53,857.57,7,0
CUST_14528,46,Female,43,311,57,3360.67,0,0
CUST_14529,68,Male,44,361,103,2176.22,8,0
CUST_14530,21,Male,38,16,112,3510.96,2,0
CUST_14531,40,Male,2,64,51,2516.82,6,1
CUST_14532,45,Female,12,253,5,195.84,1,1
CUST_14533,33,Female,23,11,22,759.97,1,0
CUST_14534,29,Female,9,88,114,5744.38,4,0
CUST_14535,38,Male,8,211,7,801.36,6,1
CUST_14536,62,Female,50,4,64,4799.93,8,0
CUST_14537,34,Female,62,131,57,5958.33,2,0
CUST_14538,57,Female,23,271,26,3649.95,2,0
CUST_14539,30,Male,59,360,25,379.57,3,0
CUST_14540,69,Male,10,68,69,9895.89,7,0
CUST_14541,49,Male,12,337,32,1685.88,1,0
CUST_14542,54,Female,62,9,8,430.51,5,0
CUST_14543,67,Male,30,25,9,899.73,7,0
CUST_14544,32,Male,68,65,54,3440.63,8,0
CUST_14545,29,Male,47,104,92,2379.29,1,0
CUST_14546,66,Female,41,66,20,2220.91,6,0
CUST_14547,32,Female,7,183,68,2701.67,2,0
CUST_14548,51,Female,52,173,67,9411.17,2,0
CUST_14549,23,Female,45,289,44,6527.91,4,0
CUST_14550,34,Male,38,22,41,1618.07,9,0
CUST_14551,65,Male,36,42,42,4903.4,7,1
CUST_14552,66,Male,58,204,11,1637.86,4,0
CUST_14553,37,Male,46,155,112,16124.25,7,0
CUST_14554,26,Female,67,11,93,8487.51,3,0
CUST_14555,22,Female,65,298,43,2456.32,6,0
CUST_14556,40,Female,18,78,86,1425.42,4,0
CUST_14557,50,Male,2,104,8,1090.09,9,1
CUST_14558,55,Male,4,278,46,911.04,2,0
CUST_14559,31,Male,42,137,34,3155.78,4,0
CUST_14560,34,Female,49,207,95,3812.37,8,1
CUST_14561,36,Male,49,251,68,3241.41,6,1
CUST_14562,50,Male,7,225,15,272.29,7,1
CUST_14563,18,Female,9,57,18,359.68,8,1
CUST_14564,30,Female,71,339,11,685.06,0,0
CUST_14565,63,Male,27,287,91,12145.82,6,0
CUST_14566,44,Male,21,274,19,1736.36,9,1
CUST_14567,23,Male,35,168,114,9994.54,7,0
CUST_14568,23,Female,36,357,73,7208.08,7,1
CUST_14569,50,Male,67,173,25,2181.75,8,0
CUST_14570,47,Female,43,98,22,1233.61,5,0
CUST_14571,63,Female,8,342,87,11640.25,6,0
CUST_14572,52,Male,36,260,62,4910.8,7,0
CUST_14573,40,Male,48,173,37,4314.5,8,1
CUST_14574,27,Male,46,174,10,1381.26,1,0
CUST_14575,68,Male,32,212,81,1255.76,3,0
CUST_14576,36,Male,7,195,52,4136.53,3,0
CUST_14577,68,Female,12,265,77,7439.98,3,0
CUST_14578,45,Female,55,272,68,5631.97,0,0
CUST_14579,40,Male,23,307,96,13135.31,1,0
CUST_14580,21,Female,52,308,28,3973.38,8,1
CUST_14581,37,Male,13,137,30,993.87,7,0
CUST_14582,36,Female,71,83,46,2568.29,9,0
CUST_14583,59,Female,53,44,40,2024.95,0,0
CUST_14584,44,Female,63,207,21,1723.34,7,0
CUST_14585,51,Male,71,117,15,998.76,9,0
CUST_14586,21,Female,51,5,3,190.48,2,0
CUST_14587,55,Female,58,221,81,7053.2,3,0
CUST_14588,24,Male,27,283,79,6411.56,7,1
CUST_14589,65,Female,7,114,97,7549.09,7,0
CUST_14590,24,Female,50,250,69,2089.59,2,0
CUST_14591,67,Male,24,301,8,702.41,3,1
CUST_14592,69,Male,25,90,9,206.64,2,0
CUST_14593,43,Female,44,28,90,8838.64,7,0
CUST_14594,43,Male,36,32,2,198.33,7,0
CUST_14595,36,Male,57,217,37,1856.65,7,0
CUST_14596,26,Male,37,309,100,3326.72,0,0
CUST_14597,37,Male,52,71,12,1473.2,4,0
CUST_14598,59,Male,63,252,19,2261.03,0,0
CUST_14599,62,Male,7,30,27,3853.2,8,0
CUST_14600,67,Male,60,256,24,1806.04,6,0
CUST_14601,33,Female,37,309,66,3801.56,0,0
CUST_14602,34,Male,21,159,16,893.63,8,0
CUST_14603,39,Male,46,9,2,78.65,5,0
CUST_14604,30,Male,21,323,21,1306.49,8,1
CUST_14605,29,Male,52,156,10,322.53,6,0
CUST_14606,27,Male,29,214,58,7698.04,6,0
CUST_14607,18,Male,69,154,106,6553.86,6,0
CUST_14608,49,Female,39,83,17,1511.01,7,1
CUST_14609,47,Male,27,101,76,1823.15,0,0
CUST_14610,25,Male,10,10,7,370.29,9,1
CUST_14611,38,Female,36,336,73,3298.0,3,0
CUST_14612,39,Female,16,280,46,6198.04,6,1
CUST_14613,35,Female,36,281,50,1965.1,8,0
CUST_14614,19,Female,34,180,10,1223.96,1,0
CUST_14615,65,Male,37,90,16,850.56,5,1
CUST_14616,61,Female,68,129,1,43.51,1,0
CUST_14617,26,Female,59,309,9,146.74,3,0
CUST_14618,20,Male,29,107,13,706.69,6,0
CUST_14619,43,Female,31,280,61,1493.82,1,0
CUST_14620,38,Female,66,283,48,3066.61,8,0
CUST_14621,47,Female,3,107,16,354.27,5,0
CUST_14622,45,Female,69,155,98,2319.71,7,0
CUST_14623,53,Female,22,344,41,2577.4,8,1
CUST_14624,43,Male,53,232,30,2264.41,8,0
CUST_14625,51,Male,48,295,77,4610.43,2,0
CUST_14626,25,Male,47,333,72,1310.31,8,1
CUST_14627,27,Male,42,84,55,2147.34,3,0
CUST_14628,65,Female,4,358,11,1559.49,7,1
CUST_14629,60,Male,42,76,113,10416.8,5,0
CUST_14630,67,Female,43,261,52,6774.97,0,0
CUST_14631,31,Male,42,337,95,2083.3,7,0
CUST_14632,57,Male,3,230,107,1714.39,3,0
CUST_14633,32,Female,59,272,75,9040.23,9,1
CUST_14634,34,Male,11,221,48,3211.43,0,0
CUST_14635,35,Female,35,181,7,453.84,3,0
CUST_14636,49,Male,50,202,54,2546.61,2,0
CUST_14637,55,Male,63,285,1,36.67,1,0
CUST_14638,40,Male,70,118,87,11035.21,9,0
CUST_14639,63,Male,6,117,32,745.28,7,0
CUST_14640,40,Male,32,197,62,5101.24,9,0
CUST_14641,52,Female,11,194,15,954.88,5,0
CUST_14642,56,Female,43,292,82,4278.87,7,0
CUST_14643,32,Male,39,104,92,10828.43,7,0
CUST_14644,41,Male,13,174,61,8153.18,4,0
CUST_14645,45,Female,13,301,78,3223.24,1,0
CUST_14646,33,Male,39,103,77,1955.51,4,0
CUST_14647,33,Male,46,9,56,3675.4,5,0
CUST_14648,57,Female,34,164,34,2530.21,7,0
CUST_14649,56,Female,67,5,20,443.46,9,0
CUST_14650,23,Female,32,335,118,9257.66,1,0
CUST_14651,19,Female,68,329,24,3441.71,6,0
CUST_14652,30,Male,65,89,28,1877.68,8,0
CUST_14653,61,Male,7,178,11,1501.52,9,1
CUST_14654,64,Male,3,284,115,14899.13,8,1
CUST_14655,26,Female,69,27,92,6802.23,9,0
CUST_14656,51,Male,49,175,86,9492.61,3,0
CUST_14657,34,Female,58,161,30,1296.69,9,0
CUST_14658,44,Female,28,115,38,1263.12,5,0
CUST_14659,46,Female,27,97,81,1238.15,5,0
CUST_14660,54,Male,22,166,86,2141.3,6,0
CUST_14661,60,Male,71,136,1,99.82,9,0
CUST_14662,39,Male,13,164,84,11300.52,6,0
CUST_14663,68,Male,22,363,69,10143.58,9,1
CUST_14664,41,Male,5,202,33,2644.4,1,0
CUST_14665,24,Female,22,169,109,3702.36,4,0
CUST_14666,51,Female,53,136,65,976.28,0,0
CUST_14667,65,Female,39,158,44,6510.24,1,0
CUST_14668,29,Female,37,301,64,8026.06,5,0
CUST_14669,40,Male,31,227,9,771.26,4,0
CUST_14670,32,Male,62,302,32,1540.98,7,1
CUST_14671,50,Male,6,349,54,4584.15,0,0
CUST_14672,30,Male,34,272,26,3333.3,8,0
CUST_14673,40,Female,52,324,62,5583.61,3,1
CUST_14674,55,Female,30,50,109,16283.93,0,0
CUST_14675,49,Male,13,324,42,1235.13,4,1
CUST_14676,62,Male,58,2,48,7086.78,9,0
CUST_14677,67,Male,53,331,6,563.56,8,1
CUST_14678,52,Male,20,75,117,10725.74,6,0
CUST_14679,18,Female,6,247,118,7491.23,2,0
CUST_14680,64,Female,55,215,30,615.66,7,0
CUST_14681,62,Female,31,230,104,12236.64,1,0
CUST_14682,22,Female,59,242,23,1201.57,3,0
CUST_14683,30,Male,19,188,103,6412.3,6,1
CUST_14684,22,Female,70,129,89,7747.47,3,0
CUST_14685,49,Female,28,97,25,567.25,8,0
CUST_14686,68,Male,13,165,13,213.94,2,0
CUST_14687,38,Male,52,177,25,729.17,0,0
CUST_14688,41,Female,61,117,17,1942.63,9,0
CUST_14689,35,Male,41,210,108,4398.1,1,0
CUST_14690,38,Female,45,273,27,2279.53,8,1
CUST_14691,27,Male,7,327,11,441.06,4,1
CUST_14692,41,Female,14,51,6,320.64,4,0
CUST_14693,57,Female,36,265,79,1589.41,4,0
CUST_14694,64,Female,8,64,37,2385.48,9,0
CUST_14695,38,Female,12,341,96,3207.25,0,0
CUST_14696,42,Female,40,229,112,10118.82,2,0
CUST_14697,69,Female,62,349,88,11254.12,2,0
CUST_14698,40,Male,14,298,75,10018.5,1,0
CUST_14699,39,Male,49,237,106,14946.48,6,0
CUST_14700,21,Male,51,225,93,2950.51,4,0
CUST_14701,51,Male,62,117,72,6099.92,0,0
CUST_14702,23,Female,5,250,37,1128.23,0,0
CUST_14703,45,Female,67,70,74,4171.53,3,0
CUST_14704,48,Male,1,345,59,2727.51,7,1
CUST_14705,52,Male,49,35,10,166.81,8,0
CUST_14706,56,Male,17,273,1,140.8,2,0
CUST_14707,59,Male,35,44,109,13137.77,7,0
CUST_14708,40,Male,67,360,52,4423.31,7,0
CUST_14709,23,Female,13,345,87,5355.54,6,0
CUST_14710,33,Female,37,107,18,1270.18,0,0
CUST_14711,19,Female,38,229,87,3714.96,6,0
CUST_14712,41,Male,6,252,5,728.54,3,0
CUST_14713,34,Male,63,44,112,5996.44,0,0
CUST_14714,62,Female,49,49,102,2558.68,7,0
CUST_14715,18,Male,9,60,118,10761.74,2,0
CUST_14716,23,Male,36,258,95,11028.21,9,0
CUST_14717,22,Male,23,65,117,17098.05,3,0
CUST_14718,62,Female,57,114,106,10483.72,0,0
CUST_14719,67,Female,50,259,103,4109.17,7,1
CUST_14720,46,Female,59,349,84,5695.04,7,1
CUST_14721,29,Male,7,162,93,5370.61,6,0
CUST_14722,56,Female,47,164,48,846.56,2,0
CUST_14723,64,Female,56,15,33,2242.15,1,0
CUST_14724,20,Male,8,37,57,7008.08,3,0
CUST_14725,65,Female,36,138,103,7180.96,1,0
CUST_14726,18,Female,42,265,96,12479.07,0,0
CUST_14727,44,Female,39,306,25,2882.37,8,1
CUST_14728,65,Female,65,46,44,4932.96,4,0
CUST_14729,41,Male,44,106,91,6046.17,2,0
CUST_14730,61,Female,46,81,87,1931.66,2,0
CUST_14731,36,Male,13,303,111,14888.34,8,1
CUST_14732,25,Female,37,274,66,6677.14,0,0
CUST_14733,61,Female,14,113,114,3103.09,0,0
CUST_14734,64,Female,13,208,68,1768.74,2,0
CUST_14735,19,Male,12,307,25,2448.18,4,1
CUST_14736,47,Female,55,241,45,3239.93,0,0
CUST_14737,47,Male,28,89,23,937.18,4,0
CUST_14738,66,Male,22,183,105,4968.95,4,0
CUST_14739,56,Female,19,272,100,6707.41,5,0
CUST_14740,62,Male,30,255,41,4767.41,7,0
CUST_14741,49,Male,54,344,87,3618.42,0,0
CUST_14742,18,Male,15,245,33,3623.71,8,1
CUST_14743,55,Male,30,268,28,1096.77,8,1
CUST_14744,30,Male,29,99,8,944.83,0,0
CUST_14745,28,Female,32,59,97,13243.82,5,0
CUST_14746,27,Female,30,73,29,2168.51,9,0
CUST_14747,65,Male,16,112,112,11376.82,5,0
CUST_14748,43,Male,36,165,56,2853.63,7,0
CUST_14749,37,Male,48,288,15,2103.47,7,1
CUST_14750,34,Female,28,211,15,1087.4,1,0
CUST_14751,34,Male,62,22,37,3036.01,8,0
CUST_14752,21,Male,56,354,19,955.67,9,1
CUST_14753,22,Male,56,83,107,4407.51,0,0
CUST_14754,40,Male,17,242,59,2696.46,4,0
CUST_14755,63,Female,62,12,51,4041.09,9,0
CUST_14756,69,Male,21,5,85,2854.07,1,0
CUST_14757,27,Male,37,282,35,2357.73,9,1
CUST_14758,63,Male,34,116,90,5991.72,0,0
CUST_14759,45,Female,29,347,118,8670.1,6,0
CUST_14760,50,Female,68,20,92,6621.24,8,0
CUST_14761,60,Male,60,189,86,4476.02,1,0
CUST_14762,43,Male,11,136,36,2322.67,7,1
CUST_14763,67,Female,60,336,53,7251.42,4,0
CUST_14764,65,Male,34,58,80,1604.7,5,0
CUST_14765,46,Female,33,173,12,322.21,9,0
CUST_14766,44,Male,10,193,28,3931.03,6,1
CUST_14767,35,Male,60,5,71,3662.54,3,0
CUST_14768,57,Female,26,159,33,1850.1,2,0
CUST_14769,27,Female,25,279,88,5407.71,1,0
CUST_14770,59,Female,2,140,75,2171.71,0,0
CUST_14771,22,Female,3,4,79,9386.19,3,0
CUST_14772,27,Male,32,293,83,3073.3,5,0
CUST_14773,67,Female,1,75,55,6035.53,2,0
CUST_14774,38,Female,24,234,79,3664.69,2,0
CUST_14775,41,Female,50,104,73,7817.18,9,0
CUST_14776,55,Male,43,137,77,11257.62,7,0
CUST_14777,20,Male,44,282,50,4190.46,4,0
CUST_14778,57,Male,33,231,29,1683.54,1,0
CUST_14779,48,Female,38,283,58,3829.54,9,1
CUST_14780,58,Male,52,238,26,1737.57,8,0
CUST_14781,54,Male,35,235,23,734.16,0,0
CUST_14782,19,Female,17,190,17,2134.13,5,0
CUST_14783,19,Male,58,178,5,330.98,4,0
CUST_14784,56,Female,48,345,59,6603.03,2,0
CUST_14785,66,Female,43,338,16,824.02,0,0
CUST_14786,59,Male,48,222,103,6500.78,0,0
CUST_14787,61,Male,44,214,94,12664.82,4,0
CUST_14788,51,Female,33,213,21,1519.74,6,0
CUST_14789,59,Female,2,359,5,313.4,7,1
CUST_14790,37,Female,10,93,118,6766.6,2,0
CUST_14791,50,Male,28,46,58,7861.69,6,0
CUST_14792,21,Male,47,255,26,1874.17,7,1
CUST_14793,62,Female,8,191,43,5736.77,2,0
CUST_14794,61,Male,23,326,112,6220.37,9,1
CUST_14795,28,Female,48,145,94,13824.67,7,0
CUST_14796,59,Female,63,344,59,4889.8,4,0
CUST_14797,64,Female,37,104,86,3201.25,4,0
CUST_14798,22,Female,12,64,58,4190.47,7,0
CUST_14799,42,Male,65,157,109,11667.21,5,0
CUST_14800,66,Male,15,308,2,269.71,5,1
CUST_14801,54,Female,10,350,44,1414.89,5,1
CUST_14802,51,Male,42,128,76,6869.64,9,0
CUST_14803,26,Female,26,24,106,9212.19,0,0
CUST_14804,23,Female,49,125,91,5399.01,0,0
CUST_14805,35,Female,23,175,26,1824.12,2,0
CUST_14806,31,Female,64,101,109,6117.3,1,0
CUST_14807,36,Female,17,51,44,2456.24,8,0
CUST_14808,31,Male,34,258,89,7743.49,1,0
CUST_14809,57,Male,57,149,19,439.03,3,0
CUST_14810,34,Male,4,168,49,3918.94,6,1
CUST_14811,52,Male,71,105,91,5349.06,9,0
CUST_14812,46,Male,69,69,112,8701.39,6,0
CUST_14813,59,Female,68,35,81,11876.45,5,0
CUST_14814,34,Female,50,163,57,6558.99,4,0
CUST_14815,60,Female,67,339,6,787.8,5,0
CUST_14816,25,Male,68,208,23,1498.45,2,0
CUST_14817,18,Male,59,153,82,9043.53,6,0
CUST_14818,62,Female,63,80,43,3333.58,5,0
CUST_14819,53,Female,67,31,44,4206.78,3,0
CUST_14820,24,Female,26,225,113,8376.32,1,0
CUST_14821,63,Female,1,255,66,2163.53,0,0
CUST_14822,22,Female,68,209,45,6430.12,8,1
CUST_14823,41,Female,18,180,19,2096.82,7,0
CUST_14824,45,Male,12,305,115,11049.42,3,1
CUST_14825,60,Male,38,144,4,362.82,9,1
CUST_14826,34,Female,42,230,97,10921.2,0,0
CUST_14827,54,Male,36,314,98,8515.61,3,0
CUST_14828,37,Female,16,306,96,4238.27,4,1
CUST_14829,20,Male,65,334,57,911.26,0,0
CUST_14830,54,Male,67,64,82,5470.74,8,0
CUST_14831,43,Male,39,308,108,9837.46,6,1
CUST_14832,32,Male,59,40,9,586.68,6,0
CUST_14833,68,Female,38,243,101,8786.73,0,0
CUST_14834,65,Male,16,361,48,5028.4,8,1
CUST_14835,25,Female,11,245,36,4475.91,9,1
CUST_14836,30,Male,28,310,116,6416.75,7,0
CUST_14837,65,Male,2,97,67,6732.12,5,0
CUST_14838,20,Male,20,145,18,2437.02,3,0
CUST_14839,18,Female,38,56,40,1423.13,5,0
CUST_14840,26,Male,56,30,118,12769.58,3,0
CUST_14841,48,Female,39,108,89,12322.19,1,0
CUST_14842,58,Male,31,214,66,6971.64,8,0
CUST_14843,43,Male,23,221,108,2969.93,9,0
CUST_14844,34,Female,34,104,65,3459.51,1,0
CUST_14845,51,Female,17,181,88,3571.03,6,1
CUST_14846,26,Female,24,127,24,3316.05,2,0
CUST_14847,68,Male,35,198,53,7893.1,3,0
CUST_14848,30,Male,23,343,114,8371.41,2,1
CUST_14849,22,Female,8,33,42,5711.43,2,0
CUST_14850,58,Female,54,334,53,1761.44,5,0
CUST_14851,30,Male,21,234,104,1608.25,5,0
CUST_14852,18,Female,19,36,62,5687.24,1,0
CUST_14853,42,Male,31,18,62,9194.41,0,0
CUST_14854,64,Female,50,307,68,6182.4,5,0
CUST_14855,21,Male,71,232,114,16800.06,0,0
CUST_14856,53,Male,24,266,35,2654.78,5,0
CUST_14857,69,Male,46,295,99,6590.98,9,0
CUST_14858,27,Male,8,49,57,8008.11,5,0
CUST_14859,45,Female,3,58,61,1316.94,0,0
CUST_14860,23,Female,34,332,12,709.4,4,0
CUST_14861,44,Female,57,358,115,8610.3,3,0
CUST_14862,29,Male,58,151,49,1310.08,5,0
CUST_14863,69,Female,35,135,87,7378.29,7,0
CUST_14864,65,Male,21,301,113,7420.23,0,0
CUST_14865,20,Female,65,345,22,1627.83,1,0
CUST_14866,63,Male,66,311,90,9688.91,1,0
CUST_14867,50,Male,57,124,68,1665.83,8,0
CUST_14868,27,Female,42,183,71,10283.79,5,0
CUST_14869,48,Male,43,205,23,1967.16,9,1
CUST_14870,32,Female,26,147,95,12182.75,8,0
CUST_14871,24,Male,67,109,7,405.98,3,0
CUST_14872,53,Female,26,150,22,1261.15,8,0
CUST_14873,31,Female,8,233,103,14112.53,8,1
CUST_14874,65,Female,47,267,40,1234.37,0,0
CUST_14875,31,Female,37,131,19,551.19,8,0
CUST_14876,20,Male,18,147,53,5782.64,4,0
CUST_14877,66,Male,36,91,30,2337.41,9,0
CUST_14878,63,Male,2,219,26,2907.78,9,1
CUST_14879,67,Female,3,34,41,3011.11,6,0
CUST_14880,20,Female,34,11,22,958.88,4,0
CUST_14881,39,Male,46,261,61,6805.05,1,0
CUST_14882,36,Female,62,71,73,1479.89,4,0
CUST_14883,52,Female,70,164,46,3471.84,0,0
CUST_14884,29,Male,57,261,58,4461.24,0,0
CUST_14885,22,Female,10,184,29,740.09,1,0
CUST_14886,27,Female,18,133,96,4571.54,3,0
CUST_14887,58,Male,33,283,53,2655.1,9,1
CUST_14888,50,Male,7,349,18,2439.97,8,1
CUST_14889,30,Male,45,345,31,2610.4,5,0
CUST_14890,52,Female,29,234,32,3377.7,8,1
CUST_14891,68,Male,38,354,9,201.71,4,1
CUST_14892,49,Female,39,15,94,2723.16,8,0
CUST_14893,28,Male,25,105,37,3369.03,0,0
CUST_14894,65,Female,17,354,96,12263.11,0,0
CUST_14895,55,Female,61,20,8,177.22,5,0
CUST_14896,41,Female,51,248,24,3546.45,1,0
CUST_14897,52,Male,37,162,68,9148.36,6,0
CUST_14898,36,Male,67,127,52,6909.49,8,0
CUST_14899,23,Male,24,34,46,743.87,6,0
CUST_14900,57,Male,49,115,17,1187.67,8,0
CUST_14901,62,Male,21,219,21,2570.99,3,1
CUST_14902,61,Female,57,242,48,5635.76,6,1
CUST_14903,59,Female,41,21,9,554.95,9,0
CUST_14904,52,Male,17,225,69,9210.21,0,0
CUST_14905,21,Female,21,167,5,504.34,9,0
CUST_14906,50,Male,68,296,94,14023.23,5,0
CUST_14907,30,Male,64,172,6,361.13,8,0
CUST_14908,53,Female,44,164,102,10391.65,5,0
CUST_14909,60,Female,28,311,72,5206.05,6,0
CUST_14910,36,Male,36,217,48,4916.15,9,1
CUST_14911,60,Female,37,199,46,2303.17,0,0
CUST_14912,29,Female,44,50,97,6463.53,3,0
CUST_14913,28,Male,50,330,112,15775.31,6,0
CUST_14914,23,Male,55,330,79,4267.82,5,0
CUST_14915,29,Female,10,294,101,9978.29,8,1
CUST_14916,44,Female,38,280,73,10147.69,3,1
CUST_14917,58,Male,49,364,63,5036.08,2,0
CUST_14918,42,Male,2,59,3,326.51,0,0
CUST_14919,59,Female,44,173,31,3595.58,7,0
CUST_14920,20,Female,35,154,103,9110.85,0,0
CUST_14921,20,Female,21,222,7,463.07,4,0
CUST_14922,37,Male,57,219,16,1986.2,1,0
CUST_14923,45,Female,23,83,92,8262.13,5,0
CUST_14924,40,Female,32,267,99,3037.17,7,1
CUST_14925,65,Female,71,128,15,1995.95,3,0
CUST_14926,20,Female,33,186,7,386.09,0,0
CUST_14927,59,Female,17,230,99,8079.85,6,0
CUST_14928,41,Female,42,272,112,4912.75,4,0
CUST_14929,60,Female,17,1,95,7743.35,1,0
CUST_14930,57,Female,48,297,38,1233.07,5,0
CUST_14931,23,Female,48,15,8,731.56,5,0
CUST_14932,37,Female,57,80,112,9584.44,4,0
CUST_14933,28,Female,61,174,56,7027.21,5,0
CUST_14934,49,Male,44,32,102,9239.82,8,0
CUST_14935,44,Male,23,39,80,5614.43,8,0
CUST_14936,38,Male,53,193,98,7639.62,6,0
CUST_14937,61,Male,33,240,1,96.64,2,0
CUST_14938,65,Male,56,73,19,2438.52,8,0
CUST_14939,67,Female,28,93,78,1609.43,9,0
CUST_14940,30,Male,23,89,19,2661.71,6,0
CUST_14941,39,Male,63,254,87,2290.2,3,0
CUST_14942,52,Female,7,234,4,246.14,0,0
CUST_14943,64,Male,2,139,64,3864.59,9,1
CUST_14944,39,Female,65,198,98,8505.03,5,0
CUST_14945,45,Male,4,290,2,125.76,5,1
CUST_14946,38,Male,8,306,76,3389.71,5,1
CUST_14947,63,Female,49,172,23,1100.83,3,0
CUST_14948,35,Female,29,14,56,8288.83,8,0
CUST_14949,48,Female,55,328,107,13690.3,4,0
CUST_14950,63,Male,37,153,117,14477.44,0,0
CUST_14951,54,Male,6,196,82,5871.33,3,0
CUST_14952,38,Female,24,178,96,13572.93,9,1
CUST_14953,31,Male,40,95,51,1196.8,2,0
CUST_14954,42,Male,12,341,81,2585.3,7,1
CUST_14955,44,Male,64,237,31,1497.53,5,0
CUST_14956,57,Female,46,311,58,5894.47,9,1
CUST_14957,40,Female,14,78,36,1350.92,9,1
CUST_14958,48,Male,27,244,119,7182.82,6,0
CUST_14959,64,Male,37,220,90,3503.19,9,0
CUST_14960,46,Female,62,220,12,1475.46,1,0
CUST_14961,64,Male,67,207,35,4820.9,0,0
CUST_14962,47,Female,14,184,80,10384.43,1,0
CUST_14963,68,Female,39,115,4,74.75,5,0
CUST_14964,43,Female,5,124,28,1619.03,4,0
CUST_14965,37,Male,26,238,102,10309.51,7,0
CUST_14966,55,Female,53,108,33,498.09,3,0
CUST_14967,36,Male,63,47,101,11691.61,2,0
CUST_14968,44,Male,11,198,74,9789.14,3,0
CUST_14969,42,Male,33,51,31,789.68,8,1
CUST_14970,57,Male,41,194,78,5710.77,7,0
CUST_14971,55,Male,40,70,5,279.4,7,0
CUST_14972,69,Female,46,87,10,1428.37,5,0
CUST_14973,40,Male,4,75,25,1470.98,4,0
CUST_14974,46,Female,11,193,41,3830.48,7,1
CUST_14975,32,Male,27,220,109,1768.32,3,0
CUST_14976,20,Male,8,278,17,2175.0,9,1
CUST_14977,27,Male,21,333,115,2179.67,5,0
CUST_14978,32,Female,5,233,61,5602.62,8,1
CUST_14979,33,Female,62,228,84,9659.69,2,0
CUST_14980,34,Female,32,44,60,4112.65,8,0
CUST_14981,36,Female,58,297,33,636.08,7,0
CUST_14982,28,Female,27,255,9,1229.38,2,0
CUST_14983,65,Male,26,250,50,3221.0,6,0
CUST_14984,22,Female,40,273,31,2415.88,4,0
CUST_14985,22,Female,29,173,5,623.83,6,1
CUST_14986,31,Male,7,236,46,4792.75,3,0
CUST_14987,67,Male,21,46,93,5480.02,2,0
CUST_14988,43,Female,67,221,115,10118.45,6,0
CUST_14989,25,Female,10,143,111,3073.05,5,0
CUST_14990,22,Female,62,233,4,319.83,4,0
CUST_14991,24,Male,8,266,31,2257.35,3,0
CUST_14992,33,Female,4,190,4,470.37,5,0
CUST_14993,31,Male,29,183,18,2214.0,0,0
CUST_14994,54,Male,12,314,82,10885.83,7,0
CUST_14995,58,Male,51,357,104,13595.62,5,0
CUST_14996,21,Male,19,191,34,5092.41,4,0
CUST_14997,53,Female,31,139,48,5304.32,7,1
CUST_14998,65,Female,26,35,63,6224.31,3,0
CUST_14999,34,Female,6,352,14,488.16,1,0
CUST_15000,64,Female,29,342,90,7038.15,4,1
